<?xml version="1.0" encoding="UTF-8"?>
<jcr:root xmlns:jcr="http://www.jcp.org/jcr/1.0" xmlns:dam="http://www.day.com/dam/1.0" xmlns:nt="http://www.jcp.org/jcr/nt/1.0" xmlns:mix="http://www.jcp.org/jcr/mix/1.0" xmlns:cq="http://www.day.com/jcr/cq/1.0"
    jcr:isCheckedOut="{Boolean}true"
    jcr:mixinTypes="[mix:referenceable,mix:versionable]"
    jcr:primaryType="dam:Asset"
    jcr:uuid="e867f117-f253-4074-aa08-a2f2b7c38235">
    <jcr:content
        cq:isDelivered="{Boolean}false"
        cq:lastModified="{Date}2025-11-28T15:48:23.860+05:30"
        cq:lastModifiedBy="admin"
        cq:lastReplicationAction_publish="Activate"
        cq:name="internet-calling-plans"
        cq:parentPath="/content/dam/daas/cfm/footer-quicklinks/quick-links"
        jcr:lastModified="{Date}2023-10-22T09:15:28.873Z"
        jcr:lastModifiedBy="azaraheem@etisalat.ae"
        jcr:mixinTypes="[cq:ReplicationStatus,cq:ReplicationStatus2]"
        jcr:primaryType="dam:AssetContent"
        jcr:title="Internet Calling Plans"
        contentFragment="{Boolean}true"
        lastFragmentSave="{Date}2023-10-22T09:15:28.873Z">
        <data
            cq:model="/conf/daas/settings/dam/cfm/models/business-menu-generic-link"
            jcr:primaryType="nt:unstructured"
            _strucVersion="{Long}1">
            <master
                jcr:mixinTypes="[cq:Taggable,dam:cfVariationNode]"
                jcr:primaryType="nt:unstructured"
                actionImage_x0040_LastModified="{Date}2023-10-22T08:50:59.162Z"
                ctaText_x0040_LastModified="{Date}2023-10-22T08:50:59.162Z"
                linkType_x0040_LastModified="{Date}2023-10-22T08:50:59.162Z"
                sameTabOrNewTab="_self"
                sameTabOrNewTab_x0040_LastModified="{Date}2023-10-22T09:15:10.774Z"
                subDescription_x0040_LastModified="{Date}2023-10-22T08:50:59.162Z"
                subHeading="Internet Calling Plans"
                subHeading_x0040_LastModified="{Date}2023-10-22T09:15:10.772Z"
                subLink="/en/smb/products/mobile/mobile-plans/internet-calling-plans.html"
                subLink_x0040_LastModified="{Date}2023-10-22T09:15:10.773Z"/>
            <ar
                jcr:mixinTypes="[cq:Taggable,dam:cfVariationNode]"
                jcr:primaryType="nt:unstructured"
                _x0040_variationCreationDate="{Date}2023-10-22T09:15:16.877Z"
                actionImage_x0040_LastModified="{Date}2023-10-22T09:15:16.879Z"
                ctaText_x0040_LastModified="{Date}2023-10-22T09:15:16.879Z"
                linkType_x0040_LastModified="{Date}2023-10-22T09:15:16.879Z"
                sameTabOrNewTab="_self"
                sameTabOrNewTab_x0040_LastModified="{Date}2023-10-22T09:15:16.879Z"
                subDescription_x0040_LastModified="{Date}2023-10-22T09:15:16.879Z"
                subHeading="باقات مكالمات الإنترنت"
                subHeading_x0040_LastModified="{Date}2023-10-22T09:15:28.662Z"
                subLink="/ar/smb/products/mobile/mobile-plans/internet-calling-plans.html"
                subLink_x0040_LastModified="{Date}2023-10-22T09:15:28.662Z"/>
        </data>
        <indexedData jcr:primaryType="nt:unstructured">
            <master
                jcr:mixinTypes="[dam:IndexedFragmentData]"
                jcr:primaryType="nt:unstructured"
                jcr:uuid="3856d989-d424-4ae0-856d-84bcbd6ea75c"
                _x0040_string_x0040_model="/conf/daas/settings/dam/cfm/models/business-menu-generic-link"
                _x0040_stringArray_x0040_variations="[ar]"
                string_x0040_sameTabOrNewTab="_self"
                string_x0040_subHeading="Internet Calling Plans"
                string_x0040_subLink="/en/smb/products/mobile/mobile-plans/internet-calling-plans.html"/>
            <ar
                jcr:mixinTypes="[dam:IndexedFragmentData]"
                jcr:primaryType="nt:unstructured"
                jcr:uuid="f0713dc7-23fb-4d6b-a4b8-e23fe0767739"
                _x0040_string_x0040_model="/conf/daas/settings/dam/cfm/models/business-menu-generic-link"
                string_x0040_sameTabOrNewTab="_self"
                string_x0040_subHeading="باقات مكالمات الإنترنت"
                string_x0040_subLink="/ar/smb/products/mobile/mobile-plans/internet-calling-plans.html"/>
        </indexedData>
        <metadata
            jcr:mixinTypes="[cq:Taggable]"
            jcr:primaryType="nt:unstructured"/>
        <model jcr:primaryType="nt:unstructured">
            <variations jcr:primaryType="nt:unstructured">
                <ar
                    jcr:description="\0"
                    jcr:mixinTypes="[cq:Taggable]"
                    jcr:primaryType="nt:unstructured"
                    jcr:title="Ar"
                    name="ar">
                    <properties
                        jcr:primaryType="nt:unstructured"
                        synchronizeWithVersion="[subHeading:b558d978-9dad-4944-9d06-4b8595fbae01,subDescription:b558d978-9dad-4944-9d06-4b8595fbae01,linkType:b558d978-9dad-4944-9d06-4b8595fbae01,ctaText:b558d978-9dad-4944-9d06-4b8595fbae01,subLink:b558d978-9dad-4944-9d06-4b8595fbae01,sameTabOrNewTab:b558d978-9dad-4944-9d06-4b8595fbae01,actionImage:b558d978-9dad-4944-9d06-4b8595fbae01]"/>
                </ar>
            </variations>
        </model>
        <related jcr:primaryType="nt:unstructured"/>
    </jcr:content>
</jcr:root>
