<?xml version="1.0" encoding="UTF-8"?>
<jcr:root xmlns:jcr="http://www.jcp.org/jcr/1.0" xmlns:dam="http://www.day.com/dam/1.0" xmlns:nt="http://www.jcp.org/jcr/nt/1.0" xmlns:mix="http://www.jcp.org/jcr/mix/1.0" xmlns:cq="http://www.day.com/jcr/cq/1.0"
    jcr:isCheckedOut="{Boolean}true"
    jcr:mixinTypes="[cq:contentFragment,mix:referenceable,mix:versionable]"
    jcr:primaryType="dam:Asset"
    jcr:uuid="cf380db1-893c-45a8-ac33-444421374706">
    <jcr:content
        cq:isDelivered="{Boolean}false"
        cq:lastModified="{Date}2025-11-28T12:13:50.723Z"
        cq:lastModifiedBy="maripaul@eand.com"
        cq:lastReplicated="{Date}2025-12-12T11:08:27.477Z"
        cq:lastReplicated_publish="{Date}2025-12-12T11:08:27.477Z"
        cq:lastReplicatedBy="workflow-process-service"
        cq:lastReplicatedBy_publish="workflow-process-service"
        cq:lastReplicationAction="Activate"
        cq:lastReplicationAction_publish="Activate"
        cq:name="easy-prepaid"
        cq:parentPath="/content/dam/daas/cfm/header/mega-menu/mega-menu-footer"
        jcr:lastModified="{Date}2023-10-21T18:23:49.145Z"
        jcr:lastModifiedBy="azaraheem@etisalat.ae"
        jcr:mixinTypes="[cq:ReplicationStatus,cq:ReplicationStatus2]"
        jcr:primaryType="dam:AssetContent"
        jcr:title="Easy Prepaid"
        contentFragment="{Boolean}true"
        lastFragmentSave="{Date}2023-10-21T18:23:49.145Z">
        <data
            cq:model="/conf/daas/settings/dam/cfm/models/business-menu-generic-link"
            jcr:primaryType="nt:unstructured"
            _strucVersion="{Long}1">
            <master
                jcr:mixinTypes="[cq:Taggable,dam:cfVariationNode]"
                jcr:primaryType="nt:unstructured"
                actionImage_x0040_LastModified="{Date}2023-10-21T18:23:07.945Z"
                ctaText_x0040_LastModified="{Date}2023-10-21T18:23:07.945Z"
                linkType_x0040_LastModified="{Date}2023-10-21T18:23:07.945Z"
                sameTabOrNewTab="_self"
                sameTabOrNewTab_x0040_LastModified="{Date}2023-10-21T18:23:28.580Z"
                subDescription_x0040_LastModified="{Date}2023-10-21T18:23:07.945Z"
                subHeading="Easy Prepaid"
                subHeading_x0040_LastModified="{Date}2023-10-21T18:23:28.579Z"
                subLink="#"
                subLink_x0040_LastModified="{Date}2023-10-21T18:23:28.580Z"/>
            <ar
                jcr:mixinTypes="[cq:Taggable,dam:cfVariationNode]"
                jcr:primaryType="nt:unstructured"
                _x0040_variationCreationDate="{Date}2023-10-21T18:23:35.296Z"
                actionImage_x0040_LastModified="{Date}2023-10-21T18:23:35.300Z"
                ctaText_x0040_LastModified="{Date}2023-10-21T18:23:35.299Z"
                linkType_x0040_LastModified="{Date}2023-10-21T18:23:35.299Z"
                sameTabOrNewTab="_self"
                sameTabOrNewTab_x0040_LastModified="{Date}2023-10-21T18:23:35.300Z"
                subDescription_x0040_LastModified="{Date}2023-10-21T18:23:35.298Z"
                subHeading="Easy Prepaid"
                subHeading_x0040_LastModified="{Date}2023-10-21T18:23:35.298Z"
                subLink="#"
                subLink_x0040_LastModified="{Date}2023-10-21T18:23:48.918Z"/>
        </data>
        <indexedData jcr:primaryType="nt:unstructured">
            <master
                jcr:mixinTypes="[dam:IndexedFragmentData]"
                jcr:primaryType="nt:unstructured"
                jcr:uuid="2a5d9794-b63e-4677-a459-53d503e870c8"
                _x0040_string_x0040_model="/conf/daas/settings/dam/cfm/models/business-menu-generic-link"
                _x0040_stringArray_x0040_variations="[ar]"
                string_x0040_sameTabOrNewTab="_self"
                string_x0040_subHeading="Easy Prepaid"
                string_x0040_subLink="#"/>
            <ar
                jcr:mixinTypes="[dam:IndexedFragmentData]"
                jcr:primaryType="nt:unstructured"
                jcr:uuid="87ef1d20-4a7f-4e49-8207-46cf579af635"
                _x0040_string_x0040_model="/conf/daas/settings/dam/cfm/models/business-menu-generic-link"
                string_x0040_sameTabOrNewTab="_self"
                string_x0040_subHeading="Easy Prepaid"
                string_x0040_subLink="#"/>
        </indexedData>
        <metadata
            jcr:mixinTypes="[cq:Taggable]"
            jcr:primaryType="nt:unstructured"/>
        <model jcr:primaryType="nt:unstructured">
            <variations jcr:primaryType="nt:unstructured">
                <ar
                    jcr:description="\0"
                    jcr:mixinTypes="[cq:Taggable]"
                    jcr:primaryType="nt:unstructured"
                    jcr:title="Ar"
                    name="ar">
                    <properties
                        jcr:primaryType="nt:unstructured"
                        synchronizeWithVersion="[subHeading:2dc79b0e-3d8a-462d-8820-71e8977c924a,subDescription:2dc79b0e-3d8a-462d-8820-71e8977c924a,linkType:2dc79b0e-3d8a-462d-8820-71e8977c924a,ctaText:2dc79b0e-3d8a-462d-8820-71e8977c924a,subLink:2dc79b0e-3d8a-462d-8820-71e8977c924a,sameTabOrNewTab:2dc79b0e-3d8a-462d-8820-71e8977c924a,actionImage:2dc79b0e-3d8a-462d-8820-71e8977c924a]"/>
                </ar>
            </variations>
        </model>
        <related jcr:primaryType="nt:unstructured"/>
    </jcr:content>
</jcr:root>
