<?xml version="1.0" encoding="UTF-8"?>
<jcr:root xmlns:jcr="http://www.jcp.org/jcr/1.0" xmlns:dam="http://www.day.com/dam/1.0" xmlns:nt="http://www.jcp.org/jcr/nt/1.0" xmlns:mix="http://www.jcp.org/jcr/mix/1.0" xmlns:cq="http://www.day.com/jcr/cq/1.0"
    jcr:isCheckedOut="{Boolean}true"
    jcr:mixinTypes="[cq:contentFragment,mix:referenceable,mix:versionable]"
    jcr:primaryType="dam:Asset"
    jcr:uuid="58b41033-11db-4e8e-90ae-1b4452e6e74a">
    <jcr:content
        cq:isDelivered="{Boolean}false"
        cq:lastModified="{Date}2025-11-28T12:13:52.434Z"
        cq:lastModifiedBy="maripaul@eand.com"
        cq:lastReplicated="{Date}2025-12-12T11:08:37.533Z"
        cq:lastReplicated_publish="{Date}2025-12-12T11:08:37.533Z"
        cq:lastReplicatedBy="workflow-process-service"
        cq:lastReplicatedBy_publish="workflow-process-service"
        cq:lastReplicationAction="Activate"
        cq:lastReplicationAction_publish="Activate"
        cq:name="project-management"
        cq:parentPath="/content/dam/daas/cfm/header/mega-menu/productivity"
        jcr:lastModified="{Date}2025-03-11T22:34:22.651Z"
        jcr:lastModifiedBy="suvenkatachalam@eand.com"
        jcr:mixinTypes="[cq:ReplicationStatus,cq:ReplicationStatus2]"
        jcr:primaryType="dam:AssetContent"
        jcr:title="Project Management"
        contentFragment="{Boolean}true"
        lastFragmentSave="{Date}2025-03-11T22:34:22.651Z">
        <data
            cq:model="/conf/daas/settings/dam/cfm/models/business-menu-generic-link"
            jcr:primaryType="nt:unstructured"
            _strucVersion="{Long}1">
            <master
                jcr:mixinTypes="[cq:Taggable,dam:cfVariationNode]"
                jcr:primaryType="nt:unstructured"
                actionImage_x0040_LastModified="{Date}2023-10-21T19:22:28.302Z"
                ctaText_x0040_LastModified="{Date}2023-10-21T19:22:28.302Z"
                linkType_x0040_LastModified="{Date}2023-10-21T19:22:28.302Z"
                sameTabOrNewTab="_self"
                sameTabOrNewTab_x0040_LastModified="{Date}2023-10-21T19:22:43.675Z"
                subDescription_x0040_LastModified="{Date}2023-10-21T19:22:28.302Z"
                subHeading="Project Management"
                subHeading_x0040_LastModified="{Date}2023-10-21T19:22:43.674Z"
                subLink="#"
                subLink_x0040_LastModified="{Date}2025-03-11T22:34:12.896Z"
                subLink_x0040_LastModifiedBy="suvenkatachalam@eand.com"/>
            <ar
                jcr:mixinTypes="[cq:Taggable,dam:cfVariationNode]"
                jcr:primaryType="nt:unstructured"
                _x0040_variationCreationDate="{Date}2023-10-21T19:22:47.990Z"
                actionImage_x0040_LastModified="{Date}2023-10-21T19:22:47.992Z"
                ctaText_x0040_LastModified="{Date}2023-10-21T19:22:47.992Z"
                linkType_x0040_LastModified="{Date}2023-10-21T19:22:47.991Z"
                sameTabOrNewTab="_self"
                sameTabOrNewTab_x0040_LastModified="{Date}2023-10-21T19:22:47.992Z"
                subDescription_x0040_LastModified="{Date}2023-10-21T19:22:47.991Z"
                subHeading="إدارة المشاريع"
                subHeading_x0040_LastModified="{Date}2023-10-21T19:22:58.397Z"
                subLink="#"
                subLink_x0040_LastModified="{Date}2025-03-11T22:34:22.439Z"
                subLink_x0040_LastModifiedBy="suvenkatachalam@eand.com"/>
        </data>
        <indexedData jcr:primaryType="nt:unstructured">
            <master
                jcr:mixinTypes="[dam:IndexedFragmentData]"
                jcr:primaryType="nt:unstructured"
                jcr:uuid="1cbfa115-12da-48c5-91f9-fea007879324"
                _x0040_string_x0040_model="/conf/daas/settings/dam/cfm/models/business-menu-generic-link"
                _x0040_stringArray_x0040_variations="[ar]"
                string_x0040_sameTabOrNewTab="_self"
                string_x0040_subHeading="Project Management"
                string_x0040_subLink="#"/>
            <ar
                jcr:mixinTypes="[dam:IndexedFragmentData]"
                jcr:primaryType="nt:unstructured"
                jcr:uuid="721905f5-6e53-4070-a7c8-8e9bb49dc7fb"
                _x0040_string_x0040_model="/conf/daas/settings/dam/cfm/models/business-menu-generic-link"
                string_x0040_sameTabOrNewTab="_self"
                string_x0040_subHeading="إدارة المشاريع"
                string_x0040_subLink="#"/>
        </indexedData>
        <metadata
            jcr:mixinTypes="[cq:Taggable]"
            jcr:primaryType="nt:unstructured">
            <dam:cfVariations jcr:primaryType="nt:unstructured">
                <ar
                    jcr:mixinTypes="[cq:Taggable]"
                    jcr:primaryType="nt:unstructured"/>
            </dam:cfVariations>
        </metadata>
        <model jcr:primaryType="nt:unstructured">
            <variations jcr:primaryType="nt:unstructured">
                <ar
                    jcr:description="\0"
                    jcr:mixinTypes="[cq:Taggable]"
                    jcr:primaryType="nt:unstructured"
                    jcr:title="Ar"
                    name="ar">
                    <properties
                        jcr:primaryType="nt:unstructured"
                        synchronizeWithVersion="[subHeading:b8a284db-667e-40e8-8489-cb9b4ccf9aa9,subDescription:b8a284db-667e-40e8-8489-cb9b4ccf9aa9,linkType:b8a284db-667e-40e8-8489-cb9b4ccf9aa9,ctaText:b8a284db-667e-40e8-8489-cb9b4ccf9aa9,subLink:b8a284db-667e-40e8-8489-cb9b4ccf9aa9,sameTabOrNewTab:b8a284db-667e-40e8-8489-cb9b4ccf9aa9,actionImage:b8a284db-667e-40e8-8489-cb9b4ccf9aa9]"/>
                </ar>
            </variations>
        </model>
        <related jcr:primaryType="nt:unstructured"/>
    </jcr:content>
</jcr:root>
