<?xml version="1.0" encoding="UTF-8"?>
<jcr:root xmlns:jcr="http://www.jcp.org/jcr/1.0" xmlns:sling="http://sling.apache.org/jcr/sling/1.0" xmlns:cq="http://www.day.com/jcr/cq/1.0"
    jcr:description="\0"
    jcr:primaryType="cq:Tag"
    jcr:title="Component Name"
    sling:resourceType="cq/tagging/components/tag">
    <hero-banner/>
    <category-cards/>
    <tab-with-quicklinks/>
    <cross-promo/>
    <context-nav/>
    <main-text/>
    <promo-banner/>
    <newsletter/>
    <media-cta/>
    <icon-cards/>
    <qr-code/>
    <product-title-bar/>
    <faqs/>
    <feature-and-specs/>
    <special-offer-feature-banner/>
    <terms-and-conditions/>
    <product-details-tab/>
</jcr:root>
