<?xml version="1.0" encoding="UTF-8"?>
<jcr:root xmlns:jcr="http://www.jcp.org/jcr/1.0" xmlns:nt="http://www.jcp.org/jcr/nt/1.0" xmlns:cq="http://www.day.com/jcr/cq/1.0"
    jcr:primaryType="cq:Page">
    <jcr:content jcr:primaryType="nt:unstructured"/>
    <b2b-transformation-faq/>
    <b2b-transformation-faq-sec/>
    <b2b-form-generic/>
    <b2b-sticky-bar-sub-sec/>
    <b2b-form-sub-sec/>
    <b2b-transformation-filter-generic/>
    <b2b-transformation-included-apps/>
    <b2b-transformation-main/>
    <b2b-sticky-bar-generic/>
    <b2b-transformation-plan-card-generic/>
    <b2b-form-field-sec/>
    <b2b-transformation-tab-generic/>
    <b2b-transformation-filter-sub-sec/>
    <b2b-transformation-tab-sub-sec/>
    <b2b-transformation-features-generic/>
    <b2b-transformation-sub-sec/>
    <b2b-transformation-generic/>
    <business-mega-menu-sub-section/>
    <business-footer-maintitle-section/>
    <business-footer/>
    <business-menu-promo-section/>
    <business-eand-navigation/>
    <business-menu-root-section/>
    <business-menu-generic-link/>
    <business-mega-menu-main-section/>
    <business-top-nav-drop-down-sec/>
</jcr:root>
