<?xml version="1.0" encoding="UTF-8"?>
<jcr:root xmlns:jcr="http://www.jcp.org/jcr/1.0" xmlns:dam="http://www.day.com/dam/1.0" xmlns:nt="http://www.jcp.org/jcr/nt/1.0" xmlns:mix="http://www.jcp.org/jcr/mix/1.0" xmlns:cq="http://www.day.com/jcr/cq/1.0"
    jcr:isCheckedOut="{Boolean}true"
    jcr:mixinTypes="[mix:referenceable,mix:versionable]"
    jcr:primaryType="dam:Asset"
    jcr:uuid="8ead447d-8aec-4895-8293-e2391be15e43">
    <jcr:content
        cq:isDelivered="{Boolean}false"
        cq:lastModified="{Date}2025-11-28T15:48:23.245+05:30"
        cq:lastModifiedBy="admin"
        cq:lastReplicationAction_publish="Activate"
        cq:name="google-play"
        cq:parentPath="/content/dam/daas/cfm/footer-quicklinks/patners"
        jcr:lastModified="{Date}2025-03-13T06:09:06.005Z"
        jcr:lastModifiedBy="suvenkatachalam@eand.com"
        jcr:mixinTypes="[cq:ReplicationStatus,cq:ReplicationStatus2]"
        jcr:primaryType="dam:AssetContent"
        jcr:title="Google Play"
        contentFragment="{Boolean}true"
        lastFragmentSave="{Date}2025-03-13T06:09:06.005Z">
        <data
            cq:model="/conf/daas/settings/dam/cfm/models/business-menu-generic-link"
            jcr:primaryType="nt:unstructured"
            _strucVersion="{Long}1">
            <master
                jcr:mixinTypes="[cq:Taggable,dam:cfVariationNode]"
                jcr:primaryType="nt:unstructured"
                actionImage="/content/dam/etisalat/svg-icons/img-googleplay.png"
                actionImage_x0040_LastModified="{Date}2025-03-13T06:08:56.714Z"
                actionImage_x0040_LastModifiedBy="suvenkatachalam@eand.com"
                ctaText_x0040_LastModified="{Date}2023-10-22T10:01:34.001Z"
                linkType_x0040_LastModified="{Date}2023-10-22T10:01:34.001Z"
                sameTabOrNewTab="_blank"
                sameTabOrNewTab_x0040_LastModified="{Date}2023-10-22T10:02:46.248Z"
                subDescription_x0040_LastModified="{Date}2023-10-22T10:01:34.001Z"
                subHeading_x0040_LastModified="{Date}2023-10-22T10:01:34.001Z"
                subLink="https://play.google.com/store/apps/details?id=ae.etisalat.smb"
                subLink_x0040_LastModified="{Date}2023-10-22T10:02:46.248Z"/>
            <ar
                jcr:mixinTypes="[cq:Taggable,dam:cfVariationNode]"
                jcr:primaryType="nt:unstructured"
                _x0040_variationCreationDate="{Date}2023-10-22T10:03:01.878Z"
                actionImage="/content/dam/etisalat/svg-icons/img-googleplay.png"
                actionImage_x0040_LastModified="{Date}2025-03-13T06:09:05.759Z"
                actionImage_x0040_LastModifiedBy="suvenkatachalam@eand.com"
                ctaText_x0040_LastModified="{Date}2023-10-22T10:03:01.879Z"
                linkType_x0040_LastModified="{Date}2023-10-22T10:03:01.879Z"
                sameTabOrNewTab="_blank"
                sameTabOrNewTab_x0040_LastModified="{Date}2023-10-22T10:03:01.880Z"
                subDescription_x0040_LastModified="{Date}2023-10-22T10:03:01.879Z"
                subHeading_x0040_LastModified="{Date}2023-10-22T10:03:01.879Z"
                subLink="https://play.google.com/store/apps/details?id=ae.etisalat.smb"
                subLink_x0040_LastModified="{Date}2023-10-22T10:03:01.880Z"/>
        </data>
        <indexedData jcr:primaryType="nt:unstructured">
            <master
                jcr:mixinTypes="[dam:IndexedFragmentData]"
                jcr:primaryType="nt:unstructured"
                jcr:uuid="1d469530-36bb-45c2-98e0-3a3c396d1751"
                _x0040_string_x0040_model="/conf/daas/settings/dam/cfm/models/business-menu-generic-link"
                _x0040_stringArray_x0040_variations="[ar]"
                string_x0040_sameTabOrNewTab="_blank"
                string_x0040_subLink="https://play.google.com/store/apps/details?id=ae.etisalat.smb"/>
            <ar
                jcr:mixinTypes="[dam:IndexedFragmentData]"
                jcr:primaryType="nt:unstructured"
                jcr:uuid="f129e542-26c2-44a8-b079-4baba5efc450"
                _x0040_string_x0040_model="/conf/daas/settings/dam/cfm/models/business-menu-generic-link"
                string_x0040_sameTabOrNewTab="_blank"
                string_x0040_subLink="https://play.google.com/store/apps/details?id=ae.etisalat.smb"/>
        </indexedData>
        <metadata
            jcr:mixinTypes="[cq:Taggable]"
            jcr:primaryType="nt:unstructured">
            <dam:cfVariations jcr:primaryType="nt:unstructured">
                <ar
                    jcr:mixinTypes="[cq:Taggable]"
                    jcr:primaryType="nt:unstructured"/>
            </dam:cfVariations>
        </metadata>
        <model jcr:primaryType="nt:unstructured">
            <variations jcr:primaryType="nt:unstructured">
                <ar
                    jcr:description="\0"
                    jcr:mixinTypes="[cq:Taggable]"
                    jcr:primaryType="nt:unstructured"
                    jcr:title="Ar"
                    name="ar">
                    <properties
                        jcr:primaryType="nt:unstructured"
                        synchronizeWithVersion="[subHeading:474be803-7f0c-4c82-9d42-6ddd79ae443d,subDescription:474be803-7f0c-4c82-9d42-6ddd79ae443d,linkType:474be803-7f0c-4c82-9d42-6ddd79ae443d,ctaText:474be803-7f0c-4c82-9d42-6ddd79ae443d,subLink:474be803-7f0c-4c82-9d42-6ddd79ae443d,sameTabOrNewTab:474be803-7f0c-4c82-9d42-6ddd79ae443d,actionImage:474be803-7f0c-4c82-9d42-6ddd79ae443d]"/>
                </ar>
            </variations>
        </model>
        <related jcr:primaryType="nt:unstructured"/>
    </jcr:content>
</jcr:root>
