<?xml version="1.0" encoding="UTF-8"?>
<jcr:root xmlns:jcr="http://www.jcp.org/jcr/1.0" xmlns:dam="http://www.day.com/dam/1.0" xmlns:nt="http://www.jcp.org/jcr/nt/1.0" xmlns:mix="http://www.jcp.org/jcr/mix/1.0" xmlns:cq="http://www.day.com/jcr/cq/1.0"
    jcr:isCheckedOut="{Boolean}true"
    jcr:mixinTypes="[cq:contentFragment,mix:referenceable,mix:versionable]"
    jcr:primaryType="dam:Asset"
    jcr:uuid="1a780d26-c667-40ff-b3fe-e19b1974dbe2">
    <jcr:content
        cq:isDelivered="{Boolean}false"
        cq:lastModified="{Date}2025-11-28T12:13:47.079Z"
        cq:lastModifiedBy="maripaul@eand.com"
        cq:lastReplicated="{Date}2025-12-12T11:08:27.477Z"
        cq:lastReplicated_publish="{Date}2025-12-12T11:08:27.477Z"
        cq:lastReplicatedBy="workflow-process-service"
        cq:lastReplicatedBy_publish="workflow-process-service"
        cq:lastReplicationAction="Activate"
        cq:lastReplicationAction_publish="Activate"
        cq:name="manufacturing"
        cq:parentPath="/content/dam/daas/cfm/header/mega-menu/enterprise-industry-solutions"
        jcr:lastModified="{Date}2025-03-12T00:33:29.795Z"
        jcr:lastModifiedBy="suvenkatachalam@eand.com"
        jcr:mixinTypes="[cq:ReplicationStatus,cq:ReplicationStatus2]"
        jcr:primaryType="dam:AssetContent"
        jcr:title="Manufacturing"
        contentFragment="{Boolean}true"
        lastFragmentSave="{Date}2025-03-12T00:33:29.795Z">
        <data
            cq:model="/conf/daas/settings/dam/cfm/models/business-menu-generic-link"
            jcr:primaryType="nt:unstructured"
            _strucVersion="{Long}1">
            <master
                jcr:mixinTypes="[cq:Taggable,dam:cfVariationNode]"
                jcr:primaryType="nt:unstructured"
                actionImage_x0040_LastModified="{Date}2023-10-21T18:08:48.255Z"
                ctaText_x0040_LastModified="{Date}2023-10-21T18:08:48.255Z"
                linkType_x0040_LastModified="{Date}2023-10-21T18:08:48.255Z"
                sameTabOrNewTab="_self"
                sameTabOrNewTab_x0040_LastModified="{Date}2023-10-21T18:09:05.974Z"
                subDescription_x0040_LastModified="{Date}2023-10-21T18:08:48.255Z"
                subHeading="Manufacturing"
                subHeading_x0040_LastModified="{Date}2025-03-12T00:33:00.244Z"
                subHeading_x0040_LastModifiedBy="suvenkatachalam@eand.com"
                subLink="#"
                subLink_x0040_LastModified="{Date}2025-03-12T00:33:00.257Z"
                subLink_x0040_LastModifiedBy="suvenkatachalam@eand.com"/>
            <ar
                jcr:mixinTypes="[cq:Taggable,dam:cfVariationNode]"
                jcr:primaryType="nt:unstructured"
                _x0040_variationCreationDate="{Date}2023-10-21T18:09:10.623Z"
                actionImage_x0040_LastModified="{Date}2023-10-21T18:09:10.625Z"
                ctaText_x0040_LastModified="{Date}2023-10-21T18:09:10.625Z"
                linkType_x0040_LastModified="{Date}2023-10-21T18:09:10.625Z"
                sameTabOrNewTab="_self"
                sameTabOrNewTab_x0040_LastModified="{Date}2023-10-21T18:09:10.625Z"
                subDescription_x0040_LastModified="{Date}2023-10-21T18:09:10.624Z"
                subHeading="التصنيع"
                subHeading_x0040_LastModified="{Date}2025-03-12T00:33:29.578Z"
                subHeading_x0040_LastModifiedBy="suvenkatachalam@eand.com"
                subLink="#"
                subLink_x0040_LastModified="{Date}2025-03-12T00:33:29.580Z"
                subLink_x0040_LastModifiedBy="suvenkatachalam@eand.com"/>
        </data>
        <indexedData jcr:primaryType="nt:unstructured">
            <master
                jcr:mixinTypes="[dam:IndexedFragmentData]"
                jcr:primaryType="nt:unstructured"
                jcr:uuid="269266c5-0df0-478d-ab2c-54c58ac16dde"
                _x0040_string_x0040_model="/conf/daas/settings/dam/cfm/models/business-menu-generic-link"
                _x0040_stringArray_x0040_variations="[ar]"
                string_x0040_sameTabOrNewTab="_self"
                string_x0040_subHeading="Manufacturing"
                string_x0040_subLink="#"/>
            <ar
                jcr:mixinTypes="[dam:IndexedFragmentData]"
                jcr:primaryType="nt:unstructured"
                jcr:uuid="ca5a0cd7-844f-43bb-8575-33cfc8312d62"
                _x0040_string_x0040_model="/conf/daas/settings/dam/cfm/models/business-menu-generic-link"
                string_x0040_sameTabOrNewTab="_self"
                string_x0040_subHeading="التصنيع"
                string_x0040_subLink="#"/>
        </indexedData>
        <metadata
            jcr:mixinTypes="[cq:Taggable]"
            jcr:primaryType="nt:unstructured">
            <dam:cfVariations jcr:primaryType="nt:unstructured">
                <ar
                    jcr:mixinTypes="[cq:Taggable]"
                    jcr:primaryType="nt:unstructured"/>
            </dam:cfVariations>
        </metadata>
        <model jcr:primaryType="nt:unstructured">
            <variations jcr:primaryType="nt:unstructured">
                <ar
                    jcr:description="\0"
                    jcr:mixinTypes="[cq:Taggable]"
                    jcr:primaryType="nt:unstructured"
                    jcr:title="Ar"
                    name="ar">
                    <properties
                        jcr:primaryType="nt:unstructured"
                        synchronizeWithVersion="[subHeading:bd093098-c282-491d-8165-ec97aa737106,subDescription:bd093098-c282-491d-8165-ec97aa737106,linkType:bd093098-c282-491d-8165-ec97aa737106,ctaText:bd093098-c282-491d-8165-ec97aa737106,subLink:bd093098-c282-491d-8165-ec97aa737106,sameTabOrNewTab:bd093098-c282-491d-8165-ec97aa737106,actionImage:bd093098-c282-491d-8165-ec97aa737106]"/>
                </ar>
            </variations>
        </model>
        <related jcr:primaryType="nt:unstructured"/>
    </jcr:content>
</jcr:root>
