<?xml version="1.0" encoding="UTF-8"?>
<jcr:root xmlns:jcr="http://www.jcp.org/jcr/1.0" xmlns:dam="http://www.day.com/dam/1.0" xmlns:nt="http://www.jcp.org/jcr/nt/1.0" xmlns:mix="http://www.jcp.org/jcr/mix/1.0" xmlns:cq="http://www.day.com/jcr/cq/1.0"
    jcr:isCheckedOut="{Boolean}true"
    jcr:mixinTypes="[mix:referenceable,mix:versionable]"
    jcr:primaryType="dam:Asset"
    jcr:uuid="eb48fd9f-744d-4f1c-a960-488822fdb25d">
    <jcr:content
        cq:isDelivered="{Boolean}false"
        cq:lastReplicated="{Date}2025-04-08T09:50:50.047Z"
        cq:lastReplicated_publish="{Date}2025-04-08T09:50:50.047Z"
        cq:lastReplicatedBy="workflow-process-service"
        cq:lastReplicatedBy_publish="workflow-process-service"
        cq:lastReplicationAction="Activate"
        cq:lastReplicationAction_publish="Activate"
        cq:name="payment-3"
        cq:parentPath="/content/dam/cfm-etisalat/smb/footer-quicklinks/patners"
        jcr:lastModified="{Date}2025-03-13T06:01:19.089Z"
        jcr:lastModifiedBy="suvenkatachalam@eand.com"
        jcr:mixinTypes="[cq:ReplicationStatus,cq:ReplicationStatus2]"
        jcr:primaryType="dam:AssetContent"
        jcr:title="Payment 3"
        contentFragment="{Boolean}true"
        lastFragmentSave="{Date}2025-03-13T06:01:19.089Z">
        <data
            cq:model="/conf/etisalat-business/settings/dam/cfm/models/business-menu-generic-link"
            jcr:primaryType="nt:unstructured"
            _strucVersion="{Long}1">
            <master
                jcr:mixinTypes="[cq:Taggable,dam:cfVariationNode]"
                jcr:primaryType="nt:unstructured"
                actionImage="/content/dam/etisalat/business-images/smb/2023/footer/footer-icons/etisalat-visa-card.svg"
                actionImage_x0040_LastModified="{Date}2025-03-13T06:01:11.487Z"
                actionImage_x0040_LastModifiedBy="suvenkatachalam@eand.com"
                ctaText_x0040_LastModified="{Date}2023-10-22T10:25:43.514Z"
                linkType_x0040_LastModified="{Date}2023-10-22T10:25:43.514Z"
                sameTabOrNewTab_x0040_LastModified="{Date}2023-10-22T10:25:43.514Z"
                subDescription_x0040_LastModified="{Date}2023-10-22T10:25:43.514Z"
                subHeading_x0040_LastModified="{Date}2023-10-22T10:25:43.514Z"
                subLink_x0040_LastModified="{Date}2023-10-22T10:25:43.514Z"/>
            <ar
                jcr:mixinTypes="[cq:Taggable,dam:cfVariationNode]"
                jcr:primaryType="nt:unstructured"
                _x0040_variationCreationDate="{Date}2023-10-22T10:26:25.233Z"
                actionImage="/content/dam/etisalat/business-images/smb/2023/footer/footer-icons/etisalat-visa-card.svg"
                actionImage_x0040_LastModified="{Date}2025-03-13T06:01:18.844Z"
                actionImage_x0040_LastModifiedBy="suvenkatachalam@eand.com"
                ctaText_x0040_LastModified="{Date}2023-10-22T10:26:25.234Z"
                linkType_x0040_LastModified="{Date}2023-10-22T10:26:25.234Z"
                sameTabOrNewTab_x0040_LastModified="{Date}2023-10-22T10:26:25.234Z"
                subDescription_x0040_LastModified="{Date}2023-10-22T10:26:25.233Z"
                subHeading_x0040_LastModified="{Date}2023-10-22T10:26:25.233Z"
                subLink_x0040_LastModified="{Date}2023-10-22T10:26:25.234Z"/>
        </data>
        <indexedData jcr:primaryType="nt:unstructured">
            <master
                jcr:mixinTypes="[dam:IndexedFragmentData]"
                jcr:primaryType="nt:unstructured"
                jcr:uuid="1c12f040-a2e5-439b-b367-41906f0fe00d"
                _x0040_string_x0040_model="/conf/etisalat-business/settings/dam/cfm/models/business-menu-generic-link"
                _x0040_stringArray_x0040_variations="[ar]"/>
            <ar
                jcr:mixinTypes="[dam:IndexedFragmentData]"
                jcr:primaryType="nt:unstructured"
                jcr:uuid="3f833024-c774-4e51-b2e0-783ab366d4dd"
                _x0040_string_x0040_model="/conf/etisalat-business/settings/dam/cfm/models/business-menu-generic-link"/>
        </indexedData>
        <metadata
            jcr:mixinTypes="[cq:Taggable]"
            jcr:primaryType="nt:unstructured">
            <dam:cfVariations jcr:primaryType="nt:unstructured">
                <ar
                    jcr:mixinTypes="[cq:Taggable]"
                    jcr:primaryType="nt:unstructured"/>
            </dam:cfVariations>
        </metadata>
        <model jcr:primaryType="nt:unstructured">
            <variations jcr:primaryType="nt:unstructured">
                <ar
                    jcr:description="\0"
                    jcr:mixinTypes="[cq:Taggable]"
                    jcr:primaryType="nt:unstructured"
                    jcr:title="Ar"
                    name="ar">
                    <properties
                        jcr:primaryType="nt:unstructured"
                        synchronizeWithVersion="[subHeading:06166596-5429-4f16-88fe-62be14b295e1,subDescription:06166596-5429-4f16-88fe-62be14b295e1,linkType:06166596-5429-4f16-88fe-62be14b295e1,ctaText:06166596-5429-4f16-88fe-62be14b295e1,subLink:06166596-5429-4f16-88fe-62be14b295e1,sameTabOrNewTab:06166596-5429-4f16-88fe-62be14b295e1,actionImage:06166596-5429-4f16-88fe-62be14b295e1]"/>
                </ar>
            </variations>
        </model>
        <related jcr:primaryType="nt:unstructured"/>
    </jcr:content>
</jcr:root>
