<?xml version="1.0" encoding="UTF-8"?>
<jcr:root xmlns:jcr="http://www.jcp.org/jcr/1.0" xmlns:dam="http://www.day.com/dam/1.0" xmlns:nt="http://www.jcp.org/jcr/nt/1.0" xmlns:mix="http://www.jcp.org/jcr/mix/1.0" xmlns:cq="http://www.day.com/jcr/cq/1.0"
    jcr:isCheckedOut="{Boolean}true"
    jcr:mixinTypes="[cq:contentFragment,mix:referenceable,mix:versionable]"
    jcr:primaryType="dam:Asset"
    jcr:uuid="7967010c-9aa6-4ebc-a1f1-72b1ee61b3c3">
    <jcr:content
        cq:isDelivered="{Boolean}false"
        cq:lastModified="{Date}2025-11-28T12:13:31.901Z"
        cq:lastModifiedBy="maripaul@eand.com"
        cq:lastReplicated="{Date}2025-12-12T11:08:37.533Z"
        cq:lastReplicated_publish="{Date}2025-12-12T11:08:37.533Z"
        cq:lastReplicatedBy="workflow-process-service"
        cq:lastReplicatedBy_publish="workflow-process-service"
        cq:lastReplicationAction="Activate"
        cq:lastReplicationAction_publish="Activate"
        cq:name="eand-top-navigation-main-sec"
        cq:parentPath="/content/dam/daas/cfm/header/top-navigation/eand-topnav"
        jcr:lastModified="{Date}2023-10-21T16:34:29.840Z"
        jcr:lastModifiedBy="azaraheem@etisalat.ae"
        jcr:mixinTypes="[cq:ReplicationStatus,cq:ReplicationStatus2]"
        jcr:primaryType="dam:AssetContent"
        jcr:title="Eand Top Navigation Main Sec"
        contentFragment="{Boolean}true"
        lastFragmentSave="{Date}2023-10-21T16:34:29.840Z">
        <data
            cq:model="/conf/daas/settings/dam/cfm/models/business-eand-navigation"
            jcr:primaryType="nt:unstructured"
            _strucVersion="{Long}1">
            <master
                jcr:mixinTypes="[cq:Taggable,dam:cfVariationNode]"
                jcr:primaryType="nt:unstructured"
                eandLogo="[/content/dam/daas/cfm/header/images/eand-icon.svg,/content/dam/daas/cfm/header/images/close-icon-white.svg]"
                eandLogo_x0040_LastModified="{Date}2023-10-21T16:34:14.272Z"
                eandSection="[/content/dam/daas/cfm/header/top-navigation/eand-topnav/home,/content/dam/daas/cfm/header/top-navigation/eand-topnav/etisalat-by-e&amp;,/content/dam/daas/cfm/header/top-navigation/eand-topnav/e&amp;-international,/content/dam/daas/cfm/header/top-navigation/eand-topnav/e&amp;-life,/content/dam/daas/cfm/header/top-navigation/eand-topnav/e&amp;-enterprise,/content/dam/daas/cfm/header/top-navigation/eand-topnav/e&amp;-capital,/content/dam/daas/cfm/header/top-navigation/eand-topnav/e&amp;-universe]"
                eandSection_x0040_LastModified="{Date}2023-10-21T13:12:31.009Z"/>
            <ar
                jcr:mixinTypes="[cq:Taggable,dam:cfVariationNode]"
                jcr:primaryType="nt:unstructured"
                _x0040_variationCreationDate="{Date}2023-10-21T13:12:37.684Z"
                eandLogo="[/content/dam/daas/cfm/header/images/eand-icon.svg,/content/dam/daas/cfm/header/images/close-icon-white.svg]"
                eandLogo_x0040_LastModified="{Date}2023-10-21T16:34:29.609Z"
                eandSection="[/content/dam/daas/cfm/header/top-navigation/eand-topnav/home,/content/dam/daas/cfm/header/top-navigation/eand-topnav/etisalat-by-e&amp;,/content/dam/daas/cfm/header/top-navigation/eand-topnav/e&amp;-international,/content/dam/daas/cfm/header/top-navigation/eand-topnav/e&amp;-life,/content/dam/daas/cfm/header/top-navigation/eand-topnav/e&amp;-enterprise,/content/dam/daas/cfm/header/top-navigation/eand-topnav/e&amp;-capital,/content/dam/daas/cfm/header/top-navigation/eand-topnav/e&amp;-universe]"
                eandSection_x0040_LastModified="{Date}2023-10-21T13:12:37.686Z"/>
        </data>
        <indexedData jcr:primaryType="nt:unstructured">
            <master
                jcr:mixinTypes="[dam:IndexedFragmentData]"
                jcr:primaryType="nt:unstructured"
                jcr:uuid="2e7edfd5-fda2-43e8-8679-141d0efb2868"
                _x0040_string_x0040_model="/conf/daas/settings/dam/cfm/models/business-eand-navigation"
                _x0040_stringArray_x0040_variations="[ar]"/>
            <ar
                jcr:mixinTypes="[dam:IndexedFragmentData]"
                jcr:primaryType="nt:unstructured"
                jcr:uuid="ba2d14b7-777d-4c95-8119-d717315228c4"
                _x0040_string_x0040_model="/conf/daas/settings/dam/cfm/models/business-eand-navigation"/>
        </indexedData>
        <metadata
            jcr:mixinTypes="[cq:Taggable]"
            jcr:primaryType="nt:unstructured"/>
        <model jcr:primaryType="nt:unstructured">
            <variations jcr:primaryType="nt:unstructured">
                <ar
                    jcr:description="\0"
                    jcr:mixinTypes="[cq:Taggable]"
                    jcr:primaryType="nt:unstructured"
                    jcr:title="Ar"
                    name="ar">
                    <properties
                        jcr:primaryType="nt:unstructured"
                        synchronizeWithVersion="[eandLogo:1f2b0bc5-9962-4159-97b7-a8d90daeb004,eandSection:1f2b0bc5-9962-4159-97b7-a8d90daeb004]"/>
                </ar>
            </variations>
        </model>
        <related jcr:primaryType="nt:unstructured"/>
    </jcr:content>
</jcr:root>
