<?xml version="1.0" encoding="UTF-8"?>
<jcr:root xmlns:jcr="http://www.jcp.org/jcr/1.0" xmlns:dam="http://www.day.com/dam/1.0" xmlns:nt="http://www.jcp.org/jcr/nt/1.0" xmlns:mix="http://www.jcp.org/jcr/mix/1.0" xmlns:cq="http://www.day.com/jcr/cq/1.0"
    jcr:isCheckedOut="{Boolean}true"
    jcr:mixinTypes="[cq:contentFragment,mix:referenceable,mix:versionable]"
    jcr:primaryType="dam:Asset"
    jcr:uuid="6dccb9de-d678-4061-a448-5369f20a882a">
    <jcr:content
        cq:isDelivered="{Boolean}false"
        cq:lastModified="{Date}2025-11-28T12:13:40.665Z"
        cq:lastModifiedBy="maripaul@eand.com"
        cq:lastReplicated="{Date}2025-12-12T11:08:27.477Z"
        cq:lastReplicated_publish="{Date}2025-12-12T11:08:27.477Z"
        cq:lastReplicatedBy="workflow-process-service"
        cq:lastReplicatedBy_publish="workflow-process-service"
        cq:lastReplicationAction="Activate"
        cq:lastReplicationAction_publish="Activate"
        cq:name="trading"
        cq:parentPath="/content/dam/daas/cfm/header/mega-menu"
        jcr:lastModified="{Date}2025-03-11T21:57:06.006Z"
        jcr:lastModifiedBy="suvenkatachalam@eand.com"
        jcr:mixinTypes="[cq:ReplicationStatus,cq:ReplicationStatus2]"
        jcr:primaryType="dam:AssetContent"
        jcr:title="Trading"
        contentFragment="{Boolean}true"
        lastFragmentSave="{Date}2025-03-11T21:57:06.006Z">
        <data
            cq:model="/conf/daas/settings/dam/cfm/models/business-menu-generic-link"
            jcr:primaryType="nt:unstructured"
            _strucVersion="{Long}1">
            <master
                jcr:mixinTypes="[cq:Taggable,dam:cfVariationNode]"
                jcr:primaryType="nt:unstructured"
                actionImage_x0040_LastModified="{Date}2023-10-21T18:54:44.441Z"
                ctaText_x0040_LastModified="{Date}2023-10-21T18:54:44.441Z"
                linkType_x0040_LastModified="{Date}2023-10-21T18:54:44.441Z"
                sameTabOrNewTab="_self"
                sameTabOrNewTab_x0040_LastModified="{Date}2023-10-21T18:55:06.043Z"
                subDescription_x0040_LastModified="{Date}2023-10-21T18:54:44.441Z"
                subHeading="Trading"
                subHeading_x0040_LastModified="{Date}2023-10-21T18:55:06.042Z"
                subLink="#"
                subLink_x0040_LastModified="{Date}2023-10-21T18:55:06.042Z"/>
            <ar
                jcr:mixinTypes="[cq:Taggable,dam:cfVariationNode]"
                jcr:primaryType="nt:unstructured"
                _x0040_variationCreationDate="{Date}2023-10-21T18:55:11.233Z"
                actionImage_x0040_LastModified="{Date}2023-10-21T18:55:11.236Z"
                ctaText_x0040_LastModified="{Date}2023-10-21T18:55:11.235Z"
                linkType_x0040_LastModified="{Date}2023-10-21T18:55:11.235Z"
                sameTabOrNewTab="_self"
                sameTabOrNewTab_x0040_LastModified="{Date}2023-10-21T18:55:11.235Z"
                subDescription_x0040_LastModified="{Date}2023-10-21T18:55:11.235Z"
                subHeading="الأعمال التجارية"
                subHeading_x0040_LastModified="{Date}2023-10-21T18:55:30.566Z"
                subLink="#"
                subLink_x0040_LastModified="{Date}2023-10-21T18:55:30.567Z"/>
        </data>
        <indexedData jcr:primaryType="nt:unstructured">
            <master
                jcr:mixinTypes="[dam:IndexedFragmentData]"
                jcr:primaryType="nt:unstructured"
                jcr:uuid="a90312a8-7a6b-4d9f-bb5d-49db6872dd81"
                _x0040_string_x0040_model="/conf/daas/settings/dam/cfm/models/business-menu-generic-link"
                _x0040_stringArray_x0040_variations="[ar]"
                string_x0040_sameTabOrNewTab="_self"
                string_x0040_subHeading="Trading"
                string_x0040_subLink="#"/>
            <ar
                jcr:mixinTypes="[dam:IndexedFragmentData]"
                jcr:primaryType="nt:unstructured"
                jcr:uuid="91d30774-96d3-4ad2-acd7-0a70cf1bc6cc"
                _x0040_string_x0040_model="/conf/daas/settings/dam/cfm/models/business-menu-generic-link"
                string_x0040_sameTabOrNewTab="_self"
                string_x0040_subHeading="الأعمال التجارية"
                string_x0040_subLink="#"/>
        </indexedData>
        <metadata
            jcr:mixinTypes="[cq:Taggable]"
            jcr:primaryType="nt:unstructured">
            <dam:cfVariations jcr:primaryType="nt:unstructured">
                <ar
                    jcr:mixinTypes="[cq:Taggable]"
                    jcr:primaryType="nt:unstructured"/>
            </dam:cfVariations>
        </metadata>
        <model jcr:primaryType="nt:unstructured">
            <variations jcr:primaryType="nt:unstructured">
                <ar
                    jcr:description="\0"
                    jcr:mixinTypes="[cq:Taggable]"
                    jcr:primaryType="nt:unstructured"
                    jcr:title="Ar"
                    name="ar">
                    <properties
                        jcr:primaryType="nt:unstructured"
                        synchronizeWithVersion="[subHeading:3112239c-4b53-445b-ae05-ea0b3db1168b,subDescription:3112239c-4b53-445b-ae05-ea0b3db1168b,linkType:3112239c-4b53-445b-ae05-ea0b3db1168b,ctaText:3112239c-4b53-445b-ae05-ea0b3db1168b,subLink:3112239c-4b53-445b-ae05-ea0b3db1168b,sameTabOrNewTab:3112239c-4b53-445b-ae05-ea0b3db1168b,actionImage:3112239c-4b53-445b-ae05-ea0b3db1168b]"/>
                </ar>
            </variations>
        </model>
        <related jcr:primaryType="nt:unstructured"/>
    </jcr:content>
</jcr:root>
