<?xml version="1.0" encoding="UTF-8"?>
<jcr:root xmlns:jcr="http://www.jcp.org/jcr/1.0" xmlns:dam="http://www.day.com/dam/1.0" xmlns:nt="http://www.jcp.org/jcr/nt/1.0" xmlns:mix="http://www.jcp.org/jcr/mix/1.0" xmlns:cq="http://www.day.com/jcr/cq/1.0"
    jcr:isCheckedOut="{Boolean}true"
    jcr:mixinTypes="[cq:contentFragment,mix:referenceable,mix:versionable]"
    jcr:primaryType="dam:Asset"
    jcr:uuid="bb931e0b-5ad7-4f34-ab8d-a2b1101aa83e">
    <jcr:content
        cq:isDelivered="{Boolean}false"
        cq:lastModified="{Date}2025-11-28T12:13:37.031Z"
        cq:lastModifiedBy="maripaul@eand.com"
        cq:lastReplicated="{Date}2025-12-12T11:08:37.533Z"
        cq:lastReplicated_publish="{Date}2025-12-12T11:08:37.533Z"
        cq:lastReplicatedBy="workflow-process-service"
        cq:lastReplicatedBy_publish="workflow-process-service"
        cq:lastReplicationAction="Activate"
        cq:lastReplicationAction_publish="Activate"
        cq:name="lang-text"
        cq:parentPath="/content/dam/daas/cfm/header/top-navigation"
        jcr:lastModified="{Date}2023-10-21T12:32:39.881Z"
        jcr:lastModifiedBy="azaraheem@etisalat.ae"
        jcr:mixinTypes="[cq:ReplicationStatus,cq:ReplicationStatus2]"
        jcr:primaryType="dam:AssetContent"
        jcr:title="Lang Text"
        contentFragment="{Boolean}true"
        lastFragmentSave="{Date}2023-10-21T12:32:39.881Z">
        <data
            cq:model="/conf/daas/settings/dam/cfm/models/business-menu-generic-link"
            jcr:primaryType="nt:unstructured"
            _strucVersion="{Long}1">
            <master
                jcr:mixinTypes="[cq:Taggable,dam:cfVariationNode]"
                jcr:primaryType="nt:unstructured"
                actionImage_x0040_LastModified="{Date}2023-10-21T12:32:29.092Z"
                ctaText_x0040_LastModified="{Date}2023-10-21T12:21:25.982Z"
                linkType_x0040_LastModified="{Date}2023-10-21T12:21:25.982Z"
                sameTabOrNewTab="_self"
                sameTabOrNewTab_x0040_LastModified="{Date}2023-10-21T12:21:50.698Z"
                subDescription_x0040_LastModified="{Date}2023-10-21T12:21:25.982Z"
                subHeading="العربية"
                subHeading_x0040_LastModified="{Date}2023-10-21T12:21:50.697Z"
                subLink="#"
                subLink_x0040_LastModified="{Date}2023-10-21T12:21:50.698Z">
                <card
                    jcr:primaryType="nt:unstructured"
                    assets="[]"
                    texts="[العربية,#]"/>
            </master>
            <ar
                jcr:mixinTypes="[cq:Taggable,dam:cfVariationNode]"
                jcr:primaryType="nt:unstructured"
                _x0040_variationCreationDate="{Date}2023-10-21T12:21:57.537Z"
                actionImage_x0040_LastModified="{Date}2023-10-21T12:32:39.643Z"
                ctaText_x0040_LastModified="{Date}2023-10-21T12:21:57.540Z"
                linkType_x0040_LastModified="{Date}2023-10-21T12:21:57.540Z"
                sameTabOrNewTab="_self"
                sameTabOrNewTab_x0040_LastModified="{Date}2023-10-21T12:21:57.541Z"
                subDescription_x0040_LastModified="{Date}2023-10-21T12:21:57.539Z"
                subHeading="English"
                subHeading_x0040_LastModified="{Date}2023-10-21T12:22:09.210Z"
                subLink="#"
                subLink_x0040_LastModified="{Date}2023-10-21T12:21:57.540Z"/>
        </data>
        <indexedData jcr:primaryType="nt:unstructured">
            <master
                jcr:mixinTypes="[dam:IndexedFragmentData]"
                jcr:primaryType="nt:unstructured"
                jcr:uuid="f0ac8004-9676-4fb8-8f56-339a69d54ee4"
                _x0040_string_x0040_model="/conf/daas/settings/dam/cfm/models/business-menu-generic-link"
                _x0040_stringArray_x0040_variations="[ar]"
                string_x0040_sameTabOrNewTab="_self"
                string_x0040_subHeading="العربية"
                string_x0040_subLink="#"/>
            <ar
                jcr:mixinTypes="[dam:IndexedFragmentData]"
                jcr:primaryType="nt:unstructured"
                jcr:uuid="18990ca5-79b3-4117-a315-bf681256841c"
                _x0040_string_x0040_model="/conf/daas/settings/dam/cfm/models/business-menu-generic-link"
                string_x0040_sameTabOrNewTab="_self"
                string_x0040_subHeading="English"
                string_x0040_subLink="#"/>
        </indexedData>
        <metadata
            jcr:mixinTypes="[cq:Taggable]"
            jcr:primaryType="nt:unstructured"/>
        <model jcr:primaryType="nt:unstructured">
            <variations jcr:primaryType="nt:unstructured">
                <ar
                    jcr:description="\0"
                    jcr:mixinTypes="[cq:Taggable]"
                    jcr:primaryType="nt:unstructured"
                    jcr:title="Ar"
                    name="ar">
                    <properties
                        jcr:primaryType="nt:unstructured"
                        synchronizeWithVersion="[subHeading:3514a488-3dd9-4f29-8361-7ce94f147e56,subDescription:3514a488-3dd9-4f29-8361-7ce94f147e56,linkType:3514a488-3dd9-4f29-8361-7ce94f147e56,ctaText:3514a488-3dd9-4f29-8361-7ce94f147e56,subLink:3514a488-3dd9-4f29-8361-7ce94f147e56,sameTabOrNewTab:3514a488-3dd9-4f29-8361-7ce94f147e56,actionImage:3514a488-3dd9-4f29-8361-7ce94f147e56]"/>
                </ar>
            </variations>
        </model>
        <related jcr:primaryType="nt:unstructured"/>
    </jcr:content>
</jcr:root>
