<?xml version="1.0" encoding="UTF-8"?>
<jcr:root xmlns:jcr="http://www.jcp.org/jcr/1.0" xmlns:dam="http://www.day.com/dam/1.0" xmlns:nt="http://www.jcp.org/jcr/nt/1.0" xmlns:mix="http://www.jcp.org/jcr/mix/1.0" xmlns:cq="http://www.day.com/jcr/cq/1.0"
    jcr:isCheckedOut="{Boolean}true"
    jcr:mixinTypes="[cq:contentFragment,mix:referenceable,mix:versionable]"
    jcr:primaryType="dam:Asset"
    jcr:uuid="089d6910-0670-439e-a367-8f2b51768bee">
    <jcr:content
        cq:isDelivered="{Boolean}false"
        cq:lastModified="{Date}2025-11-28T12:13:39.004Z"
        cq:lastModifiedBy="maripaul@eand.com"
        cq:lastReplicated="{Date}2025-12-12T11:08:27.477Z"
        cq:lastReplicated_publish="{Date}2025-12-12T11:08:27.477Z"
        cq:lastReplicatedBy="workflow-process-service"
        cq:lastReplicatedBy_publish="workflow-process-service"
        cq:lastReplicationAction="Activate"
        cq:lastReplicationAction_publish="Activate"
        cq:name="marketing-sales"
        cq:parentPath="/content/dam/daas/cfm/header/mega-menu/ai-solutions"
        jcr:lastModified="{Date}2025-03-11T21:33:19.474Z"
        jcr:lastModifiedBy="suvenkatachalam@eand.com"
        jcr:mixinTypes="[cq:ReplicationStatus,cq:ReplicationStatus2]"
        jcr:primaryType="dam:AssetContent"
        jcr:title="Marketing &amp; Sales"
        contentFragment="{Boolean}true"
        lastFragmentSave="{Date}2025-03-11T21:33:19.474Z">
        <data
            cq:model="/conf/daas/settings/dam/cfm/models/business-menu-generic-link"
            jcr:primaryType="nt:unstructured"
            _strucVersion="{Long}1">
            <master
                jcr:mixinTypes="[cq:Taggable,dam:cfVariationNode]"
                jcr:primaryType="nt:unstructured"
                actionImage_x0040_LastModified="{Date}2023-10-21T17:15:30.806Z"
                ctaText_x0040_LastModified="{Date}2023-10-21T17:15:30.806Z"
                linkType_x0040_LastModified="{Date}2023-10-21T17:15:30.806Z"
                sameTabOrNewTab="_self"
                sameTabOrNewTab_x0040_LastModified="{Date}2023-10-21T17:15:57.477Z"
                subDescription_x0040_LastModified="{Date}2023-10-21T17:15:30.806Z"
                subHeading="Marketing &amp; Sales"
                subHeading_x0040_LastModified="{Date}2025-03-11T21:32:19.622Z"
                subHeading_x0040_LastModifiedBy="suvenkatachalam@eand.com"
                subLink="#?##3"
                subLink_x0040_LastModified="{Date}2025-03-11T21:32:19.624Z"
                subLink_x0040_LastModifiedBy="suvenkatachalam@eand.com"/>
            <ar
                jcr:mixinTypes="[cq:Taggable,dam:cfVariationNode]"
                jcr:primaryType="nt:unstructured"
                _x0040_variationCreationDate="{Date}2023-10-21T17:16:02.836Z"
                actionImage_x0040_LastModified="{Date}2023-10-21T17:16:02.839Z"
                ctaText_x0040_LastModified="{Date}2023-10-21T17:16:02.838Z"
                linkType_x0040_LastModified="{Date}2023-10-21T17:16:02.838Z"
                sameTabOrNewTab="_self"
                sameTabOrNewTab_x0040_LastModified="{Date}2023-10-21T17:16:02.839Z"
                subDescription_x0040_LastModified="{Date}2023-10-21T17:16:02.838Z"
                subHeading=" التسويق والمبيعات "
                subHeading_x0040_LastModified="{Date}2025-03-11T21:33:00.075Z"
                subHeading_x0040_LastModifiedBy="suvenkatachalam@eand.com"
                subLink="#?##3"
                subLink_x0040_LastModified="{Date}2025-03-11T21:33:00.078Z"
                subLink_x0040_LastModifiedBy="suvenkatachalam@eand.com"/>
        </data>
        <indexedData jcr:primaryType="nt:unstructured">
            <master
                jcr:mixinTypes="[dam:IndexedFragmentData]"
                jcr:primaryType="nt:unstructured"
                jcr:uuid="1350650e-1dad-4e97-9c3c-d692cd5e0bad"
                _x0040_string_x0040_model="/conf/daas/settings/dam/cfm/models/business-menu-generic-link"
                _x0040_stringArray_x0040_variations="[ar]"
                string_x0040_sameTabOrNewTab="_self"
                string_x0040_subHeading="Marketing &amp; Sales"
                string_x0040_subLink="#?##3"/>
            <ar
                jcr:mixinTypes="[dam:IndexedFragmentData]"
                jcr:primaryType="nt:unstructured"
                jcr:uuid="261bfe04-957f-4069-a0de-48f2c4d1da40"
                _x0040_string_x0040_model="/conf/daas/settings/dam/cfm/models/business-menu-generic-link"
                string_x0040_sameTabOrNewTab="_self"
                string_x0040_subHeading=" التسويق والمبيعات "
                string_x0040_subLink="#?##3"/>
        </indexedData>
        <metadata
            jcr:mixinTypes="[cq:Taggable]"
            jcr:primaryType="nt:unstructured">
            <dam:cfVariations jcr:primaryType="nt:unstructured">
                <ar
                    jcr:mixinTypes="[cq:Taggable]"
                    jcr:primaryType="nt:unstructured"/>
            </dam:cfVariations>
        </metadata>
        <model jcr:primaryType="nt:unstructured">
            <variations jcr:primaryType="nt:unstructured">
                <ar
                    jcr:description="\0"
                    jcr:mixinTypes="[cq:Taggable]"
                    jcr:primaryType="nt:unstructured"
                    jcr:title="Ar"
                    name="ar">
                    <properties
                        jcr:primaryType="nt:unstructured"
                        synchronizeWithVersion="[subHeading:749a564b-6d8b-4059-8221-ceb4f14b5dbe,subDescription:749a564b-6d8b-4059-8221-ceb4f14b5dbe,linkType:749a564b-6d8b-4059-8221-ceb4f14b5dbe,ctaText:749a564b-6d8b-4059-8221-ceb4f14b5dbe,subLink:749a564b-6d8b-4059-8221-ceb4f14b5dbe,sameTabOrNewTab:749a564b-6d8b-4059-8221-ceb4f14b5dbe,actionImage:749a564b-6d8b-4059-8221-ceb4f14b5dbe]"/>
                </ar>
            </variations>
        </model>
        <related jcr:primaryType="nt:unstructured"/>
    </jcr:content>
</jcr:root>
