<?xml version="1.0" encoding="UTF-8"?>
<jcr:root xmlns:jcr="http://www.jcp.org/jcr/1.0" xmlns:dam="http://www.day.com/dam/1.0" xmlns:nt="http://www.jcp.org/jcr/nt/1.0" xmlns:mix="http://www.jcp.org/jcr/mix/1.0" xmlns:cq="http://www.day.com/jcr/cq/1.0"
    jcr:isCheckedOut="{Boolean}true"
    jcr:mixinTypes="[mix:referenceable,mix:versionable]"
    jcr:primaryType="dam:Asset"
    jcr:uuid="9f0dbeb5-5bc9-42fe-8260-6d7ff841e34f">
    <jcr:content
        cq:isDelivered="{Boolean}false"
        cq:lastModified="{Date}2025-11-28T15:19:27.319+05:30"
        cq:lastModifiedBy="admin"
        cq:lastReplicationAction_publish="Activate"
        cq:name="footer-logo"
        cq:parentPath="/content/dam/daas/cfm/footer"
        jcr:lastModified="{Date}2025-03-13T05:49:13.549Z"
        jcr:lastModifiedBy="suvenkatachalam@eand.com"
        jcr:mixinTypes="[cq:ReplicationStatus,cq:ReplicationStatus2]"
        jcr:primaryType="dam:AssetContent"
        jcr:title="Footer Logo"
        contentFragment="{Boolean}true"
        lastFragmentSave="{Date}2025-03-13T05:49:13.549Z">
        <data
            cq:model="/conf/daas/settings/dam/cfm/models/business-menu-generic-link"
            jcr:primaryType="nt:unstructured"
            _strucVersion="{Long}1">
            <master
                jcr:mixinTypes="[cq:Taggable,dam:cfVariationNode]"
                jcr:primaryType="nt:unstructured"
                actionImage="/content/dam/daas/cfm/images/logo-business.svg"
                actionImage_x0040_LastModified="{Date}2025-03-13T05:48:56.163Z"
                actionImage_x0040_LastModifiedBy="suvenkatachalam@eand.com"
                ctaText_x0040_LastModified="{Date}2023-10-22T08:05:30.205Z"
                linkType_x0040_LastModified="{Date}2023-10-22T08:05:30.205Z"
                sameTabOrNewTab="_self"
                sameTabOrNewTab_x0040_LastModified="{Date}2023-10-24T12:31:29.209+04:00"
                subDescription_x0040_LastModified="{Date}2023-10-22T08:05:30.205Z"
                subHeading_x0040_LastModified="{Date}2023-10-22T08:05:30.205Z"
                subLink="/en/smb/index.html"
                subLink_x0040_LastModified="{Date}2023-10-24T12:31:29.209+04:00">
                <card
                    jcr:primaryType="nt:unstructured"
                    assets="[&quot;/content/dam/daas/cfm/images/logo-business.svg&quot;]"
                    texts="[/en/smb/index.html]"/>
            </master>
            <ar
                jcr:mixinTypes="[cq:Taggable,dam:cfVariationNode]"
                jcr:primaryType="nt:unstructured"
                _x0040_variationCreationDate="{Date}2023-10-24T12:31:37.271+04:00"
                actionImage="/content/dam/daas/cfm/images/etisalat-logo-ar.svg"
                actionImage_x0040_LastModified="{Date}2025-03-13T05:49:13.318Z"
                actionImage_x0040_LastModifiedBy="suvenkatachalam@eand.com"
                ctaText_x0040_LastModified="{Date}2023-10-24T12:31:37.273+04:00"
                linkType_x0040_LastModified="{Date}2023-10-24T12:31:37.273+04:00"
                sameTabOrNewTab="_self"
                sameTabOrNewTab_x0040_LastModified="{Date}2023-10-24T12:31:37.274+04:00"
                subDescription_x0040_LastModified="{Date}2023-10-24T12:31:37.272+04:00"
                subHeading_x0040_LastModified="{Date}2023-10-24T12:31:37.272+04:00"
                subLink="/ar/smb/index.html"
                subLink_x0040_LastModified="{Date}2023-10-24T12:31:58.256+04:00"/>
        </data>
        <indexedData jcr:primaryType="nt:unstructured">
            <master
                jcr:mixinTypes="[dam:IndexedFragmentData]"
                jcr:primaryType="nt:unstructured"
                jcr:uuid="e4c3fb46-8f2e-48ec-918b-32b77c3cab4c"
                _x0040_string_x0040_model="/conf/daas/settings/dam/cfm/models/business-menu-generic-link"
                _x0040_stringArray_x0040_variations="[ar]"
                string_x0040_sameTabOrNewTab="_self"
                string_x0040_subLink="/en/smb/index.html"/>
            <ar
                jcr:mixinTypes="[dam:IndexedFragmentData]"
                jcr:primaryType="nt:unstructured"
                jcr:uuid="855ab7b9-04da-45e8-a964-4052744071a8"
                _x0040_string_x0040_model="/conf/daas/settings/dam/cfm/models/business-menu-generic-link"
                string_x0040_sameTabOrNewTab="_self"
                string_x0040_subLink="/ar/smb/index.html"/>
        </indexedData>
        <metadata
            jcr:mixinTypes="[cq:Taggable]"
            jcr:primaryType="nt:unstructured">
            <dam:cfVariations jcr:primaryType="nt:unstructured">
                <ar
                    jcr:mixinTypes="[cq:Taggable]"
                    jcr:primaryType="nt:unstructured"/>
            </dam:cfVariations>
        </metadata>
        <model jcr:primaryType="nt:unstructured">
            <variations jcr:primaryType="nt:unstructured">
                <ar
                    jcr:description="\0"
                    jcr:mixinTypes="[cq:Taggable]"
                    jcr:primaryType="nt:unstructured"
                    jcr:title="Ar"
                    name="ar">
                    <properties
                        jcr:primaryType="nt:unstructured"
                        synchronizeWithVersion="[subHeading:93886fa2-20aa-4e2d-a674-297b666a0c9e,subDescription:93886fa2-20aa-4e2d-a674-297b666a0c9e,linkType:93886fa2-20aa-4e2d-a674-297b666a0c9e,ctaText:93886fa2-20aa-4e2d-a674-297b666a0c9e,subLink:93886fa2-20aa-4e2d-a674-297b666a0c9e,sameTabOrNewTab:93886fa2-20aa-4e2d-a674-297b666a0c9e,actionImage:93886fa2-20aa-4e2d-a674-297b666a0c9e]"/>
                </ar>
            </variations>
        </model>
        <related jcr:primaryType="nt:unstructured"/>
    </jcr:content>
</jcr:root>
