<?xml version="1.0" encoding="UTF-8"?>
<jcr:root xmlns:jcr="http://www.jcp.org/jcr/1.0" xmlns:dam="http://www.day.com/dam/1.0" xmlns:nt="http://www.jcp.org/jcr/nt/1.0" xmlns:mix="http://www.jcp.org/jcr/mix/1.0" xmlns:cq="http://www.day.com/jcr/cq/1.0"
    jcr:isCheckedOut="{Boolean}true"
    jcr:mixinTypes="[cq:contentFragment,mix:referenceable,mix:versionable]"
    jcr:primaryType="dam:Asset"
    jcr:uuid="67d7cd1d-dc66-430f-9a5c-587ebf512219">
    <jcr:content
        cq:isDelivered="{Boolean}false"
        cq:lastModified="{Date}2025-11-28T12:13:53.262Z"
        cq:lastModifiedBy="maripaul@eand.com"
        cq:lastReplicated="{Date}2025-12-12T11:08:37.533Z"
        cq:lastReplicated_publish="{Date}2025-12-12T11:08:37.533Z"
        cq:lastReplicatedBy="workflow-process-service"
        cq:lastReplicatedBy_publish="workflow-process-service"
        cq:lastReplicationAction="Activate"
        cq:lastReplicationAction_publish="Activate"
        cq:name="solutions-promo-text-sec"
        cq:parentPath="/content/dam/daas/cfm/header/mega-menu/promo-section"
        jcr:lastModified="{Date}2023-10-21T18:18:47.983Z"
        jcr:lastModifiedBy="azaraheem@etisalat.ae"
        jcr:mixinTypes="[cq:ReplicationStatus,cq:ReplicationStatus2]"
        jcr:primaryType="dam:AssetContent"
        jcr:title="Solutions Promo Text Sec"
        contentFragment="{Boolean}true"
        lastFragmentSave="{Date}2023-10-21T18:18:47.983Z">
        <data
            cq:model="/conf/daas/settings/dam/cfm/models/business-menu-generic-link"
            jcr:primaryType="nt:unstructured"
            _strucVersion="{Long}1">
            <master
                jcr:mixinTypes="[cq:Taggable,dam:cfVariationNode]"
                jcr:primaryType="nt:unstructured"
                actionImage_x0040_LastModified="{Date}2023-10-21T18:17:34.049Z"
                ctaText=" VIEW OFFERS"
                ctaText_x0040_LastModified="{Date}2023-10-21T18:18:08.192Z"
                linkType_x0040_LastModified="{Date}2023-10-21T18:17:34.049Z"
                sameTabOrNewTab="_self"
                sameTabOrNewTab_x0040_LastModified="{Date}2023-10-21T18:18:08.193Z"
                subDescription_x0040_LastModified="{Date}2023-10-21T18:17:34.049Z"
                subHeading="Discover the latest value-packed offers!"
                subHeading_x0040_LastModified="{Date}2023-10-21T18:18:08.191Z"
                subLink="#"
                subLink_x0040_LastModified="{Date}2023-10-21T18:18:08.192Z"/>
            <ar
                jcr:mixinTypes="[cq:Taggable,dam:cfVariationNode]"
                jcr:primaryType="nt:unstructured"
                _x0040_variationCreationDate="{Date}2023-10-21T18:18:14.280Z"
                actionImage_x0040_LastModified="{Date}2023-10-21T18:18:14.283Z"
                ctaText="اكتشف"
                ctaText_x0040_LastModified="{Date}2023-10-21T18:18:47.765Z"
                linkType_x0040_LastModified="{Date}2023-10-21T18:18:14.281Z"
                sameTabOrNewTab="_self"
                sameTabOrNewTab_x0040_LastModified="{Date}2023-10-21T18:18:14.282Z"
                subDescription_x0040_LastModified="{Date}2023-10-21T18:18:14.281Z"
                subHeading="اكتشف أحدث عروض الحزم القيمة!"
                subHeading_x0040_LastModified="{Date}2023-10-21T18:18:47.765Z"
                subLink="#"
                subLink_x0040_LastModified="{Date}2023-10-21T18:18:47.766Z"/>
        </data>
        <indexedData jcr:primaryType="nt:unstructured">
            <master
                jcr:mixinTypes="[dam:IndexedFragmentData]"
                jcr:primaryType="nt:unstructured"
                jcr:uuid="7e1ba4e7-2215-4b7f-8d59-38142cba2de1"
                _x0040_string_x0040_model="/conf/daas/settings/dam/cfm/models/business-menu-generic-link"
                _x0040_stringArray_x0040_variations="[ar]"
                string_x0040_ctaText=" VIEW OFFERS"
                string_x0040_sameTabOrNewTab="_self"
                string_x0040_subHeading="Discover the latest value-packed offers!"
                string_x0040_subLink="#"/>
            <ar
                jcr:mixinTypes="[dam:IndexedFragmentData]"
                jcr:primaryType="nt:unstructured"
                jcr:uuid="d865f62c-287d-4072-9efc-defdc2befddd"
                _x0040_string_x0040_model="/conf/daas/settings/dam/cfm/models/business-menu-generic-link"
                string_x0040_ctaText="اكتشف"
                string_x0040_sameTabOrNewTab="_self"
                string_x0040_subHeading="اكتشف أحدث عروض الحزم القيمة!"
                string_x0040_subLink="#"/>
        </indexedData>
        <metadata
            jcr:mixinTypes="[cq:Taggable]"
            jcr:primaryType="nt:unstructured"/>
        <model jcr:primaryType="nt:unstructured">
            <variations jcr:primaryType="nt:unstructured">
                <ar
                    jcr:description="\0"
                    jcr:mixinTypes="[cq:Taggable]"
                    jcr:primaryType="nt:unstructured"
                    jcr:title="Ar"
                    name="ar">
                    <properties
                        jcr:primaryType="nt:unstructured"
                        synchronizeWithVersion="[subHeading:5e58ec80-a935-4d47-89b9-bc0062331e9b,subDescription:5e58ec80-a935-4d47-89b9-bc0062331e9b,linkType:5e58ec80-a935-4d47-89b9-bc0062331e9b,ctaText:5e58ec80-a935-4d47-89b9-bc0062331e9b,subLink:5e58ec80-a935-4d47-89b9-bc0062331e9b,sameTabOrNewTab:5e58ec80-a935-4d47-89b9-bc0062331e9b,actionImage:5e58ec80-a935-4d47-89b9-bc0062331e9b]"/>
                </ar>
            </variations>
        </model>
        <related jcr:primaryType="nt:unstructured"/>
    </jcr:content>
</jcr:root>
