<?xml version="1.0" encoding="UTF-8"?>
<jcr:root xmlns:jcr="http://www.jcp.org/jcr/1.0" xmlns:dam="http://www.day.com/dam/1.0" xmlns:nt="http://www.jcp.org/jcr/nt/1.0" xmlns:mix="http://www.jcp.org/jcr/mix/1.0" xmlns:cq="http://www.day.com/jcr/cq/1.0"
    jcr:isCheckedOut="{Boolean}true"
    jcr:mixinTypes="[cq:contentFragment,mix:referenceable,mix:versionable]"
    jcr:primaryType="dam:Asset"
    jcr:uuid="4d3036d4-9258-4ed3-b804-eec1c3bfc6ac">
    <jcr:content
        cq:name="overview"
        cq:parentPath="/content/dam/daas/cfm/hero-banner"
        jcr:lastModified="{Date}2025-12-03T11:17:40.632Z"
        jcr:lastModifiedBy="maripaul@eand.com"
        jcr:primaryType="dam:AssetContent"
        jcr:title="Overview"
        contentFragment="{Boolean}true"
        lastFragmentSave="{Date}2025-12-03T11:17:40.632Z">
        <data
            cq:model="/conf/daas/settings/dam/cfm/models/b2b-transformation-main"
            jcr:primaryType="nt:unstructured"
            _strucVersion="{Long}1">
            <master
                jcr:mixinTypes="[cq:Taggable,dam:cfVariationNode]"
                jcr:primaryType="nt:unstructured"
                b2bTransformationMainSec="[/content/dam/daas/cfm/hero-banner/variation-1/sub-sec,/content/dam/daas/cfm/hero-banner/variation-2/sub-sec,/content/dam/daas/cfm/hero-banner/variation-3/sub-sec,/content/dam/daas/cfm/hero-banner/variation-4/sub-sec,/content/dam/daas/cfm/hero-banner/variation-5/sub-sec]"
                b2bTransformationMainSec_x0040_LastModified="{Date}2025-12-03T11:17:27.326Z"
                b2bTransformationMainSec_x0040_LastModifiedBy="maripaul@eand.com">
                <card
                    jcr:primaryType="nt:unstructured"
                    assets="[]"
                    texts="[]"/>
            </master>
            <ar
                jcr:mixinTypes="[cq:Taggable,dam:cfVariationNode]"
                jcr:primaryType="nt:unstructured"
                _x0040_variationCreationDate="{Date}2025-12-03T11:17:33.567Z"
                b2bTransformationMainSec="[/content/dam/daas/cfm/hero-banner/variation-1/sub-sec,/content/dam/daas/cfm/hero-banner/variation-2/sub-sec,/content/dam/daas/cfm/hero-banner/variation-3/sub-sec,/content/dam/daas/cfm/hero-banner/variation-4/sub-sec,/content/dam/daas/cfm/hero-banner/variation-5/sub-sec]"
                b2bTransformationMainSec_x0040_LastModified="{Date}2025-12-03T11:17:33.569Z"
                b2bTransformationMainSec_x0040_LastModifiedBy="maripaul@eand.com"/>
        </data>
        <indexedData jcr:primaryType="nt:unstructured">
            <master
                jcr:mixinTypes="[dam:IndexedFragmentData]"
                jcr:primaryType="nt:unstructured"
                jcr:uuid="1c1c9b8a-f459-4668-84e8-0bd8ab14e431"
                _x0040_string_x0040_model="/conf/daas/settings/dam/cfm/models/b2b-transformation-main"
                _x0040_stringArray_x0040_variations="[ar]"/>
            <ar
                jcr:mixinTypes="[dam:IndexedFragmentData]"
                jcr:primaryType="nt:unstructured"
                jcr:uuid="5c373217-9f75-46eb-8e52-fc7bb2667fc5"
                _x0040_string_x0040_model="/conf/daas/settings/dam/cfm/models/b2b-transformation-main"/>
        </indexedData>
        <metadata
            jcr:mixinTypes="[cq:Taggable]"
            jcr:primaryType="nt:unstructured">
            <dam:cfVariations jcr:primaryType="nt:unstructured">
                <ar
                    jcr:mixinTypes="[cq:Taggable]"
                    jcr:primaryType="nt:unstructured"/>
            </dam:cfVariations>
        </metadata>
        <model jcr:primaryType="nt:unstructured">
            <variations jcr:primaryType="nt:unstructured">
                <ar
                    jcr:description="\0"
                    jcr:mixinTypes="[cq:Taggable]"
                    jcr:primaryType="nt:unstructured"
                    jcr:title="ar"
                    name="ar">
                    <properties
                        jcr:primaryType="nt:unstructured"
                        synchronizeWithVersion="[b2bTransformationMainSec:95b0aee0-72a5-4904-b5fc-0c257cd0a0db]"/>
                </ar>
            </variations>
        </model>
        <related jcr:primaryType="nt:unstructured"/>
    </jcr:content>
</jcr:root>
