<?xml version="1.0" encoding="UTF-8"?>
<jcr:root xmlns:jcr="http://www.jcp.org/jcr/1.0" xmlns:dam="http://www.day.com/dam/1.0" xmlns:nt="http://www.jcp.org/jcr/nt/1.0" xmlns:mix="http://www.jcp.org/jcr/mix/1.0" xmlns:cq="http://www.day.com/jcr/cq/1.0"
    jcr:isCheckedOut="{Boolean}true"
    jcr:mixinTypes="[cq:contentFragment,mix:referenceable,mix:versionable]"
    jcr:primaryType="dam:Asset"
    jcr:uuid="e60eaf0e-5823-4464-b9ae-32d5feadd418">
    <jcr:content
        cq:isDelivered="{Boolean}false"
        cq:lastModified="{Date}2025-11-28T12:13:30.911Z"
        cq:lastModifiedBy="maripaul@eand.com"
        cq:lastReplicated="{Date}2025-12-12T11:08:37.533Z"
        cq:lastReplicated_publish="{Date}2025-12-12T11:08:37.533Z"
        cq:lastReplicatedBy="workflow-process-service"
        cq:lastReplicatedBy_publish="workflow-process-service"
        cq:lastReplicationAction="Activate"
        cq:lastReplicationAction_publish="Activate"
        cq:name="etisalat-by-e&amp;"
        cq:parentPath="/content/dam/daas/cfm/header/top-navigation/Eand-Topnav"
        jcr:lastModified="{Date}2023-10-21T12:50:45.166Z"
        jcr:lastModifiedBy="azaraheem@etisalat.ae"
        jcr:mixinTypes="[cq:ReplicationStatus,cq:ReplicationStatus2]"
        jcr:primaryType="dam:AssetContent"
        jcr:title=" etisalat by e&amp;"
        contentFragment="{Boolean}true"
        lastFragmentSave="{Date}2023-10-21T12:50:45.166Z">
        <data
            cq:model="/conf/daas/settings/dam/cfm/models/business-menu-generic-link"
            jcr:primaryType="nt:unstructured"
            _strucVersion="{Long}1">
            <master
                jcr:mixinTypes="[cq:Taggable,dam:cfVariationNode]"
                jcr:primaryType="nt:unstructured"
                actionImage_x0040_LastModified="{Date}2023-10-21T12:49:08.042Z"
                ctaText_x0040_LastModified="{Date}2023-10-21T12:49:08.042Z"
                linkType="[absolute]"
                linkType_x0040_LastModified="{Date}2023-10-21T12:49:52.704Z"
                sameTabOrNewTab="_self"
                sameTabOrNewTab_x0040_LastModified="{Date}2023-10-21T12:49:52.705Z"
                subDescription_x0040_LastModified="{Date}2023-10-21T12:49:08.042Z"
                subHeading=" etisalat by e&amp;"
                subHeading_x0040_LastModified="{Date}2023-10-21T12:49:52.704Z"
                subLink="https:#"
                subLink_x0040_LastModified="{Date}2023-10-21T12:49:52.705Z"/>
            <ar
                jcr:mixinTypes="[cq:Taggable,dam:cfVariationNode]"
                jcr:primaryType="nt:unstructured"
                _x0040_variationCreationDate="{Date}2023-10-21T12:50:06.862Z"
                actionImage_x0040_LastModified="{Date}2023-10-21T12:50:06.865Z"
                ctaText_x0040_LastModified="{Date}2023-10-21T12:50:06.864Z"
                linkType="[absolute]"
                linkType_x0040_LastModified="{Date}2023-10-21T12:50:06.864Z"
                sameTabOrNewTab="_self"
                sameTabOrNewTab_x0040_LastModified="{Date}2023-10-21T12:50:06.865Z"
                subDescription_x0040_LastModified="{Date}2023-10-21T12:50:06.864Z"
                subHeading=" اتصالات من &amp;e"
                subHeading_x0040_LastModified="{Date}2023-10-21T12:50:44.941Z"
                subLink="https:#"
                subLink_x0040_LastModified="{Date}2023-10-21T12:50:44.942Z"/>
        </data>
        <indexedData jcr:primaryType="nt:unstructured">
            <master
                jcr:mixinTypes="[dam:IndexedFragmentData]"
                jcr:primaryType="nt:unstructured"
                jcr:uuid="1b6d6e89-7765-4c07-b952-9dafc08bc2b0"
                _x0040_string_x0040_model="/conf/daas/settings/dam/cfm/models/business-menu-generic-link"
                _x0040_stringArray_x0040_variations="[ar]"
                string_x0040_sameTabOrNewTab="_self"
                string_x0040_subHeading=" etisalat by e&amp;"
                string_x0040_subLink="https:#"
                stringArray_x0040_linkType="[absolute]"/>
            <ar
                jcr:mixinTypes="[dam:IndexedFragmentData]"
                jcr:primaryType="nt:unstructured"
                jcr:uuid="aa5bf73b-292d-4ed9-96df-f704ede9c518"
                _x0040_string_x0040_model="/conf/daas/settings/dam/cfm/models/business-menu-generic-link"
                string_x0040_sameTabOrNewTab="_self"
                string_x0040_subHeading=" اتصالات من &amp;e"
                string_x0040_subLink="https:#"
                stringArray_x0040_linkType="[absolute]"/>
        </indexedData>
        <metadata
            jcr:mixinTypes="[cq:Taggable]"
            jcr:primaryType="nt:unstructured"/>
        <model jcr:primaryType="nt:unstructured">
            <variations jcr:primaryType="nt:unstructured">
                <ar
                    jcr:description="\0"
                    jcr:mixinTypes="[cq:Taggable]"
                    jcr:primaryType="nt:unstructured"
                    jcr:title="Ar"
                    name="ar">
                    <properties
                        jcr:primaryType="nt:unstructured"
                        synchronizeWithVersion="[subHeading:054c4517-6214-4e27-982c-508ae8f58c61,subDescription:054c4517-6214-4e27-982c-508ae8f58c61,linkType:054c4517-6214-4e27-982c-508ae8f58c61,ctaText:054c4517-6214-4e27-982c-508ae8f58c61,subLink:054c4517-6214-4e27-982c-508ae8f58c61,sameTabOrNewTab:054c4517-6214-4e27-982c-508ae8f58c61,actionImage:054c4517-6214-4e27-982c-508ae8f58c61]"/>
                </ar>
            </variations>
        </model>
        <related jcr:primaryType="nt:unstructured"/>
    </jcr:content>
</jcr:root>
