<?xml version="1.0" encoding="UTF-8"?>
<jcr:root xmlns:jcr="http://www.jcp.org/jcr/1.0" xmlns:dam="http://www.day.com/dam/1.0" xmlns:nt="http://www.jcp.org/jcr/nt/1.0" xmlns:mix="http://www.jcp.org/jcr/mix/1.0" xmlns:cq="http://www.day.com/jcr/cq/1.0"
    jcr:isCheckedOut="{Boolean}true"
    jcr:mixinTypes="[cq:contentFragment,mix:referenceable,mix:versionable]"
    jcr:primaryType="dam:Asset"
    jcr:uuid="905e0702-7d87-435a-931d-e53a19fd6e30">
    <jcr:content
        cq:isDelivered="{Boolean}false"
        cq:lastModified="{Date}2025-11-28T12:13:37.214Z"
        cq:lastModifiedBy="maripaul@eand.com"
        cq:lastReplicated="{Date}2025-12-12T11:08:37.533Z"
        cq:lastReplicated_publish="{Date}2025-12-12T11:08:37.533Z"
        cq:lastReplicatedBy="workflow-process-service"
        cq:lastReplicatedBy_publish="workflow-process-service"
        cq:lastReplicationAction="Activate"
        cq:lastReplicationAction_publish="Activate"
        cq:name="logo-section"
        cq:parentPath="/content/dam/daas/cfm/header/top-navigation"
        jcr:lastModified="{Date}2025-03-12T08:04:38.580Z"
        jcr:lastModifiedBy="suvenkatachalam@eand.com"
        jcr:mixinTypes="[cq:ReplicationStatus,cq:ReplicationStatus2]"
        jcr:primaryType="dam:AssetContent"
        jcr:title="Logo Section"
        contentFragment="{Boolean}true"
        lastFragmentSave="{Date}2025-03-12T08:04:38.580Z">
        <data
            cq:model="/conf/daas/settings/dam/cfm/models/business-menu-generic-link"
            jcr:primaryType="nt:unstructured"
            _strucVersion="{Long}1">
            <master
                jcr:mixinTypes="[cq:Taggable,dam:cfVariationNode]"
                jcr:primaryType="nt:unstructured"
                actionImage="/content/dam/daas/cfm/header/images/logo-business.svg"
                actionImage_x0040_LastModified="{Date}2025-03-12T08:04:25.319Z"
                actionImage_x0040_LastModifiedBy="suvenkatachalam@eand.com"
                ctaText_x0040_LastModified="{Date}2023-10-21T16:39:09.333Z"
                linkType_x0040_LastModified="{Date}2023-10-21T16:39:09.333Z"
                sameTabOrNewTab="_self"
                sameTabOrNewTab_x0040_LastModified="{Date}2023-10-21T16:41:33.482Z"
                subDescription_x0040_LastModified="{Date}2023-10-21T16:39:09.333Z"
                subHeading_x0040_LastModified="{Date}2023-10-21T16:39:09.333Z"
                subLink="#"
                subLink_x0040_LastModified="{Date}2023-10-21T16:43:35.679Z">
                <card
                    jcr:primaryType="nt:unstructured"
                    assets="[&quot;/content/dam/daas/cfm/header/images/logo-business.svg&quot;]"
                    texts="[#]"/>
            </master>
            <ar
                jcr:mixinTypes="[cq:Taggable,dam:cfVariationNode]"
                jcr:primaryType="nt:unstructured"
                _x0040_variationCreationDate="{Date}2023-10-21T16:41:41.700Z"
                actionImage="/content/dam/daas/cfm/header/images/etisalat-logo-ar.svg"
                actionImage_x0040_LastModified="{Date}2025-03-12T08:04:38.360Z"
                actionImage_x0040_LastModifiedBy="suvenkatachalam@eand.com"
                ctaText_x0040_LastModified="{Date}2023-10-21T16:41:41.701Z"
                linkType_x0040_LastModified="{Date}2023-10-21T16:41:41.701Z"
                sameTabOrNewTab="_self"
                sameTabOrNewTab_x0040_LastModified="{Date}2023-10-21T16:41:41.702Z"
                subDescription_x0040_LastModified="{Date}2023-10-21T16:41:41.701Z"
                subHeading_x0040_LastModified="{Date}2023-10-21T16:41:41.701Z"
                subLink="#"
                subLink_x0040_LastModified="{Date}2023-10-21T16:42:33.753Z"/>
        </data>
        <indexedData jcr:primaryType="nt:unstructured">
            <master
                jcr:mixinTypes="[dam:IndexedFragmentData]"
                jcr:primaryType="nt:unstructured"
                jcr:uuid="0eab3801-5495-4464-a789-08ccd47308ed"
                _x0040_string_x0040_model="/conf/daas/settings/dam/cfm/models/business-menu-generic-link"
                _x0040_stringArray_x0040_variations="[ar]"
                string_x0040_sameTabOrNewTab="_self"
                string_x0040_subLink="#"/>
            <ar
                jcr:mixinTypes="[dam:IndexedFragmentData]"
                jcr:primaryType="nt:unstructured"
                jcr:uuid="b1c76307-acb8-4e3b-84ae-ec8e014efe05"
                _x0040_string_x0040_model="/conf/daas/settings/dam/cfm/models/business-menu-generic-link"
                string_x0040_sameTabOrNewTab="_self"
                string_x0040_subLink="#"/>
        </indexedData>
        <metadata
            jcr:mixinTypes="[cq:Taggable]"
            jcr:primaryType="nt:unstructured">
            <dam:cfVariations jcr:primaryType="nt:unstructured">
                <ar
                    jcr:mixinTypes="[cq:Taggable]"
                    jcr:primaryType="nt:unstructured"/>
            </dam:cfVariations>
        </metadata>
        <model jcr:primaryType="nt:unstructured">
            <variations jcr:primaryType="nt:unstructured">
                <ar
                    jcr:description="\0"
                    jcr:mixinTypes="[cq:Taggable]"
                    jcr:primaryType="nt:unstructured"
                    jcr:title="Ar"
                    name="ar">
                    <properties
                        jcr:primaryType="nt:unstructured"
                        synchronizeWithVersion="[subHeading:c79abe13-63bf-46d9-9393-b2c0399dd527,subDescription:c79abe13-63bf-46d9-9393-b2c0399dd527,linkType:c79abe13-63bf-46d9-9393-b2c0399dd527,ctaText:c79abe13-63bf-46d9-9393-b2c0399dd527,subLink:c79abe13-63bf-46d9-9393-b2c0399dd527,sameTabOrNewTab:c79abe13-63bf-46d9-9393-b2c0399dd527,actionImage:c79abe13-63bf-46d9-9393-b2c0399dd527]"/>
                </ar>
            </variations>
        </model>
        <related jcr:primaryType="nt:unstructured"/>
    </jcr:content>
</jcr:root>
