<?xml version="1.0" encoding="UTF-8"?>
<jcr:root xmlns:jcr="http://www.jcp.org/jcr/1.0" xmlns:dam="http://www.day.com/dam/1.0" xmlns:nt="http://www.jcp.org/jcr/nt/1.0" xmlns:mix="http://www.jcp.org/jcr/mix/1.0" xmlns:cq="http://www.day.com/jcr/cq/1.0"
    jcr:isCheckedOut="{Boolean}true"
    jcr:mixinTypes="[cq:contentFragment,mix:referenceable,mix:versionable]"
    jcr:primaryType="dam:Asset"
    jcr:uuid="e35e68f1-1906-4c82-a07b-67207976be5e">
    <jcr:content
        cq:isDelivered="{Boolean}false"
        cq:lastModified="{Date}2025-11-28T12:13:33.343Z"
        cq:lastModifiedBy="maripaul@eand.com"
        cq:lastReplicated="{Date}2025-12-12T11:08:37.533Z"
        cq:lastReplicated_publish="{Date}2025-12-12T11:08:37.533Z"
        cq:lastReplicatedBy="workflow-process-service"
        cq:lastReplicatedBy_publish="workflow-process-service"
        cq:lastReplicationAction="Activate"
        cq:lastReplicationAction_publish="Activate"
        cq:name="product-sub-sec-3"
        cq:parentPath="/content/dam/daas/cfm/header/top-navigation"
        jcr:lastModified="{Date}2025-03-11T11:46:25.864Z"
        jcr:lastModifiedBy="suvenkatachalam@eand.com"
        jcr:mixinTypes="[cq:ReplicationStatus,cq:ReplicationStatus2]"
        jcr:primaryType="dam:AssetContent"
        jcr:title="Product Sub Sec 3"
        contentFragment="{Boolean}true"
        lastFragmentSave="{Date}2025-03-11T11:46:25.864Z">
        <data
            cq:model="/conf/daas/settings/dam/cfm/models/business-mega-menu-sub-section"
            jcr:primaryType="nt:unstructured"
            _strucVersion="{Long}1">
            <master
                jcr:mixinTypes="[cq:Taggable,dam:cfVariationNode]"
                jcr:primaryType="nt:unstructured"
                menuHeading="Digital Products"
                menuHeading_x0040_LastModified="{Date}2023-10-21T18:28:29.439Z"
                menuSubSection="[/content/dam/daas/cfm/header/mega-menu/digital-products/utap,/content/dam/daas/cfm/header/mega-menu/digital-products/cctv,/content/dam/daas/cfm/header/mega-menu/digital-products/vat-management,/content/dam/daas/cfm/header/mega-menu/digital-products/cyber-security,/content/dam/daas/cfm/header/mega-menu/digital-products/azure-cloud,/content/dam/daas/cfm/header/mega-menu/digital-products/collaboration,/content/dam/daas/cfm/header/mega-menu/digital-products/email-and-sms]"
                menuSubSection_x0040_LastModified="{Date}2025-03-11T09:44:46.248Z"
                menuSubSection_x0040_LastModifiedBy="suvenkatachalam@eand.com"/>
            <ar
                jcr:mixinTypes="[cq:Taggable,dam:cfVariationNode]"
                jcr:primaryType="nt:unstructured"
                _x0040_variationCreationDate="{Date}2023-10-21T18:31:46.414Z"
                menuHeading="المنتجات الرقمية"
                menuHeading_x0040_LastModified="{Date}2023-10-21T18:31:57.026Z"
                menuSubSection="[/content/dam/daas/cfm/header/mega-menu/digital-products/utap,/content/dam/daas/cfm/header/mega-menu/digital-products/cctv,/content/dam/daas/cfm/header/mega-menu/digital-products/vat-management,/content/dam/daas/cfm/header/mega-menu/digital-products/cyber-security,/content/dam/daas/cfm/header/mega-menu/digital-products/azure-cloud,/content/dam/daas/cfm/header/mega-menu/digital-products/collaboration,/content/dam/daas/cfm/header/mega-menu/digital-products/email-and-sms]"
                menuSubSection_x0040_LastModified="{Date}2025-03-11T09:45:50.443Z"
                menuSubSection_x0040_LastModifiedBy="suvenkatachalam@eand.com"/>
        </data>
        <indexedData jcr:primaryType="nt:unstructured">
            <master
                jcr:mixinTypes="[dam:IndexedFragmentData]"
                jcr:primaryType="nt:unstructured"
                jcr:uuid="7be17b9d-ca20-4e3e-899c-9ce99577c3cc"
                _x0040_string_x0040_model="/conf/daas/settings/dam/cfm/models/business-mega-menu-sub-section"
                _x0040_stringArray_x0040_variations="[ar]"
                string_x0040_menuHeading="Digital Products"/>
            <ar
                jcr:mixinTypes="[dam:IndexedFragmentData]"
                jcr:primaryType="nt:unstructured"
                jcr:uuid="3f237d00-1c80-4ac8-a7d0-a72dec0f7fdd"
                _x0040_string_x0040_model="/conf/daas/settings/dam/cfm/models/business-mega-menu-sub-section"
                string_x0040_menuHeading="المنتجات الرقمية"/>
        </indexedData>
        <metadata
            jcr:mixinTypes="[cq:Taggable]"
            jcr:primaryType="nt:unstructured">
            <dam:cfVariations jcr:primaryType="nt:unstructured">
                <ar
                    jcr:mixinTypes="[cq:Taggable]"
                    jcr:primaryType="nt:unstructured"/>
            </dam:cfVariations>
        </metadata>
        <model jcr:primaryType="nt:unstructured">
            <variations jcr:primaryType="nt:unstructured">
                <ar
                    jcr:description="\0"
                    jcr:mixinTypes="[cq:Taggable]"
                    jcr:primaryType="nt:unstructured"
                    jcr:title="Ar"
                    name="ar">
                    <properties
                        jcr:primaryType="nt:unstructured"
                        synchronizeWithVersion="[menuHeading:4d43e4a7-f783-4e9a-9d52-8088e95ea863,menuSubSection:4d43e4a7-f783-4e9a-9d52-8088e95ea863]"/>
                </ar>
            </variations>
        </model>
        <related jcr:primaryType="nt:unstructured"/>
    </jcr:content>
</jcr:root>
