<?xml version="1.0" encoding="UTF-8"?>
<jcr:root xmlns:jcr="http://www.jcp.org/jcr/1.0" xmlns:dam="http://www.day.com/dam/1.0" xmlns:nt="http://www.jcp.org/jcr/nt/1.0" xmlns:mix="http://www.jcp.org/jcr/mix/1.0" xmlns:cq="http://www.day.com/jcr/cq/1.0"
    jcr:isCheckedOut="{Boolean}true"
    jcr:mixinTypes="[mix:referenceable,mix:versionable]"
    jcr:primaryType="dam:Asset"
    jcr:uuid="2cf11b05-8a66-4215-b6f5-ba2af51a041d">
    <jcr:content
        cq:isDelivered="{Boolean}false"
        cq:lastModified="{Date}2025-11-28T15:48:24.127+05:30"
        cq:lastModifiedBy="admin"
        cq:lastReplicationAction_publish="Activate"
        cq:name="terms-and-conditions"
        cq:parentPath="/content/dam/daas/cfm/footer-quicklinks/bottom"
        jcr:lastModified="{Date}2023-10-22T10:35:37.777Z"
        jcr:lastModifiedBy="azaraheem@etisalat.ae"
        jcr:mixinTypes="[cq:ReplicationStatus,cq:ReplicationStatus2]"
        jcr:primaryType="dam:AssetContent"
        jcr:title="Terms and Conditions"
        contentFragment="{Boolean}true"
        lastFragmentSave="{Date}2023-10-22T10:35:37.777Z">
        <data
            cq:model="/conf/daas/settings/dam/cfm/models/business-menu-generic-link"
            jcr:primaryType="nt:unstructured"
            _strucVersion="{Long}1">
            <master
                jcr:mixinTypes="[cq:Taggable,dam:cfVariationNode]"
                jcr:primaryType="nt:unstructured"
                actionImage_x0040_LastModified="{Date}2023-10-22T10:34:30.717Z"
                ctaText_x0040_LastModified="{Date}2023-10-22T10:34:30.717Z"
                linkType_x0040_LastModified="{Date}2023-10-22T10:34:30.717Z"
                sameTabOrNewTab="_self"
                sameTabOrNewTab_x0040_LastModified="{Date}2023-10-22T10:35:16.146Z"
                subDescription_x0040_LastModified="{Date}2023-10-22T10:34:30.717Z"
                subHeading="Terms and Conditions"
                subHeading_x0040_LastModified="{Date}2023-10-22T10:35:16.145Z"
                subLink="/en/smb/footer/terms-and-conditions.html"
                subLink_x0040_LastModified="{Date}2023-10-22T10:35:16.145Z"/>
            <ar
                jcr:mixinTypes="[cq:Taggable,dam:cfVariationNode]"
                jcr:primaryType="nt:unstructured"
                _x0040_variationCreationDate="{Date}2023-10-22T10:35:21.097Z"
                actionImage_x0040_LastModified="{Date}2023-10-22T10:35:21.099Z"
                ctaText_x0040_LastModified="{Date}2023-10-22T10:35:21.099Z"
                linkType_x0040_LastModified="{Date}2023-10-22T10:35:21.098Z"
                sameTabOrNewTab="_self"
                sameTabOrNewTab_x0040_LastModified="{Date}2023-10-22T10:35:21.099Z"
                subDescription_x0040_LastModified="{Date}2023-10-22T10:35:21.098Z"
                subHeading="الشروط والأحكام"
                subHeading_x0040_LastModified="{Date}2023-10-22T10:35:37.554Z"
                subLink="/ar/smb/footer/terms-and-conditions.html"
                subLink_x0040_LastModified="{Date}2023-10-22T10:35:37.554Z"/>
        </data>
        <indexedData jcr:primaryType="nt:unstructured">
            <master
                jcr:mixinTypes="[dam:IndexedFragmentData]"
                jcr:primaryType="nt:unstructured"
                jcr:uuid="fbf71abc-a1b9-446f-874e-e4185c6a4781"
                _x0040_string_x0040_model="/conf/daas/settings/dam/cfm/models/business-menu-generic-link"
                _x0040_stringArray_x0040_variations="[ar]"
                string_x0040_sameTabOrNewTab="_self"
                string_x0040_subHeading="Terms and Conditions"
                string_x0040_subLink="/en/smb/footer/terms-and-conditions.html"/>
            <ar
                jcr:mixinTypes="[dam:IndexedFragmentData]"
                jcr:primaryType="nt:unstructured"
                jcr:uuid="0c7f2da6-26b6-4f84-894c-fcc02ac05cc7"
                _x0040_string_x0040_model="/conf/daas/settings/dam/cfm/models/business-menu-generic-link"
                string_x0040_sameTabOrNewTab="_self"
                string_x0040_subHeading="الشروط والأحكام"
                string_x0040_subLink="/ar/smb/footer/terms-and-conditions.html"/>
        </indexedData>
        <metadata
            jcr:mixinTypes="[cq:Taggable]"
            jcr:primaryType="nt:unstructured"/>
        <model jcr:primaryType="nt:unstructured">
            <variations jcr:primaryType="nt:unstructured">
                <ar
                    jcr:description="\0"
                    jcr:mixinTypes="[cq:Taggable]"
                    jcr:primaryType="nt:unstructured"
                    jcr:title="Ar"
                    name="ar">
                    <properties
                        jcr:primaryType="nt:unstructured"
                        synchronizeWithVersion="[subHeading:ff683a79-abb4-4964-8444-ba89611758cf,subDescription:ff683a79-abb4-4964-8444-ba89611758cf,linkType:ff683a79-abb4-4964-8444-ba89611758cf,ctaText:ff683a79-abb4-4964-8444-ba89611758cf,subLink:ff683a79-abb4-4964-8444-ba89611758cf,sameTabOrNewTab:ff683a79-abb4-4964-8444-ba89611758cf,actionImage:ff683a79-abb4-4964-8444-ba89611758cf]"/>
                </ar>
            </variations>
        </model>
        <related jcr:primaryType="nt:unstructured"/>
    </jcr:content>
</jcr:root>
