<?xml version="1.0" encoding="UTF-8"?>
<jcr:root xmlns:jcr="http://www.jcp.org/jcr/1.0" xmlns:dam="http://www.day.com/dam/1.0" xmlns:nt="http://www.jcp.org/jcr/nt/1.0" xmlns:mix="http://www.jcp.org/jcr/mix/1.0" xmlns:cq="http://www.day.com/jcr/cq/1.0"
    jcr:isCheckedOut="{Boolean}true"
    jcr:mixinTypes="[cq:contentFragment,mix:referenceable,mix:versionable]"
    jcr:primaryType="dam:Asset"
    jcr:uuid="cfddd0d5-a01c-48af-ba81-09e01a477367">
    <jcr:content
        cq:isDelivered="{Boolean}false"
        cq:lastModified="{Date}2025-11-28T12:13:49.361Z"
        cq:lastModifiedBy="maripaul@eand.com"
        cq:lastReplicated="{Date}2025-12-12T11:08:27.477Z"
        cq:lastReplicated_publish="{Date}2025-12-12T11:08:27.477Z"
        cq:lastReplicatedBy="workflow-process-service"
        cq:lastReplicatedBy_publish="workflow-process-service"
        cq:lastReplicationAction="Activate"
        cq:lastReplicationAction_publish="Activate"
        cq:name="business-tv"
        cq:parentPath="/content/dam/daas/cfm/header/mega-menu/fixed-services"
        jcr:lastModified="{Date}2025-03-11T09:41:11.134Z"
        jcr:lastModifiedBy="suvenkatachalam@eand.com"
        jcr:mixinTypes="[cq:ReplicationStatus,cq:ReplicationStatus2]"
        jcr:primaryType="dam:AssetContent"
        jcr:title="Business TV"
        contentFragment="{Boolean}true"
        lastFragmentSave="{Date}2025-03-11T09:41:11.134Z">
        <data
            cq:model="/conf/daas/settings/dam/cfm/models/business-menu-generic-link"
            jcr:primaryType="nt:unstructured"
            _strucVersion="{Long}1">
            <master
                jcr:mixinTypes="[cq:Taggable,dam:cfVariationNode]"
                jcr:primaryType="nt:unstructured"
                actionImage_x0040_LastModified="{Date}2023-10-21T17:22:19.097Z"
                ctaText_x0040_LastModified="{Date}2023-10-21T17:22:19.097Z"
                linkType_x0040_LastModified="{Date}2023-10-21T17:22:19.097Z"
                sameTabOrNewTab="_self"
                sameTabOrNewTab_x0040_LastModified="{Date}2023-10-21T17:22:36.994Z"
                subDescription_x0040_LastModified="{Date}2023-10-21T17:22:19.097Z"
                subHeading="Business TV"
                subHeading_x0040_LastModified="{Date}2023-10-21T17:22:53.353Z"
                subLink="#"
                subLink_x0040_LastModified="{Date}2025-03-11T09:40:43.297Z"
                subLink_x0040_LastModifiedBy="suvenkatachalam@eand.com"/>
            <ar
                jcr:mixinTypes="[cq:Taggable,dam:cfVariationNode]"
                jcr:primaryType="nt:unstructured"
                _x0040_variationCreationDate="{Date}2023-10-21T17:22:59.208Z"
                actionImage_x0040_LastModified="{Date}2023-10-21T17:22:59.210Z"
                ctaText_x0040_LastModified="{Date}2023-10-21T17:22:59.209Z"
                linkType_x0040_LastModified="{Date}2023-10-21T17:22:59.209Z"
                sameTabOrNewTab="_self"
                sameTabOrNewTab_x0040_LastModified="{Date}2023-10-21T17:22:59.210Z"
                subDescription_x0040_LastModified="{Date}2023-10-21T17:22:59.209Z"
                subHeading="تلفزيون الأعمال"
                subHeading_x0040_LastModified="{Date}2023-10-21T17:23:16.072Z"
                subLink="#"
                subLink_x0040_LastModified="{Date}2025-03-11T09:41:10.928Z"
                subLink_x0040_LastModifiedBy="suvenkatachalam@eand.com"/>
        </data>
        <indexedData jcr:primaryType="nt:unstructured">
            <master
                jcr:mixinTypes="[dam:IndexedFragmentData]"
                jcr:primaryType="nt:unstructured"
                jcr:uuid="0bf1c843-5999-4675-a7ea-407fd49db5c8"
                _x0040_string_x0040_model="/conf/daas/settings/dam/cfm/models/business-menu-generic-link"
                _x0040_stringArray_x0040_variations="[ar]"
                string_x0040_sameTabOrNewTab="_self"
                string_x0040_subHeading="Business TV"
                string_x0040_subLink="#"/>
            <ar
                jcr:mixinTypes="[dam:IndexedFragmentData]"
                jcr:primaryType="nt:unstructured"
                jcr:uuid="1a153439-e0d6-442d-8368-b8e6842ee225"
                _x0040_string_x0040_model="/conf/daas/settings/dam/cfm/models/business-menu-generic-link"
                string_x0040_sameTabOrNewTab="_self"
                string_x0040_subHeading="تلفزيون الأعمال"
                string_x0040_subLink="#"/>
        </indexedData>
        <metadata
            jcr:mixinTypes="[cq:Taggable]"
            jcr:primaryType="nt:unstructured">
            <dam:cfVariations jcr:primaryType="nt:unstructured">
                <ar
                    jcr:mixinTypes="[cq:Taggable]"
                    jcr:primaryType="nt:unstructured"/>
            </dam:cfVariations>
        </metadata>
        <model jcr:primaryType="nt:unstructured">
            <variations jcr:primaryType="nt:unstructured">
                <ar
                    jcr:description="\0"
                    jcr:mixinTypes="[cq:Taggable]"
                    jcr:primaryType="nt:unstructured"
                    jcr:title="Ar"
                    name="ar">
                    <properties
                        jcr:primaryType="nt:unstructured"
                        synchronizeWithVersion="[subHeading:b75b89a9-c1f0-4926-8b25-3d58d8542b43,subDescription:b75b89a9-c1f0-4926-8b25-3d58d8542b43,linkType:b75b89a9-c1f0-4926-8b25-3d58d8542b43,ctaText:b75b89a9-c1f0-4926-8b25-3d58d8542b43,subLink:b75b89a9-c1f0-4926-8b25-3d58d8542b43,sameTabOrNewTab:b75b89a9-c1f0-4926-8b25-3d58d8542b43,actionImage:b75b89a9-c1f0-4926-8b25-3d58d8542b43]"/>
                </ar>
            </variations>
        </model>
        <related jcr:primaryType="nt:unstructured"/>
    </jcr:content>
</jcr:root>
