<?xml version="1.0" encoding="UTF-8"?>
<jcr:root xmlns:jcr="http://www.jcp.org/jcr/1.0" xmlns:dam="http://www.day.com/dam/1.0" xmlns:nt="http://www.jcp.org/jcr/nt/1.0" xmlns:mix="http://www.jcp.org/jcr/mix/1.0" xmlns:cq="http://www.day.com/jcr/cq/1.0"
    jcr:isCheckedOut="{Boolean}true"
    jcr:mixinTypes="[cq:contentFragment,mix:referenceable,mix:versionable]"
    jcr:primaryType="dam:Asset"
    jcr:uuid="91df7e04-e7f3-4245-b50e-1b5b0d649784">
    <jcr:content
        cq:isDelivered="{Boolean}false"
        cq:lastModified="{Date}2025-11-28T15:48:23.676+05:30"
        cq:lastModifiedBy="admin"
        cq:lastReplicated="{Date}2025-12-12T11:11:25.622Z"
        cq:lastReplicated_publish="{Date}2025-12-12T11:11:25.622Z"
        cq:lastReplicatedBy="workflow-process-service"
        cq:lastReplicatedBy_publish="workflow-process-service"
        cq:lastReplicationAction="Activate"
        cq:lastReplicationAction_publish="Activate"
        cq:name="e&amp;capital"
        cq:parentPath="/content/dam/daas/cfm/footer-quicklinks/quick-links"
        jcr:lastModified="{Date}2025-12-06T07:00:03.211Z"
        jcr:lastModifiedBy="amaidheen@eand.com"
        jcr:mixinTypes="[cq:ReplicationStatus,cq:ReplicationStatus2]"
        jcr:primaryType="dam:AssetContent"
        jcr:title="e&amp;capital "
        contentFragment="{Boolean}true"
        lastFragmentSave="{Date}2025-12-06T07:00:03.211Z">
        <data
            cq:model="/conf/daas/settings/dam/cfm/models/business-menu-generic-link"
            jcr:primaryType="nt:unstructured"
            _strucVersion="{Long}1">
            <master
                jcr:mixinTypes="[cq:Taggable,dam:cfVariationNode]"
                jcr:primaryType="nt:unstructured"
                actionImage="/content/dam/daas/cfm/footer/images/actions-open-link.svg"
                actionImage_x0040_LastModified="{Date}2025-11-28T14:12:19.978Z"
                actionImage_x0040_LastModifiedBy="maripaul@eand.com"
                ctaText_x0040_LastModified="{Date}2023-10-22T09:29:56.520Z"
                linkType="[absolute]"
                linkType_x0040_LastModified="{Date}2023-10-22T09:30:50.596Z"
                sameTabOrNewTab="_blank"
                sameTabOrNewTab_x0040_LastModified="{Date}2023-10-22T09:30:50.597Z"
                subDescription_x0040_LastModified="{Date}2023-10-22T09:29:56.520Z"
                subHeading="e&amp;capital"
                subHeading_x0040_LastModified="{Date}2023-10-22T09:30:50.596Z"
                subLink="#"
                subLink_x0040_LastModified="{Date}2025-12-06T06:59:46.186Z"
                subLink_x0040_LastModifiedBy="amaidheen@eand.com">
                <card
                    jcr:primaryType="nt:unstructured"
                    assets="[&quot;/content/dam/daas/cfm/images/actions-open-link.svg&quot;]"
                    texts="[e&amp;capital,https:#]"/>
            </master>
            <ar
                jcr:mixinTypes="[cq:Taggable,dam:cfVariationNode]"
                jcr:primaryType="nt:unstructured"
                _x0040_variationCreationDate="{Date}2023-10-22T09:30:55.600Z"
                actionImage="/content/dam/daas/cfm/footer/images/actions-open-link.svg"
                actionImage_x0040_LastModified="{Date}2025-11-28T14:12:28.360Z"
                actionImage_x0040_LastModifiedBy="maripaul@eand.com"
                ctaText_x0040_LastModified="{Date}2023-10-22T09:30:55.602Z"
                linkType="[absolute]"
                linkType_x0040_LastModified="{Date}2023-10-22T09:30:55.601Z"
                sameTabOrNewTab="_blank"
                sameTabOrNewTab_x0040_LastModified="{Date}2023-10-22T09:30:55.602Z"
                subDescription_x0040_LastModified="{Date}2023-10-22T09:30:55.601Z"
                subHeading="الاستثمار &amp;e "
                subHeading_x0040_LastModified="{Date}2023-10-22T09:31:23.511Z"
                subLink="#"
                subLink_x0040_LastModified="{Date}2025-12-06T06:59:50.402Z"
                subLink_x0040_LastModifiedBy="amaidheen@eand.com"/>
        </data>
        <indexedData jcr:primaryType="nt:unstructured">
            <master
                jcr:mixinTypes="[dam:IndexedFragmentData]"
                jcr:primaryType="nt:unstructured"
                jcr:uuid="d3f5ea41-98fa-472b-80e7-07ce5a3d34d6"
                _x0040_string_x0040_model="/conf/daas/settings/dam/cfm/models/business-menu-generic-link"
                _x0040_stringArray_x0040_variations="[ar]"
                string_x0040_sameTabOrNewTab="_blank"
                string_x0040_subHeading="e&amp;capital"
                string_x0040_subLink="#"
                stringArray_x0040_linkType="[absolute]"/>
            <ar
                jcr:mixinTypes="[dam:IndexedFragmentData]"
                jcr:primaryType="nt:unstructured"
                jcr:uuid="b9f06925-9b0c-4044-b6ec-29c158ae1fac"
                _x0040_string_x0040_model="/conf/daas/settings/dam/cfm/models/business-menu-generic-link"
                string_x0040_sameTabOrNewTab="_blank"
                string_x0040_subHeading="الاستثمار &amp;e "
                string_x0040_subLink="#"
                stringArray_x0040_linkType="[absolute]"/>
        </indexedData>
        <metadata
            jcr:mixinTypes="[cq:Taggable]"
            jcr:primaryType="nt:unstructured">
            <dam:cfVariations jcr:primaryType="nt:unstructured">
                <ar
                    jcr:mixinTypes="[cq:Taggable]"
                    jcr:primaryType="nt:unstructured"/>
            </dam:cfVariations>
        </metadata>
        <model jcr:primaryType="nt:unstructured">
            <variations jcr:primaryType="nt:unstructured">
                <ar
                    jcr:description="\0"
                    jcr:mixinTypes="[cq:Taggable]"
                    jcr:primaryType="nt:unstructured"
                    jcr:title="Ar"
                    name="ar">
                    <properties
                        jcr:primaryType="nt:unstructured"
                        synchronizeWithVersion="[subHeading:c21caeb1-a73e-4328-aa27-ad014082fa30,subDescription:c21caeb1-a73e-4328-aa27-ad014082fa30,linkType:c21caeb1-a73e-4328-aa27-ad014082fa30,ctaText:c21caeb1-a73e-4328-aa27-ad014082fa30,subLink:c21caeb1-a73e-4328-aa27-ad014082fa30,sameTabOrNewTab:c21caeb1-a73e-4328-aa27-ad014082fa30,actionImage:c21caeb1-a73e-4328-aa27-ad014082fa30]"/>
                </ar>
            </variations>
        </model>
        <related jcr:primaryType="nt:unstructured"/>
    </jcr:content>
</jcr:root>
