<?xml version="1.0" encoding="UTF-8"?>
<jcr:root xmlns:jcr="http://www.jcp.org/jcr/1.0" xmlns:dam="http://www.day.com/dam/1.0" xmlns:nt="http://www.jcp.org/jcr/nt/1.0" xmlns:mix="http://www.jcp.org/jcr/mix/1.0" xmlns:cq="http://www.day.com/jcr/cq/1.0"
    jcr:isCheckedOut="{Boolean}true"
    jcr:mixinTypes="[cq:contentFragment,mix:referenceable,mix:versionable]"
    jcr:primaryType="dam:Asset"
    jcr:uuid="18368c16-360a-454b-a028-ef8afe607670">
    <jcr:content
        cq:isDelivered="{Boolean}false"
        cq:lastModified="{Date}2025-11-28T12:13:38.844Z"
        cq:lastModifiedBy="maripaul@eand.com"
        cq:lastReplicated="{Date}2025-12-12T11:08:27.477Z"
        cq:lastReplicated_publish="{Date}2025-12-12T11:08:27.477Z"
        cq:lastReplicatedBy="workflow-process-service"
        cq:lastReplicatedBy_publish="workflow-process-service"
        cq:lastReplicationAction="Activate"
        cq:lastReplicationAction_publish="Activate"
        cq:name="legal"
        cq:parentPath="/content/dam/daas/cfm/header/mega-menu/ai-solutions"
        jcr:lastModified="{Date}2025-03-11T21:30:08.067Z"
        jcr:lastModifiedBy="suvenkatachalam@eand.com"
        jcr:mixinTypes="[cq:ReplicationStatus,cq:ReplicationStatus2]"
        jcr:primaryType="dam:AssetContent"
        jcr:title="Legal"
        contentFragment="{Boolean}true"
        lastFragmentSave="{Date}2025-03-11T21:30:08.067Z">
        <data
            cq:model="/conf/daas/settings/dam/cfm/models/business-menu-generic-link"
            jcr:primaryType="nt:unstructured"
            _strucVersion="{Long}1">
            <master
                jcr:mixinTypes="[cq:Taggable,dam:cfVariationNode]"
                jcr:primaryType="nt:unstructured"
                actionImage_x0040_LastModified="{Date}2023-10-21T17:22:19.097Z"
                ctaText_x0040_LastModified="{Date}2023-10-21T17:22:19.097Z"
                linkType_x0040_LastModified="{Date}2023-10-21T17:22:19.097Z"
                sameTabOrNewTab="_self"
                sameTabOrNewTab_x0040_LastModified="{Date}2023-10-21T17:22:36.994Z"
                subDescription_x0040_LastModified="{Date}2023-10-21T17:22:19.097Z"
                subHeading="Legal"
                subHeading_x0040_LastModified="{Date}2025-03-11T12:18:45.202Z"
                subHeading_x0040_LastModifiedBy="suvenkatachalam@eand.com"
                subLink="#?##1"
                subLink_x0040_LastModified="{Date}2025-03-11T12:18:45.203Z"
                subLink_x0040_LastModifiedBy="suvenkatachalam@eand.com"/>
            <ar
                jcr:mixinTypes="[cq:Taggable,dam:cfVariationNode]"
                jcr:primaryType="nt:unstructured"
                _x0040_variationCreationDate="{Date}2023-10-21T17:22:59.208Z"
                actionImage_x0040_LastModified="{Date}2023-10-21T17:22:59.210Z"
                ctaText_x0040_LastModified="{Date}2023-10-21T17:22:59.209Z"
                linkType_x0040_LastModified="{Date}2023-10-21T17:22:59.209Z"
                sameTabOrNewTab="_self"
                sameTabOrNewTab_x0040_LastModified="{Date}2023-10-21T17:22:59.210Z"
                subDescription_x0040_LastModified="{Date}2023-10-21T17:22:59.209Z"
                subHeading="المجالات القانونية"
                subHeading_x0040_LastModified="{Date}2025-03-11T21:30:07.841Z"
                subHeading_x0040_LastModifiedBy="suvenkatachalam@eand.com"
                subLink="#?##1"
                subLink_x0040_LastModified="{Date}2025-03-11T21:30:07.844Z"
                subLink_x0040_LastModifiedBy="suvenkatachalam@eand.com"/>
        </data>
        <indexedData jcr:primaryType="nt:unstructured">
            <master
                jcr:mixinTypes="[dam:IndexedFragmentData]"
                jcr:primaryType="nt:unstructured"
                jcr:uuid="987dbe6e-60e9-48b1-bf2d-ea22aaa10bc5"
                _x0040_string_x0040_model="/conf/daas/settings/dam/cfm/models/business-menu-generic-link"
                _x0040_stringArray_x0040_variations="[ar]"
                string_x0040_sameTabOrNewTab="_self"
                string_x0040_subHeading="Legal"
                string_x0040_subLink="#?##1"/>
            <ar
                jcr:mixinTypes="[dam:IndexedFragmentData]"
                jcr:primaryType="nt:unstructured"
                jcr:uuid="7880f415-3103-465b-b007-8fbb41c29164"
                _x0040_string_x0040_model="/conf/daas/settings/dam/cfm/models/business-menu-generic-link"
                string_x0040_sameTabOrNewTab="_self"
                string_x0040_subHeading="المجالات القانونية"
                string_x0040_subLink="#?##1"/>
        </indexedData>
        <metadata
            jcr:mixinTypes="[cq:Taggable]"
            jcr:primaryType="nt:unstructured">
            <dam:cfVariations jcr:primaryType="nt:unstructured">
                <ar
                    jcr:mixinTypes="[cq:Taggable]"
                    jcr:primaryType="nt:unstructured"/>
            </dam:cfVariations>
        </metadata>
        <model jcr:primaryType="nt:unstructured">
            <variations jcr:primaryType="nt:unstructured">
                <ar
                    jcr:description="\0"
                    jcr:mixinTypes="[cq:Taggable]"
                    jcr:primaryType="nt:unstructured"
                    jcr:title="Ar"
                    name="ar">
                    <properties
                        jcr:primaryType="nt:unstructured"
                        synchronizeWithVersion="[subHeading:b75b89a9-c1f0-4926-8b25-3d58d8542b43,subDescription:b75b89a9-c1f0-4926-8b25-3d58d8542b43,linkType:b75b89a9-c1f0-4926-8b25-3d58d8542b43,ctaText:b75b89a9-c1f0-4926-8b25-3d58d8542b43,subLink:b75b89a9-c1f0-4926-8b25-3d58d8542b43,sameTabOrNewTab:b75b89a9-c1f0-4926-8b25-3d58d8542b43,actionImage:b75b89a9-c1f0-4926-8b25-3d58d8542b43]"/>
                </ar>
            </variations>
        </model>
        <related jcr:primaryType="nt:unstructured"/>
    </jcr:content>
</jcr:root>
