<?xml version="1.0" encoding="UTF-8"?>
<jcr:root xmlns:jcr="http://www.jcp.org/jcr/1.0" xmlns:dam="http://www.day.com/dam/1.0" xmlns:nt="http://www.jcp.org/jcr/nt/1.0" xmlns:mix="http://www.jcp.org/jcr/mix/1.0" xmlns:cq="http://www.day.com/jcr/cq/1.0"
    jcr:isCheckedOut="{Boolean}true"
    jcr:mixinTypes="[cq:contentFragment,mix:referenceable,mix:versionable]"
    jcr:primaryType="dam:Asset"
    jcr:uuid="f5eb7fc3-97c4-4c76-a077-5da7277f7cbf">
    <jcr:content
        cq:isDelivered="{Boolean}false"
        cq:lastModified="{Date}2025-11-28T12:13:46.033Z"
        cq:lastModifiedBy="maripaul@eand.com"
        cq:lastReplicated="{Date}2025-12-12T11:08:27.477Z"
        cq:lastReplicated_publish="{Date}2025-12-12T11:08:27.477Z"
        cq:lastReplicatedBy="workflow-process-service"
        cq:lastReplicatedBy_publish="workflow-process-service"
        cq:lastReplicationAction="Activate"
        cq:lastReplicationAction_publish="Activate"
        cq:name="vat-management"
        cq:parentPath="/content/dam/daas/cfm/header/mega-menu/digital-products"
        jcr:lastModified="{Date}2025-03-11T09:53:29.835Z"
        jcr:lastModifiedBy="suvenkatachalam@eand.com"
        jcr:mixinTypes="[cq:ReplicationStatus,cq:ReplicationStatus2]"
        jcr:primaryType="dam:AssetContent"
        jcr:title="Taxation &amp; Accounting"
        contentFragment="{Boolean}true"
        lastFragmentSave="{Date}2025-03-11T09:53:29.835Z">
        <data
            cq:model="/conf/daas/settings/dam/cfm/models/business-menu-generic-link"
            jcr:primaryType="nt:unstructured"
            _strucVersion="{Long}1">
            <master
                jcr:mixinTypes="[cq:Taggable,dam:cfVariationNode]"
                jcr:primaryType="nt:unstructured"
                actionImage_x0040_LastModified="{Date}2023-10-21T17:58:46.917Z"
                ctaText_x0040_LastModified="{Date}2023-10-21T17:58:46.917Z"
                linkType_x0040_LastModified="{Date}2023-10-21T17:58:46.917Z"
                sameTabOrNewTab="_self"
                sameTabOrNewTab_x0040_LastModified="{Date}2023-10-21T17:59:07.173Z"
                subDescription_x0040_LastModified="{Date}2023-10-21T17:58:46.917Z"
                subHeading="Taxation &amp; Accounting"
                subHeading_x0040_LastModified="{Date}2025-03-11T09:52:32.150Z"
                subHeading_x0040_LastModifiedBy="suvenkatachalam@eand.com"
                subLink="#"
                subLink_x0040_LastModified="{Date}2023-10-21T17:59:07.172Z"/>
            <ar
                jcr:mixinTypes="[cq:Taggable,dam:cfVariationNode]"
                jcr:primaryType="nt:unstructured"
                _x0040_variationCreationDate="{Date}2023-10-21T17:59:12.440Z"
                actionImage_x0040_LastModified="{Date}2023-10-21T17:59:12.445Z"
                ctaText_x0040_LastModified="{Date}2023-10-21T17:59:12.443Z"
                linkType_x0040_LastModified="{Date}2023-10-21T17:59:12.443Z"
                sameTabOrNewTab="_self"
                sameTabOrNewTab_x0040_LastModified="{Date}2023-10-21T17:59:12.444Z"
                subDescription_x0040_LastModified="{Date}2023-10-21T17:59:12.442Z"
                subHeading="حلول الضرائب والمحاسبة"
                subHeading_x0040_LastModified="{Date}2025-03-11T09:53:29.631Z"
                subHeading_x0040_LastModifiedBy="suvenkatachalam@eand.com"
                subLink="#"
                subLink_x0040_LastModified="{Date}2023-10-21T18:03:30.826Z"/>
        </data>
        <indexedData jcr:primaryType="nt:unstructured">
            <master
                jcr:mixinTypes="[dam:IndexedFragmentData]"
                jcr:primaryType="nt:unstructured"
                jcr:uuid="bdf8b4b9-1ed7-4156-b4bf-8a98c8948728"
                _x0040_string_x0040_model="/conf/daas/settings/dam/cfm/models/business-menu-generic-link"
                _x0040_stringArray_x0040_variations="[ar]"
                string_x0040_sameTabOrNewTab="_self"
                string_x0040_subHeading="Taxation &amp; Accounting"
                string_x0040_subLink="#"/>
            <ar
                jcr:mixinTypes="[dam:IndexedFragmentData]"
                jcr:primaryType="nt:unstructured"
                jcr:uuid="9662bc49-65d1-42e1-976d-7e0b4d502b46"
                _x0040_string_x0040_model="/conf/daas/settings/dam/cfm/models/business-menu-generic-link"
                string_x0040_sameTabOrNewTab="_self"
                string_x0040_subHeading="حلول الضرائب والمحاسبة"
                string_x0040_subLink="#"/>
        </indexedData>
        <metadata
            jcr:mixinTypes="[cq:Taggable]"
            jcr:primaryType="nt:unstructured">
            <dam:cfVariations jcr:primaryType="nt:unstructured">
                <ar
                    jcr:mixinTypes="[cq:Taggable]"
                    jcr:primaryType="nt:unstructured"/>
            </dam:cfVariations>
        </metadata>
        <model jcr:primaryType="nt:unstructured">
            <variations jcr:primaryType="nt:unstructured">
                <ar
                    jcr:description="\0"
                    jcr:mixinTypes="[cq:Taggable]"
                    jcr:primaryType="nt:unstructured"
                    jcr:title="Ar"
                    name="ar">
                    <properties
                        jcr:primaryType="nt:unstructured"
                        synchronizeWithVersion="[subHeading:eb0bb59d-147c-4a79-9905-3078a8b15642,subDescription:eb0bb59d-147c-4a79-9905-3078a8b15642,linkType:eb0bb59d-147c-4a79-9905-3078a8b15642,ctaText:eb0bb59d-147c-4a79-9905-3078a8b15642,subLink:eb0bb59d-147c-4a79-9905-3078a8b15642,sameTabOrNewTab:eb0bb59d-147c-4a79-9905-3078a8b15642,actionImage:eb0bb59d-147c-4a79-9905-3078a8b15642]"/>
                </ar>
            </variations>
        </model>
        <related jcr:primaryType="nt:unstructured"/>
    </jcr:content>
</jcr:root>
