<?xml version="1.0" encoding="UTF-8"?>
<jcr:root xmlns:jcr="http://www.jcp.org/jcr/1.0" xmlns:dam="http://www.day.com/dam/1.0" xmlns:nt="http://www.jcp.org/jcr/nt/1.0" xmlns:mix="http://www.jcp.org/jcr/mix/1.0" xmlns:cq="http://www.day.com/jcr/cq/1.0"
    jcr:isCheckedOut="{Boolean}true"
    jcr:mixinTypes="[mix:referenceable,mix:versionable]"
    jcr:primaryType="dam:Asset"
    jcr:uuid="ac08ab80-2092-47c2-88ed-787c50fa9a6a">
    <jcr:content
        cq:isDelivered="{Boolean}false"
        cq:lastModified="{Date}2025-11-28T15:48:24.024+05:30"
        cq:lastModifiedBy="admin"
        cq:lastReplicationAction_publish="Activate"
        cq:name="e&amp;life"
        cq:parentPath="/content/dam/daas/cfm/footer-quicklinks/quick-links"
        jcr:lastModified="{Date}2023-10-22T09:49:11.369Z"
        jcr:lastModifiedBy="azaraheem@etisalat.ae"
        jcr:mixinTypes="[cq:ReplicationStatus,cq:ReplicationStatus2]"
        jcr:primaryType="dam:AssetContent"
        jcr:title="e&amp;life "
        contentFragment="{Boolean}true"
        lastFragmentSave="{Date}2023-10-22T09:49:11.369Z">
        <data
            cq:model="/conf/daas/settings/dam/cfm/models/business-menu-generic-link"
            jcr:primaryType="nt:unstructured"
            _strucVersion="{Long}1">
            <master
                jcr:mixinTypes="[cq:Taggable,dam:cfVariationNode]"
                jcr:primaryType="nt:unstructured"
                actionImage="/content/dam/daas/cfm/images/actions-open-link.svg"
                actionImage_x0040_LastModified="{Date}2023-10-22T09:48:54.453Z"
                ctaText_x0040_LastModified="{Date}2023-10-22T09:25:40.916Z"
                linkType="[absolute]"
                linkType_x0040_LastModified="{Date}2023-10-22T09:26:27.100Z"
                sameTabOrNewTab="_blank"
                sameTabOrNewTab_x0040_LastModified="{Date}2023-10-22T09:26:27.102Z"
                subDescription_x0040_LastModified="{Date}2023-10-22T09:25:40.916Z"
                subHeading="e&amp;life "
                subHeading_x0040_LastModified="{Date}2023-10-22T09:26:27.099Z"
                subLink="https://www.eand.com/en/e-and-life.html"
                subLink_x0040_LastModified="{Date}2023-10-22T09:26:27.101Z"/>
            <ar
                jcr:mixinTypes="[cq:Taggable,dam:cfVariationNode]"
                jcr:primaryType="nt:unstructured"
                _x0040_variationCreationDate="{Date}2023-10-22T09:26:37.385Z"
                actionImage="/content/dam/daas/cfm/images/actions-open-link.svg"
                actionImage_x0040_LastModified="{Date}2023-10-22T09:49:11.143Z"
                ctaText_x0040_LastModified="{Date}2023-10-22T09:26:37.387Z"
                linkType="[absolute]"
                linkType_x0040_LastModified="{Date}2023-10-22T09:26:37.387Z"
                sameTabOrNewTab="_blank"
                sameTabOrNewTab_x0040_LastModified="{Date}2023-10-22T09:26:37.388Z"
                subDescription_x0040_LastModified="{Date}2023-10-22T09:26:37.387Z"
                subHeading="الحياة &amp;e "
                subHeading_x0040_LastModified="{Date}2023-10-22T09:27:00.520Z"
                subLink="https://www.eand.com/ar/e-and-life.html"
                subLink_x0040_LastModified="{Date}2023-10-22T09:27:00.520Z"/>
        </data>
        <indexedData jcr:primaryType="nt:unstructured">
            <master
                jcr:mixinTypes="[dam:IndexedFragmentData]"
                jcr:primaryType="nt:unstructured"
                jcr:uuid="ebdd004a-029c-42a7-964a-1ae63f7ddbbe"
                _x0040_string_x0040_model="/conf/daas/settings/dam/cfm/models/business-menu-generic-link"
                _x0040_stringArray_x0040_variations="[ar]"
                string_x0040_sameTabOrNewTab="_blank"
                string_x0040_subHeading="e&amp;life "
                string_x0040_subLink="https://www.eand.com/en/e-and-life.html"
                stringArray_x0040_linkType="[absolute]"/>
            <ar
                jcr:mixinTypes="[dam:IndexedFragmentData]"
                jcr:primaryType="nt:unstructured"
                jcr:uuid="87571853-b597-48b4-a304-af810badf2b5"
                _x0040_string_x0040_model="/conf/daas/settings/dam/cfm/models/business-menu-generic-link"
                string_x0040_sameTabOrNewTab="_blank"
                string_x0040_subHeading="الحياة &amp;e "
                string_x0040_subLink="https://www.eand.com/ar/e-and-life.html"
                stringArray_x0040_linkType="[absolute]"/>
        </indexedData>
        <metadata
            jcr:mixinTypes="[cq:Taggable]"
            jcr:primaryType="nt:unstructured"/>
        <model jcr:primaryType="nt:unstructured">
            <variations jcr:primaryType="nt:unstructured">
                <ar
                    jcr:description="\0"
                    jcr:mixinTypes="[cq:Taggable]"
                    jcr:primaryType="nt:unstructured"
                    jcr:title="Ar"
                    name="ar">
                    <properties
                        jcr:primaryType="nt:unstructured"
                        synchronizeWithVersion="[subHeading:9460f03d-58a4-4ca0-9fed-a7b056ccb8b5,subDescription:9460f03d-58a4-4ca0-9fed-a7b056ccb8b5,linkType:9460f03d-58a4-4ca0-9fed-a7b056ccb8b5,ctaText:9460f03d-58a4-4ca0-9fed-a7b056ccb8b5,subLink:9460f03d-58a4-4ca0-9fed-a7b056ccb8b5,sameTabOrNewTab:9460f03d-58a4-4ca0-9fed-a7b056ccb8b5,actionImage:9460f03d-58a4-4ca0-9fed-a7b056ccb8b5]"/>
                </ar>
            </variations>
        </model>
        <related jcr:primaryType="nt:unstructured"/>
    </jcr:content>
</jcr:root>
