<?xml version="1.0" encoding="UTF-8"?>
<jcr:root xmlns:jcr="http://www.jcp.org/jcr/1.0" xmlns:dam="http://www.day.com/dam/1.0" xmlns:nt="http://www.jcp.org/jcr/nt/1.0" xmlns:mix="http://www.jcp.org/jcr/mix/1.0" xmlns:cq="http://www.day.com/jcr/cq/1.0"
    jcr:isCheckedOut="{Boolean}true"
    jcr:mixinTypes="[cq:contentFragment,mix:referenceable,mix:versionable]"
    jcr:primaryType="dam:Asset"
    jcr:uuid="7eae7a87-d763-4c5f-9d00-8a5aebcb6242">
    <jcr:content
        cq:name="tab-sub-sec"
        cq:parentPath="/content/dam/daas/cfm/tab-with-quicklinks"
        jcr:lastModified="{Date}2025-12-12T07:17:09.260Z"
        jcr:lastModifiedBy="amaidheen@eand.com"
        jcr:primaryType="dam:AssetContent"
        jcr:title="Tab Sub Sec"
        contentFragment="{Boolean}true"
        lastFragmentSave="{Date}2025-12-12T07:17:09.260Z">
        <data
            cq:model="/conf/daas/settings/dam/cfm/models/b2b-transformation-tab-sub-sec"
            jcr:primaryType="nt:unstructured"
            _strucVersion="{Long}1">
            <master
                cq:tags="[etisalat:daas/component-name/tab-with-quicklinks,etisalat:daas/variation-type/1]"
                jcr:mixinTypes="[cq:Taggable,dam:cfVariationNode]"
                jcr:primaryType="nt:unstructured"
                bgColor="[\0]"
                bgColor_x0040_LastModified="{Date}2025-12-03T09:14:08.601Z"
                bgColor_x0040_LastModifiedBy="amaidheen@eand.com"
                componentName="[etisalat:daas/component-name/tab-with-quicklinks]"
                componentName_x0040_LastModified="{Date}2025-12-03T10:48:54.284Z"
                componentName_x0040_LastModifiedBy="amaidheen@eand.com"
                tabDetailSec="[/content/dam/daas/cfm/tab-with-quicklinks/tab-info-sec1,/content/dam/daas/cfm/tab-with-quicklinks/tab-info-sec2]"
                tabDetailSec_x0040_LastModified="{Date}2025-12-12T07:16:57.290Z"
                tabDetailSec_x0040_LastModifiedBy="amaidheen@eand.com"
                tabSubSec="[/content/dam/daas/cfm/tab-with-quicklinks/quicklinks1/sub-sec,/content/dam/daas/cfm/tab-with-quicklinks/quicklinks2/sub-sec]"
                tabSubSec_x0040_LastModified="{Date}2025-12-03T10:50:33.042Z"
                tabSubSec_x0040_LastModifiedBy="amaidheen@eand.com"
                variationType="[etisalat:daas/variation-type/1]"
                variationType_x0040_LastModified="{Date}2025-12-03T10:31:32.206Z"
                variationType_x0040_LastModifiedBy="amaidheen@eand.com">
                <card
                    jcr:primaryType="nt:unstructured"
                    assets="[]"
                    texts="[]"/>
            </master>
            <ar
                cq:tags="[etisalat:daas/component-name/tab-with-quicklinks,etisalat:daas/variation-type/1]"
                jcr:mixinTypes="[cq:Taggable,dam:cfVariationNode]"
                jcr:primaryType="nt:unstructured"
                _x0040_variationCreationDate="{Date}2025-12-03T10:31:35.270Z"
                bgColor="[\0]"
                bgColor_x0040_LastModified="{Date}2025-12-03T10:31:35.281Z"
                bgColor_x0040_LastModifiedBy="amaidheen@eand.com"
                componentName="[etisalat:daas/component-name/tab-with-quicklinks]"
                componentName_x0040_LastModified="{Date}2025-12-03T10:49:10.486Z"
                componentName_x0040_LastModifiedBy="amaidheen@eand.com"
                tabDetailSec="[/content/dam/daas/cfm/tab-with-quicklinks/tab-info-sec1,/content/dam/daas/cfm/tab-with-quicklinks/tab-info-sec2]"
                tabDetailSec_x0040_LastModified="{Date}2025-12-12T07:17:09.095Z"
                tabDetailSec_x0040_LastModifiedBy="amaidheen@eand.com"
                tabSubSec="[/content/dam/daas/cfm/tab-with-quicklinks/quicklinks1/sub-sec,/content/dam/daas/cfm/tab-with-quicklinks/quicklinks2/sub-sec]"
                tabSubSec_x0040_LastModified="{Date}2025-12-03T10:49:36.696Z"
                tabSubSec_x0040_LastModifiedBy="amaidheen@eand.com"
                variationType="[etisalat:daas/variation-type/1]"
                variationType_x0040_LastModified="{Date}2025-12-03T10:31:35.279Z"
                variationType_x0040_LastModifiedBy="amaidheen@eand.com"/>
        </data>
        <indexedData jcr:primaryType="nt:unstructured">
            <master
                jcr:mixinTypes="[dam:IndexedFragmentData]"
                jcr:primaryType="nt:unstructured"
                jcr:uuid="0396816f-6bc3-4c82-9fa0-03ff676ce99d"
                _x0040_string_x0040_model="/conf/daas/settings/dam/cfm/models/b2b-transformation-tab-sub-sec"
                _x0040_stringArray_x0040_variations="[ar]"/>
            <ar
                jcr:mixinTypes="[dam:IndexedFragmentData]"
                jcr:primaryType="nt:unstructured"
                jcr:uuid="176b0cbd-4d4d-4e97-bde7-c3e3ac4e0726"
                _x0040_string_x0040_model="/conf/daas/settings/dam/cfm/models/b2b-transformation-tab-sub-sec"/>
        </indexedData>
        <metadata
            jcr:mixinTypes="[cq:Taggable]"
            jcr:primaryType="nt:unstructured">
            <dam:cfVariations jcr:primaryType="nt:unstructured">
                <ar
                    jcr:mixinTypes="[cq:Taggable]"
                    jcr:primaryType="nt:unstructured"/>
            </dam:cfVariations>
        </metadata>
        <model jcr:primaryType="nt:unstructured">
            <variations jcr:primaryType="nt:unstructured">
                <ar
                    jcr:description="\0"
                    jcr:mixinTypes="[cq:Taggable]"
                    jcr:primaryType="nt:unstructured"
                    jcr:title="ar"
                    name="ar">
                    <properties
                        jcr:primaryType="nt:unstructured"
                        synchronizeWithVersion="[variationType:75be1895-8856-4f4e-bfab-50a0727ceae3,bgColor:75be1895-8856-4f4e-bfab-50a0727ceae3,componentName:75be1895-8856-4f4e-bfab-50a0727ceae3,tabDetailSec:75be1895-8856-4f4e-bfab-50a0727ceae3,tabSubSec:75be1895-8856-4f4e-bfab-50a0727ceae3]"/>
                </ar>
            </variations>
        </model>
        <related jcr:primaryType="nt:unstructured"/>
    </jcr:content>
</jcr:root>
