<?xml version="1.0" encoding="UTF-8"?>
<jcr:root xmlns:jcr="http://www.jcp.org/jcr/1.0" xmlns:dam="http://www.day.com/dam/1.0" xmlns:nt="http://www.jcp.org/jcr/nt/1.0" xmlns:mix="http://www.jcp.org/jcr/mix/1.0" xmlns:cq="http://www.day.com/jcr/cq/1.0"
    jcr:isCheckedOut="{Boolean}true"
    jcr:mixinTypes="[cq:contentFragment,mix:referenceable,mix:versionable]"
    jcr:primaryType="dam:Asset"
    jcr:uuid="52720d60-e34d-4c49-b3fb-e18ac6d1cc31">
    <jcr:content
        cq:isDelivered="{Boolean}false"
        cq:lastModified="{Date}2025-11-28T15:19:27.434+05:30"
        cq:lastModifiedBy="admin"
        cq:lastReplicated="{Date}2025-12-12T11:09:27.725Z"
        cq:lastReplicated_publish="{Date}2025-12-12T11:09:27.725Z"
        cq:lastReplicatedBy="workflow-process-service"
        cq:lastReplicatedBy_publish="workflow-process-service"
        cq:lastReplicationAction="Activate"
        cq:lastReplicationAction_publish="Activate"
        cq:name="download-etisalat-business-app"
        cq:parentPath="/content/dam/daas/cfm/footer"
        jcr:lastModified="{Date}2025-11-28T14:06:36.563Z"
        jcr:lastModifiedBy="maripaul@eand.com"
        jcr:mixinTypes="[cq:ReplicationStatus,cq:ReplicationStatus2]"
        jcr:primaryType="dam:AssetContent"
        jcr:title="Download Etisalat Business App"
        contentFragment="{Boolean}true"
        lastFragmentSave="{Date}2025-11-28T14:06:36.563Z">
        <data
            cq:model="/conf/daas/settings/dam/cfm/models/business-footer-maintitle-section"
            jcr:primaryType="nt:unstructured"
            _strucVersion="{Long}1">
            <master
                jcr:mixinTypes="[cq:Taggable,dam:cfVariationNode]"
                jcr:primaryType="nt:unstructured"
                mainTitle="Download My Etisalat UAE App"
                mainTitle_x0040_LastModified="{Date}2025-11-28T14:06:23.113Z"
                mainTitle_x0040_LastModifiedBy="maripaul@eand.com"
                subsection="[/content/dam/daas/cfm/footer-quicklinks/patners/google-play,/content/dam/daas/cfm/footer-quicklinks/patners/app-store,/content/dam/daas/cfm/footer-quicklinks/patners/app-gallery]"
                subsection_x0040_LastModified="{Date}2023-10-22T11:08:31.301Z">
                <card
                    jcr:primaryType="nt:unstructured"
                    assets="[]"
                    texts="[Download e&amp; Business App]"/>
            </master>
            <ar
                jcr:mixinTypes="[cq:Taggable,dam:cfVariationNode]"
                jcr:primaryType="nt:unstructured"
                _x0040_variationCreationDate="{Date}2023-10-22T11:08:37.295Z"
                mainTitle="تنزيل تطبيق اتصالات الإمارات"
                mainTitle_x0040_LastModified="{Date}2025-11-28T14:06:36.401Z"
                mainTitle_x0040_LastModifiedBy="maripaul@eand.com"
                subsection="[/content/dam/daas/cfm/footer-quicklinks/patners/google-play,/content/dam/daas/cfm/footer-quicklinks/patners/app-store,/content/dam/daas/cfm/footer-quicklinks/patners/app-gallery]"
                subsection_x0040_LastModified="{Date}2023-10-22T11:08:37.296Z"/>
        </data>
        <indexedData jcr:primaryType="nt:unstructured">
            <master
                jcr:mixinTypes="[dam:IndexedFragmentData]"
                jcr:primaryType="nt:unstructured"
                jcr:uuid="e4f2b89c-cf49-4bc1-852a-da00ebd3861e"
                _x0040_string_x0040_model="/conf/daas/settings/dam/cfm/models/business-footer-maintitle-section"
                _x0040_stringArray_x0040_variations="[ar]"
                string_x0040_mainTitle="Download My Etisalat UAE App"/>
            <ar
                jcr:mixinTypes="[dam:IndexedFragmentData]"
                jcr:primaryType="nt:unstructured"
                jcr:uuid="b25dc73c-e930-48cc-9666-bad280c188c5"
                _x0040_string_x0040_model="/conf/daas/settings/dam/cfm/models/business-footer-maintitle-section"
                string_x0040_mainTitle="تنزيل تطبيق اتصالات الإمارات"/>
        </indexedData>
        <metadata
            jcr:mixinTypes="[cq:Taggable]"
            jcr:primaryType="nt:unstructured">
            <dam:cfVariations jcr:primaryType="nt:unstructured">
                <ar
                    jcr:mixinTypes="[cq:Taggable]"
                    jcr:primaryType="nt:unstructured"/>
            </dam:cfVariations>
        </metadata>
        <model jcr:primaryType="nt:unstructured">
            <variations jcr:primaryType="nt:unstructured">
                <ar
                    jcr:description="\0"
                    jcr:mixinTypes="[cq:Taggable]"
                    jcr:primaryType="nt:unstructured"
                    jcr:title="Ar"
                    name="ar">
                    <properties
                        jcr:primaryType="nt:unstructured"
                        synchronizeWithVersion="[mainTitle:55effdfb-eb12-49cd-be0e-5eb165ece58a,subsection:55effdfb-eb12-49cd-be0e-5eb165ece58a]"/>
                </ar>
            </variations>
        </model>
        <related jcr:primaryType="nt:unstructured"/>
    </jcr:content>
</jcr:root>
