<?xml version="1.0" encoding="UTF-8"?>
<jcr:root xmlns:jcr="http://www.jcp.org/jcr/1.0" xmlns:nt="http://www.jcp.org/jcr/nt/1.0" xmlns:granite="http://www.adobe.com/jcr/granite/1.0" xmlns:cq="http://www.day.com/jcr/cq/1.0" xmlns:sling="http://sling.apache.org/jcr/sling/1.0"
    jcr:primaryType="cq:Template"
    allowedPaths="[/content/entities(/.*)?]"
    ranking="{Long}100">
    <jcr:content
        cq:isDelivered="{Boolean}false"
        cq:lastModified="{Date}2025-11-28T08:40:36.732Z"
        cq:lastModifiedBy="maripaul@eand.com"
        cq:lastReplicated="{Date}2025-12-22T12:11:11.388Z"
        cq:lastReplicated_publish="{Date}2025-12-22T12:11:11.388Z"
        cq:lastReplicatedBy="amaidheen@eand.com"
        cq:lastReplicatedBy_publish="amaidheen@eand.com"
        cq:lastReplicationAction="Activate"
        cq:lastReplicationAction_publish="Activate"
        cq:scaffolding="/conf/daas/settings/dam/cfm/models/business-mega-menu-sub-section/jcr:content/model"
        cq:templateType="/libs/settings/dam/cfm/model-types/fragment"
        jcr:mixinTypes="[cq:ReplicationStatus2]"
        jcr:primaryType="cq:PageContent"
        jcr:title="Business-Mega-Menu-Sub-Section"
        sling:resourceSuperType="dam/cfm/models/console/components/data/entity"
        sling:resourceType="dam/cfm/models/console/components/data/entity/default"
        isLocked="{Boolean}true"
        status="enabled">
        <metadata jcr:primaryType="nt:unstructured"/>
        <model
            cq:targetPath="/content/entities"
            jcr:primaryType="cq:PageContent"
            sling:resourceType="wcm/scaffolding/components/scaffolding"
            dataTypesConfig="/mnt/overlay/settings/dam/cfm/models/formbuilderconfig/datatypes"
            maxGeneratedOrder="20">
            <cq:dialog
                jcr:primaryType="nt:unstructured"
                sling:resourceType="cq/gui/components/authoring/dialog">
                <content
                    jcr:lastModified="{Date}2025-11-28T08:40:36.732Z"
                    jcr:lastModifiedBy="maripaul@eand.com"
                    jcr:primaryType="nt:unstructured"
                    sling:resourceType="granite/ui/components/coral/foundation/fixedcolumns">
                    <items
                        jcr:primaryType="nt:unstructured"
                        maxGeneratedOrder="20">
                        <_x0031_684235338166
                            jcr:primaryType="nt:unstructured"
                            sling:resourceType="granite/ui/components/coral/foundation/form/textfield"
                            emptyText="enter the heading"
                            fieldLabel="Menu Heading"
                            listOrder="1"
                            maxlength="255"
                            metaType="text-single"
                            name="menuHeading"
                            renderReadOnly="false"
                            showEmptyInReadOnly="true"
                            valueType="string">
                            <granite:data jcr:primaryType="nt:unstructured"/>
                        </_x0031_684235338166>
                        <_x0031_684235409068
                            jcr:primaryType="nt:unstructured"
                            sling:resourceType="dam/cfm/models/editor/components/fragmentreference/multifield"
                            allowNew="{Boolean}false"
                            fieldLabel="Menu Sub Section"
                            filter="hierarchy"
                            fragmentmodelreference="/conf/daas/settings/dam/cfm/models/business-menu-generic-link"
                            listOrder="8"
                            metaType="fragment-reference"
                            name="menuSubSection"
                            nameSuffix="contentReference"
                            renderReadOnly="false"
                            rootPath="/content/dam/daas"
                            showEmptyInReadOnly="true"
                            valueType="string/content-fragment[]">
                            <granite:data jcr:primaryType="nt:unstructured"/>
                            <field
                                jcr:primaryType="nt:unstructured"
                                sling:resourceType="dam/cfm/models/editor/components/fragmentreference"
                                fragmentmodelreference="/conf/daas/settings/dam/cfm/models/business-menu-generic-link"
                                name="menuSubSection"
                                renderReadOnly="false">
                                <granite:data jcr:primaryType="nt:unstructured"/>
                            </field>
                        </_x0031_684235409068>
                    </items>
                </content>
            </cq:dialog>
        </model>
        <change-register jcr:primaryType="nt:unstructured"/>
    </jcr:content>
</jcr:root>
