<?xml version="1.0" encoding="UTF-8"?>
<jcr:root xmlns:jcr="http://www.jcp.org/jcr/1.0" xmlns:dam="http://www.day.com/dam/1.0" xmlns:nt="http://www.jcp.org/jcr/nt/1.0" xmlns:mix="http://www.jcp.org/jcr/mix/1.0" xmlns:cq="http://www.day.com/jcr/cq/1.0"
    jcr:isCheckedOut="{Boolean}true"
    jcr:mixinTypes="[cq:contentFragment,mix:referenceable,mix:versionable]"
    jcr:primaryType="dam:Asset"
    jcr:uuid="f08f7cf9-8599-4598-a7dd-b64184309ebc">
    <jcr:content
        cq:isDelivered="{Boolean}false"
        cq:lastModified="{Date}2025-11-28T12:13:40.389Z"
        cq:lastModifiedBy="maripaul@eand.com"
        cq:lastReplicated="{Date}2025-12-12T11:08:27.477Z"
        cq:lastReplicated_publish="{Date}2025-12-12T11:08:27.477Z"
        cq:lastReplicatedBy="workflow-process-service"
        cq:lastReplicatedBy_publish="workflow-process-service"
        cq:lastReplicationAction="Activate"
        cq:lastReplicationAction_publish="Activate"
        cq:name="real-estate"
        cq:parentPath="/content/dam/daas/cfm/header/mega-menu"
        jcr:lastModified="{Date}2023-10-21T19:00:06.349Z"
        jcr:lastModifiedBy="azaraheem@etisalat.ae"
        jcr:mixinTypes="[cq:ReplicationStatus,cq:ReplicationStatus2]"
        jcr:primaryType="dam:AssetContent"
        jcr:title="Real Estate"
        contentFragment="{Boolean}true"
        lastFragmentSave="{Date}2023-10-21T19:00:06.349Z">
        <data
            cq:model="/conf/daas/settings/dam/cfm/models/business-menu-generic-link"
            jcr:primaryType="nt:unstructured"
            _strucVersion="{Long}1">
            <master
                jcr:mixinTypes="[cq:Taggable,dam:cfVariationNode]"
                jcr:primaryType="nt:unstructured"
                actionImage_x0040_LastModified="{Date}2023-10-21T18:59:30.487Z"
                ctaText_x0040_LastModified="{Date}2023-10-21T18:59:30.487Z"
                linkType_x0040_LastModified="{Date}2023-10-21T18:59:30.487Z"
                sameTabOrNewTab="_self"
                sameTabOrNewTab_x0040_LastModified="{Date}2023-10-21T18:59:47.334Z"
                subDescription_x0040_LastModified="{Date}2023-10-21T18:59:30.487Z"
                subHeading="Real Estate"
                subHeading_x0040_LastModified="{Date}2023-10-21T18:59:47.333Z"
                subLink="#"
                subLink_x0040_LastModified="{Date}2023-10-21T18:59:47.333Z"/>
            <ar
                jcr:mixinTypes="[cq:Taggable,dam:cfVariationNode]"
                jcr:primaryType="nt:unstructured"
                _x0040_variationCreationDate="{Date}2023-10-21T18:59:52.623Z"
                actionImage_x0040_LastModified="{Date}2023-10-21T18:59:52.628Z"
                ctaText_x0040_LastModified="{Date}2023-10-21T18:59:52.625Z"
                linkType_x0040_LastModified="{Date}2023-10-21T18:59:52.625Z"
                sameTabOrNewTab="_self"
                sameTabOrNewTab_x0040_LastModified="{Date}2023-10-21T18:59:52.626Z"
                subDescription_x0040_LastModified="{Date}2023-10-21T18:59:52.625Z"
                subHeading="العقارات"
                subHeading_x0040_LastModified="{Date}2023-10-21T19:00:06.130Z"
                subLink="#"
                subLink_x0040_LastModified="{Date}2023-10-21T19:00:06.130Z"/>
        </data>
        <indexedData jcr:primaryType="nt:unstructured">
            <master
                jcr:mixinTypes="[dam:IndexedFragmentData]"
                jcr:primaryType="nt:unstructured"
                jcr:uuid="0756757b-f5a3-4506-844a-30097bfec99a"
                _x0040_string_x0040_model="/conf/daas/settings/dam/cfm/models/business-menu-generic-link"
                _x0040_stringArray_x0040_variations="[ar]"
                string_x0040_sameTabOrNewTab="_self"
                string_x0040_subHeading="Real Estate"
                string_x0040_subLink="#"/>
            <ar
                jcr:mixinTypes="[dam:IndexedFragmentData]"
                jcr:primaryType="nt:unstructured"
                jcr:uuid="6041ddbc-47b7-4962-8de9-f792a46f12dd"
                _x0040_string_x0040_model="/conf/daas/settings/dam/cfm/models/business-menu-generic-link"
                string_x0040_sameTabOrNewTab="_self"
                string_x0040_subHeading="العقارات"
                string_x0040_subLink="#"/>
        </indexedData>
        <metadata
            jcr:mixinTypes="[cq:Taggable]"
            jcr:primaryType="nt:unstructured"/>
        <model jcr:primaryType="nt:unstructured">
            <variations jcr:primaryType="nt:unstructured">
                <ar
                    jcr:description="\0"
                    jcr:mixinTypes="[cq:Taggable]"
                    jcr:primaryType="nt:unstructured"
                    jcr:title="Ar"
                    name="ar">
                    <properties
                        jcr:primaryType="nt:unstructured"
                        synchronizeWithVersion="[subHeading:7c14d79e-68ef-4bd4-8973-43d50d7e5147,subDescription:7c14d79e-68ef-4bd4-8973-43d50d7e5147,linkType:7c14d79e-68ef-4bd4-8973-43d50d7e5147,ctaText:7c14d79e-68ef-4bd4-8973-43d50d7e5147,subLink:7c14d79e-68ef-4bd4-8973-43d50d7e5147,sameTabOrNewTab:7c14d79e-68ef-4bd4-8973-43d50d7e5147,actionImage:7c14d79e-68ef-4bd4-8973-43d50d7e5147]"/>
                </ar>
            </variations>
        </model>
        <related jcr:primaryType="nt:unstructured"/>
    </jcr:content>
</jcr:root>
