<?xml version="1.0" encoding="UTF-8"?>
<jcr:root xmlns:jcr="http://www.jcp.org/jcr/1.0" xmlns:dam="http://www.day.com/dam/1.0" xmlns:nt="http://www.jcp.org/jcr/nt/1.0" xmlns:mix="http://www.jcp.org/jcr/mix/1.0" xmlns:cq="http://www.day.com/jcr/cq/1.0"
    jcr:isCheckedOut="{Boolean}true"
    jcr:mixinTypes="[cq:contentFragment,mix:referenceable,mix:versionable]"
    jcr:primaryType="dam:Asset"
    jcr:uuid="a022ea63-43c9-44c3-9c31-2d8124131516">
    <jcr:content
        cq:isDelivered="{Boolean}false"
        cq:lastModified="{Date}2025-11-28T12:13:37.832Z"
        cq:lastModifiedBy="maripaul@eand.com"
        cq:lastReplicated="{Date}2025-12-12T11:08:37.533Z"
        cq:lastReplicated_publish="{Date}2025-12-12T11:08:37.533Z"
        cq:lastReplicatedBy="workflow-process-service"
        cq:lastReplicatedBy_publish="workflow-process-service"
        cq:lastReplicationAction="Activate"
        cq:lastReplicationAction_publish="Activate"
        cq:name="small-and-medium-business"
        cq:parentPath="/content/dam/daas/cfm/header/top-navigation"
        jcr:lastModified="{Date}2024-09-24T10:44:24.801Z"
        jcr:lastModifiedBy="azaraheem@eand.com"
        jcr:mixinTypes="[cq:ReplicationStatus,cq:ReplicationStatus2]"
        jcr:primaryType="dam:AssetContent"
        jcr:title="Small &amp; Medium Business"
        contentFragment="{Boolean}true"
        lastFragmentSave="{Date}2024-09-24T10:44:24.801Z">
        <data
            cq:model="/conf/daas/settings/dam/cfm/models/business-menu-generic-link"
            jcr:primaryType="nt:unstructured"
            _strucVersion="{Long}1">
            <master
                jcr:mixinTypes="[cq:Taggable,dam:cfVariationNode]"
                jcr:primaryType="nt:unstructured"
                actionImage_x0040_LastModified="{Date}2023-10-21T11:58:19.666Z"
                ctaText_x0040_LastModified="{Date}2023-10-21T11:58:19.666Z"
                linkType_x0040_LastModified="{Date}2023-10-21T11:58:19.666Z"
                sameTabOrNewTab="_self"
                sameTabOrNewTab_x0040_LastModified="{Date}2023-10-21T11:59:01.902Z"
                subDescription_x0040_LastModified="{Date}2023-10-21T11:58:19.666Z"
                subHeading="Small &amp; Medium Business"
                subHeading_x0040_LastModified="{Date}2023-10-21T11:59:01.900Z"
                subLink="#"
                subLink_x0040_LastModified="{Date}2023-10-21T11:59:01.901Z"/>
            <ar
                jcr:mixinTypes="[cq:Taggable,dam:cfVariationNode]"
                jcr:primaryType="nt:unstructured"
                _x0040_variationCreationDate="{Date}2023-10-21T11:59:07.145Z"
                actionImage_x0040_LastModified="{Date}2023-10-21T11:59:07.148Z"
                ctaText_x0040_LastModified="{Date}2023-10-21T11:59:07.147Z"
                linkType_x0040_LastModified="{Date}2023-10-21T11:59:07.147Z"
                sameTabOrNewTab="_self"
                sameTabOrNewTab_x0040_LastModified="{Date}2023-10-21T11:59:07.147Z"
                subDescription_x0040_LastModified="{Date}2023-10-21T11:59:07.146Z"
                subHeading="الشركات الصغيرة والمتوسطة"
                subHeading_x0040_LastModified="{Date}2023-10-21T11:59:38.513Z"
                subLink="#"
                subLink_x0040_LastModified="{Date}2023-10-21T11:59:38.514Z"/>
        </data>
        <indexedData jcr:primaryType="nt:unstructured">
            <master
                jcr:mixinTypes="[dam:IndexedFragmentData]"
                jcr:primaryType="nt:unstructured"
                jcr:uuid="0ae57d65-d60e-4e98-a93a-c8731d3d1537"
                _x0040_string_x0040_model="/conf/daas/settings/dam/cfm/models/business-menu-generic-link"
                _x0040_stringArray_x0040_variations="[ar]"
                string_x0040_sameTabOrNewTab="_self"
                string_x0040_subHeading="Small &amp; Medium Business"
                string_x0040_subLink="#"/>
            <ar
                jcr:mixinTypes="[dam:IndexedFragmentData]"
                jcr:primaryType="nt:unstructured"
                jcr:uuid="c9fbdf3b-9baa-447e-a9a6-717921351990"
                _x0040_string_x0040_model="/conf/daas/settings/dam/cfm/models/business-menu-generic-link"
                string_x0040_sameTabOrNewTab="_self"
                string_x0040_subHeading="الشركات الصغيرة والمتوسطة"
                string_x0040_subLink="#"/>
        </indexedData>
        <metadata
            jcr:mixinTypes="[cq:Taggable]"
            jcr:primaryType="nt:unstructured"/>
        <model jcr:primaryType="nt:unstructured">
            <variations jcr:primaryType="nt:unstructured">
                <ar
                    jcr:description="\0"
                    jcr:mixinTypes="[cq:Taggable]"
                    jcr:primaryType="nt:unstructured"
                    jcr:title="Ar"
                    name="ar">
                    <properties
                        jcr:primaryType="nt:unstructured"
                        synchronizeWithVersion="[subHeading:048b4c52-d8ac-42ab-afc2-cb6e784bae58,subDescription:048b4c52-d8ac-42ab-afc2-cb6e784bae58,linkType:048b4c52-d8ac-42ab-afc2-cb6e784bae58,ctaText:048b4c52-d8ac-42ab-afc2-cb6e784bae58,subLink:048b4c52-d8ac-42ab-afc2-cb6e784bae58,sameTabOrNewTab:048b4c52-d8ac-42ab-afc2-cb6e784bae58,actionImage:048b4c52-d8ac-42ab-afc2-cb6e784bae58]"/>
                </ar>
            </variations>
        </model>
        <related jcr:primaryType="nt:unstructured"/>
    </jcr:content>
</jcr:root>
