<?xml version="1.0" encoding="UTF-8"?>
<jcr:root xmlns:jcr="http://www.jcp.org/jcr/1.0" xmlns:dam="http://www.day.com/dam/1.0" xmlns:nt="http://www.jcp.org/jcr/nt/1.0" xmlns:mix="http://www.jcp.org/jcr/mix/1.0" xmlns:cq="http://www.day.com/jcr/cq/1.0"
    jcr:isCheckedOut="{Boolean}true"
    jcr:mixinTypes="[cq:contentFragment,mix:referenceable,mix:versionable]"
    jcr:primaryType="dam:Asset"
    jcr:uuid="a9cf5f0e-2c72-4059-88bf-16de2bf00fba">
    <jcr:content
        cq:isDelivered="{Boolean}false"
        cq:lastModified="{Date}2025-11-28T12:13:51.008Z"
        cq:lastModifiedBy="maripaul@eand.com"
        cq:lastReplicated="{Date}2025-12-12T11:08:27.477Z"
        cq:lastReplicated_publish="{Date}2025-12-12T11:08:27.477Z"
        cq:lastReplicatedBy="workflow-process-service"
        cq:lastReplicatedBy_publish="workflow-process-service"
        cq:lastReplicationAction="Activate"
        cq:lastReplicationAction_publish="Activate"
        cq:name="add-ons"
        cq:parentPath="/content/dam/daas/cfm/header/mega-menu"
        jcr:lastModified="{Date}2025-03-11T09:21:41.021Z"
        jcr:lastModifiedBy="suvenkatachalam@eand.com"
        jcr:mixinTypes="[cq:ReplicationStatus,cq:ReplicationStatus2]"
        jcr:primaryType="dam:AssetContent"
        jcr:title="Add-ons"
        contentFragment="{Boolean}true"
        lastFragmentSave="{Date}2025-03-11T09:21:41.021Z">
        <data
            cq:model="/conf/daas/settings/dam/cfm/models/business-menu-generic-link"
            jcr:primaryType="nt:unstructured"
            _strucVersion="{Long}1">
            <master
                jcr:mixinTypes="[cq:Taggable,dam:cfVariationNode]"
                jcr:primaryType="nt:unstructured"
                actionImage_x0040_LastModified="{Date}2023-10-21T17:06:55.559Z"
                ctaText_x0040_LastModified="{Date}2023-10-21T17:06:55.559Z"
                linkType_x0040_LastModified="{Date}2023-10-21T17:06:55.559Z"
                sameTabOrNewTab="_self"
                sameTabOrNewTab_x0040_LastModified="{Date}2023-10-21T17:08:33.534Z"
                subDescription_x0040_LastModified="{Date}2023-10-21T17:06:55.559Z"
                subHeading="Add-ons"
                subHeading_x0040_LastModified="{Date}2023-10-21T17:08:33.533Z"
                subLink="#"
                subLink_x0040_LastModified="{Date}2023-10-21T17:08:33.534Z"/>
            <ar
                jcr:mixinTypes="[cq:Taggable,dam:cfVariationNode]"
                jcr:primaryType="nt:unstructured"
                _x0040_variationCreationDate="{Date}2023-10-21T17:08:38.909Z"
                actionImage_x0040_LastModified="{Date}2023-10-21T17:08:38.912Z"
                ctaText_x0040_LastModified="{Date}2023-10-21T17:08:38.911Z"
                linkType_x0040_LastModified="{Date}2023-10-21T17:08:38.911Z"
                sameTabOrNewTab="_self"
                sameTabOrNewTab_x0040_LastModified="{Date}2023-10-21T17:08:38.912Z"
                subDescription_x0040_LastModified="{Date}2023-10-21T17:08:38.911Z"
                subHeading="المزايا الإضافية"
                subHeading_x0040_LastModified="{Date}2023-10-21T17:08:57.820Z"
                subLink="#"
                subLink_x0040_LastModified="{Date}2023-10-21T17:08:57.821Z"/>
        </data>
        <indexedData jcr:primaryType="nt:unstructured">
            <master
                jcr:mixinTypes="[dam:IndexedFragmentData]"
                jcr:primaryType="nt:unstructured"
                jcr:uuid="48785f7e-a4fa-40bc-8678-d887b82c9152"
                _x0040_string_x0040_model="/conf/daas/settings/dam/cfm/models/business-menu-generic-link"
                _x0040_stringArray_x0040_variations="[ar]"
                string_x0040_sameTabOrNewTab="_self"
                string_x0040_subHeading="Add-ons"
                string_x0040_subLink="#"/>
            <ar
                jcr:mixinTypes="[dam:IndexedFragmentData]"
                jcr:primaryType="nt:unstructured"
                jcr:uuid="db90afc9-2b40-4de5-928c-91233a6130ef"
                _x0040_string_x0040_model="/conf/daas/settings/dam/cfm/models/business-menu-generic-link"
                string_x0040_sameTabOrNewTab="_self"
                string_x0040_subHeading="المزايا الإضافية"
                string_x0040_subLink="#"/>
        </indexedData>
        <metadata
            jcr:mixinTypes="[cq:Taggable]"
            jcr:primaryType="nt:unstructured">
            <dam:cfVariations jcr:primaryType="nt:unstructured">
                <ar
                    jcr:mixinTypes="[cq:Taggable]"
                    jcr:primaryType="nt:unstructured"/>
            </dam:cfVariations>
        </metadata>
        <model jcr:primaryType="nt:unstructured">
            <variations jcr:primaryType="nt:unstructured">
                <ar
                    jcr:description="\0"
                    jcr:mixinTypes="[cq:Taggable]"
                    jcr:primaryType="nt:unstructured"
                    jcr:title="Ar"
                    name="ar">
                    <properties
                        jcr:primaryType="nt:unstructured"
                        synchronizeWithVersion="[subHeading:b700666d-dfa2-458b-95d3-523c7535d20a,subDescription:b700666d-dfa2-458b-95d3-523c7535d20a,linkType:b700666d-dfa2-458b-95d3-523c7535d20a,ctaText:b700666d-dfa2-458b-95d3-523c7535d20a,subLink:b700666d-dfa2-458b-95d3-523c7535d20a,sameTabOrNewTab:b700666d-dfa2-458b-95d3-523c7535d20a,actionImage:b700666d-dfa2-458b-95d3-523c7535d20a]"/>
                </ar>
            </variations>
        </model>
        <related jcr:primaryType="nt:unstructured"/>
    </jcr:content>
</jcr:root>
