<?xml version="1.0" encoding="UTF-8"?>
<jcr:root xmlns:jcr="http://www.jcp.org/jcr/1.0" xmlns:dam="http://www.day.com/dam/1.0" xmlns:nt="http://www.jcp.org/jcr/nt/1.0" xmlns:mix="http://www.jcp.org/jcr/mix/1.0" xmlns:cq="http://www.day.com/jcr/cq/1.0"
    jcr:isCheckedOut="{Boolean}true"
    jcr:mixinTypes="[cq:contentFragment,mix:referenceable,mix:versionable]"
    jcr:primaryType="dam:Asset"
    jcr:uuid="e272899b-f6aa-4cf4-8d3f-de76efd64d21">
    <jcr:content
        cq:isDelivered="{Boolean}false"
        cq:lastModified="{Date}2025-11-28T12:13:39.210Z"
        cq:lastModifiedBy="maripaul@eand.com"
        cq:lastReplicated="{Date}2025-12-12T11:08:27.477Z"
        cq:lastReplicated_publish="{Date}2025-12-12T11:08:27.477Z"
        cq:lastReplicatedBy="workflow-process-service"
        cq:lastReplicatedBy_publish="workflow-process-service"
        cq:lastReplicationAction="Activate"
        cq:lastReplicationAction_publish="Activate"
        cq:name="procurement-supply"
        cq:parentPath="/content/dam/daas/cfm/header/mega-menu/ai-solutions"
        jcr:lastModified="{Date}2025-03-11T21:35:50.189Z"
        jcr:lastModifiedBy="suvenkatachalam@eand.com"
        jcr:mixinTypes="[cq:ReplicationStatus,cq:ReplicationStatus2]"
        jcr:primaryType="dam:AssetContent"
        jcr:title="Procurement &amp; Supply"
        contentFragment="{Boolean}true"
        lastFragmentSave="{Date}2025-03-11T21:35:50.189Z">
        <data
            cq:model="/conf/daas/settings/dam/cfm/models/business-menu-generic-link"
            jcr:primaryType="nt:unstructured"
            _strucVersion="{Long}1">
            <master
                jcr:mixinTypes="[cq:Taggable,dam:cfVariationNode]"
                jcr:primaryType="nt:unstructured"
                actionImage_x0040_LastModified="{Date}2023-10-21T17:20:38.295Z"
                ctaText_x0040_LastModified="{Date}2023-10-21T17:20:38.295Z"
                linkType_x0040_LastModified="{Date}2023-10-21T17:20:38.295Z"
                sameTabOrNewTab="_self"
                sameTabOrNewTab_x0040_LastModified="{Date}2023-10-21T17:21:04.714Z"
                subDescription_x0040_LastModified="{Date}2023-10-21T17:20:38.295Z"
                subHeading="Procurement &amp; Supply"
                subHeading_x0040_LastModified="{Date}2025-03-11T21:35:12.608Z"
                subHeading_x0040_LastModifiedBy="suvenkatachalam@eand.com"
                subLink="#?##5"
                subLink_x0040_LastModified="{Date}2025-03-11T21:35:12.610Z"
                subLink_x0040_LastModifiedBy="suvenkatachalam@eand.com"/>
            <ar
                jcr:mixinTypes="[cq:Taggable,dam:cfVariationNode]"
                jcr:primaryType="nt:unstructured"
                _x0040_variationCreationDate="{Date}2023-10-21T17:21:10.333Z"
                actionImage_x0040_LastModified="{Date}2023-10-21T17:21:10.336Z"
                ctaText_x0040_LastModified="{Date}2023-10-21T17:21:10.335Z"
                linkType_x0040_LastModified="{Date}2023-10-21T17:21:10.335Z"
                sameTabOrNewTab="_self"
                sameTabOrNewTab_x0040_LastModified="{Date}2023-10-21T17:21:10.335Z"
                subDescription_x0040_LastModified="{Date}2023-10-21T17:21:10.335Z"
                subHeading="المشتريات"
                subHeading_x0040_LastModified="{Date}2025-03-11T21:35:39.670Z"
                subHeading_x0040_LastModifiedBy="suvenkatachalam@eand.com"
                subLink="#?##5"
                subLink_x0040_LastModified="{Date}2025-03-11T21:35:39.671Z"
                subLink_x0040_LastModifiedBy="suvenkatachalam@eand.com"/>
        </data>
        <indexedData jcr:primaryType="nt:unstructured">
            <master
                jcr:mixinTypes="[dam:IndexedFragmentData]"
                jcr:primaryType="nt:unstructured"
                jcr:uuid="42291a70-dbb5-4bdc-af7c-1b571a566a48"
                _x0040_string_x0040_model="/conf/daas/settings/dam/cfm/models/business-menu-generic-link"
                _x0040_stringArray_x0040_variations="[ar]"
                string_x0040_sameTabOrNewTab="_self"
                string_x0040_subHeading="Procurement &amp; Supply"
                string_x0040_subLink="#?##5"/>
            <ar
                jcr:mixinTypes="[dam:IndexedFragmentData]"
                jcr:primaryType="nt:unstructured"
                jcr:uuid="3a1fb96c-cec6-449f-9751-521c02f81b2a"
                _x0040_string_x0040_model="/conf/daas/settings/dam/cfm/models/business-menu-generic-link"
                string_x0040_sameTabOrNewTab="_self"
                string_x0040_subHeading="المشتريات"
                string_x0040_subLink="#?##5"/>
        </indexedData>
        <metadata
            jcr:mixinTypes="[cq:Taggable]"
            jcr:primaryType="nt:unstructured">
            <dam:cfVariations jcr:primaryType="nt:unstructured">
                <ar
                    jcr:mixinTypes="[cq:Taggable]"
                    jcr:primaryType="nt:unstructured"/>
            </dam:cfVariations>
        </metadata>
        <model jcr:primaryType="nt:unstructured">
            <variations jcr:primaryType="nt:unstructured">
                <ar
                    jcr:description="\0"
                    jcr:mixinTypes="[cq:Taggable]"
                    jcr:primaryType="nt:unstructured"
                    jcr:title="Ar"
                    name="ar">
                    <properties
                        jcr:primaryType="nt:unstructured"
                        synchronizeWithVersion="[subHeading:2aa05062-2265-4f47-a4cb-d702950b9fd1,subDescription:2aa05062-2265-4f47-a4cb-d702950b9fd1,linkType:2aa05062-2265-4f47-a4cb-d702950b9fd1,ctaText:2aa05062-2265-4f47-a4cb-d702950b9fd1,subLink:2aa05062-2265-4f47-a4cb-d702950b9fd1,sameTabOrNewTab:2aa05062-2265-4f47-a4cb-d702950b9fd1,actionImage:2aa05062-2265-4f47-a4cb-d702950b9fd1]"/>
                </ar>
            </variations>
        </model>
        <related jcr:primaryType="nt:unstructured"/>
    </jcr:content>
</jcr:root>
