<?xml version="1.0" encoding="UTF-8"?>
<jcr:root xmlns:jcr="http://www.jcp.org/jcr/1.0" xmlns:dam="http://www.day.com/dam/1.0" xmlns:nt="http://www.jcp.org/jcr/nt/1.0" xmlns:mix="http://www.jcp.org/jcr/mix/1.0" xmlns:cq="http://www.day.com/jcr/cq/1.0"
    jcr:isCheckedOut="{Boolean}true"
    jcr:mixinTypes="[mix:referenceable,mix:versionable]"
    jcr:primaryType="dam:Asset"
    jcr:uuid="66b3beb3-7ee5-4afa-b528-03c42588a23c">
    <jcr:content
        cq:isDelivered="{Boolean}false"
        cq:lastModified="{Date}2025-11-28T15:48:23.153+05:30"
        cq:lastModifiedBy="admin"
        cq:lastReplicationAction_publish="Activate"
        cq:name="twitter"
        cq:parentPath="/content/dam/daas/cfm/footer-quicklinks/patners"
        jcr:lastModified="{Date}2025-03-14T10:20:26.194Z"
        jcr:lastModifiedBy="suvenkatachalam@eand.com"
        jcr:mixinTypes="[cq:ReplicationStatus,cq:ReplicationStatus2]"
        jcr:primaryType="dam:AssetContent"
        jcr:title="Twitter"
        contentFragment="{Boolean}true"
        lastFragmentSave="{Date}2025-03-14T10:20:26.194Z">
        <data
            cq:model="/conf/daas/settings/dam/cfm/models/business-menu-generic-link"
            jcr:primaryType="nt:unstructured"
            _strucVersion="{Long}1">
            <master
                jcr:mixinTypes="[cq:Taggable,dam:cfVariationNode]"
                jcr:primaryType="nt:unstructured"
                actionImage="/content/dam/etisalat/business-images/smb/2023/footer/footer-icons/ftwitter.svg"
                actionImage_x0040_LastModified="{Date}2025-03-13T05:44:54.435Z"
                actionImage_x0040_LastModifiedBy="suvenkatachalam@eand.com"
                ctaText_x0040_LastModified="{Date}2023-10-22T10:17:21.725Z"
                linkType="[absolute]"
                linkType_x0040_LastModified="{Date}2023-10-22T10:19:53.072Z"
                sameTabOrNewTab="_blank"
                sameTabOrNewTab_x0040_LastModified="{Date}2023-10-22T10:19:53.073Z"
                subDescription_x0040_LastModified="{Date}2023-10-22T10:17:21.725Z"
                subHeading_x0040_LastModified="{Date}2023-10-22T10:17:21.725Z"
                subLink="https://x.com/eAndUAE/ "
                subLink_x0040_LastModified="{Date}2025-03-14T10:20:25.954Z"
                subLink_x0040_LastModifiedBy="suvenkatachalam@eand.com"/>
            <ar
                jcr:mixinTypes="[cq:Taggable,dam:cfVariationNode]"
                jcr:primaryType="nt:unstructured"
                _x0040_variationCreationDate="{Date}2023-10-22T10:19:58.944Z"
                actionImage="/content/dam/etisalat/business-images/smb/2023/footer/footer-icons/ftwitter.svg"
                actionImage_x0040_LastModified="{Date}2025-03-13T05:45:01.041Z"
                actionImage_x0040_LastModifiedBy="suvenkatachalam@eand.com"
                ctaText_x0040_LastModified="{Date}2023-10-22T10:19:58.946Z"
                linkType="[absolute]"
                linkType_x0040_LastModified="{Date}2023-10-22T10:19:58.946Z"
                sameTabOrNewTab="_blank"
                sameTabOrNewTab_x0040_LastModified="{Date}2023-10-22T10:19:58.947Z"
                subDescription_x0040_LastModified="{Date}2023-10-22T10:19:58.945Z"
                subHeading_x0040_LastModified="{Date}2023-10-22T10:19:58.945Z"
                subLink="https://x.com/eAndUAE/"
                subLink_x0040_LastModified="{Date}2025-03-13T06:27:14.265Z"
                subLink_x0040_LastModifiedBy="suvenkatachalam@eand.com"/>
        </data>
        <indexedData jcr:primaryType="nt:unstructured">
            <master
                jcr:mixinTypes="[dam:IndexedFragmentData]"
                jcr:primaryType="nt:unstructured"
                jcr:uuid="f1a994a9-38bd-4f56-bf30-bd31957c1619"
                _x0040_string_x0040_model="/conf/daas/settings/dam/cfm/models/business-menu-generic-link"
                _x0040_stringArray_x0040_variations="[ar]"
                string_x0040_sameTabOrNewTab="_blank"
                string_x0040_subLink="https://x.com/eAndUAE/ "
                stringArray_x0040_linkType="[absolute]"/>
            <ar
                jcr:mixinTypes="[dam:IndexedFragmentData]"
                jcr:primaryType="nt:unstructured"
                jcr:uuid="a6408eb0-8cfa-4f51-a652-247c52f3c78f"
                _x0040_string_x0040_model="/conf/daas/settings/dam/cfm/models/business-menu-generic-link"
                string_x0040_sameTabOrNewTab="_blank"
                string_x0040_subLink="https://x.com/eAndUAE/"
                stringArray_x0040_linkType="[absolute]"/>
        </indexedData>
        <metadata
            jcr:mixinTypes="[cq:Taggable]"
            jcr:primaryType="nt:unstructured">
            <dam:cfVariations jcr:primaryType="nt:unstructured">
                <ar
                    jcr:mixinTypes="[cq:Taggable]"
                    jcr:primaryType="nt:unstructured"/>
            </dam:cfVariations>
        </metadata>
        <model jcr:primaryType="nt:unstructured">
            <variations jcr:primaryType="nt:unstructured">
                <ar
                    jcr:description="\0"
                    jcr:mixinTypes="[cq:Taggable]"
                    jcr:primaryType="nt:unstructured"
                    jcr:title="Ar"
                    name="ar">
                    <properties
                        jcr:primaryType="nt:unstructured"
                        synchronizeWithVersion="[subHeading:c8ac4bbc-facc-4ae2-a9bc-fb8254b3fa1d,subDescription:c8ac4bbc-facc-4ae2-a9bc-fb8254b3fa1d,linkType:c8ac4bbc-facc-4ae2-a9bc-fb8254b3fa1d,ctaText:c8ac4bbc-facc-4ae2-a9bc-fb8254b3fa1d,subLink:c8ac4bbc-facc-4ae2-a9bc-fb8254b3fa1d,sameTabOrNewTab:c8ac4bbc-facc-4ae2-a9bc-fb8254b3fa1d,actionImage:c8ac4bbc-facc-4ae2-a9bc-fb8254b3fa1d]"/>
                </ar>
            </variations>
        </model>
        <related jcr:primaryType="nt:unstructured"/>
    </jcr:content>
</jcr:root>
