<?xml version="1.0" encoding="UTF-8"?>
<jcr:root xmlns:jcr="http://www.jcp.org/jcr/1.0" xmlns:dam="http://www.day.com/dam/1.0" xmlns:nt="http://www.jcp.org/jcr/nt/1.0" xmlns:mix="http://www.jcp.org/jcr/mix/1.0" xmlns:cq="http://www.day.com/jcr/cq/1.0"
    jcr:isCheckedOut="{Boolean}true"
    jcr:mixinTypes="[cq:contentFragment,mix:referenceable,mix:versionable]"
    jcr:primaryType="dam:Asset"
    jcr:uuid="ead92f9f-2c42-4057-980a-368cf945903c">
    <jcr:content
        cq:isDelivered="{Boolean}false"
        cq:lastModified="{Date}2025-11-28T15:19:27.348+05:30"
        cq:lastModifiedBy="admin"
        cq:lastReplicated="{Date}2025-12-12T11:20:32.796Z"
        cq:lastReplicated_publish="{Date}2025-12-12T11:20:32.796Z"
        cq:lastReplicatedBy="workflow-process-service"
        cq:lastReplicatedBy_publish="workflow-process-service"
        cq:lastReplicationAction="Activate"
        cq:lastReplicationAction_publish="Activate"
        cq:name="footer-bottom"
        cq:parentPath="/content/dam/daas/cfm/footer"
        jcr:lastModified="{Date}2024-09-24T10:46:11.918Z"
        jcr:lastModifiedBy="reference-adjustment-service"
        jcr:mixinTypes="[cq:ReplicationStatus,cq:ReplicationStatus2]"
        jcr:primaryType="dam:AssetContent"
        jcr:title="Footer Bottom"
        contentFragment="{Boolean}true"
        lastFragmentSave="{Date}2024-09-24T10:46:11.918Z">
        <data
            cq:model="/conf/daas/settings/dam/cfm/models/business-footer-maintitle-section"
            jcr:primaryType="nt:unstructured"
            _strucVersion="{Long}1">
            <master
                jcr:mixinTypes="[cq:Taggable,dam:cfVariationNode]"
                jcr:primaryType="nt:unstructured"
                mainTitle_x0040_LastModified="{Date}2023-10-22T07:53:22.539Z"
                subsection="[/content/dam/daas/cfm/footer-quicklinks/bottom/about-us,/content/dam/daas/cfm/footer-quicklinks/bottom/code-of-conduct,/content/dam/daas/cfm/footer-quicklinks/bottom/privacy-policy,/content/dam/daas/cfm/footer-quicklinks/bottom/terms-and-conditions,/content/dam/daas/cfm/footer-quicklinks/bottom/eand-tenders,/content/dam/daas/cfm/footer-quicklinks/bottom/careers]"
                subsection_x0040_LastModified="{Date}2023-10-22T11:17:54.242Z">
                <card
                    jcr:primaryType="nt:unstructured"
                    assets="[]"
                    texts="[]"/>
            </master>
            <ar
                jcr:mixinTypes="[cq:Taggable,dam:cfVariationNode]"
                jcr:primaryType="nt:unstructured"
                _x0040_variationCreationDate="{Date}2023-10-22T11:18:02.294Z"
                mainTitle_x0040_LastModified="{Date}2023-10-22T11:18:02.294Z"
                subsection="[/content/dam/daas/cfm/footer-quicklinks/bottom/about-us,/content/dam/daas/cfm/footer-quicklinks/bottom/code-of-conduct,/content/dam/daas/cfm/footer-quicklinks/bottom/privacy-policy,/content/dam/daas/cfm/footer-quicklinks/bottom/terms-and-conditions,/content/dam/daas/cfm/footer-quicklinks/bottom/eand-tenders]"
                subsection_x0040_LastModified="{Date}2023-10-22T11:18:23.324Z"/>
        </data>
        <indexedData jcr:primaryType="nt:unstructured">
            <master
                jcr:mixinTypes="[dam:IndexedFragmentData]"
                jcr:primaryType="nt:unstructured"
                jcr:uuid="4ffafa86-820a-41f2-8e94-0724166d7cf0"
                _x0040_string_x0040_model="/conf/daas/settings/dam/cfm/models/business-footer-maintitle-section"
                _x0040_stringArray_x0040_variations="[ar]"/>
            <ar
                jcr:mixinTypes="[dam:IndexedFragmentData]"
                jcr:primaryType="nt:unstructured"
                jcr:uuid="21f8e221-0387-4aa3-8f8c-e8a035013a6a"
                _x0040_string_x0040_model="/conf/daas/settings/dam/cfm/models/business-footer-maintitle-section"/>
        </indexedData>
        <metadata
            jcr:mixinTypes="[cq:Taggable]"
            jcr:primaryType="nt:unstructured"/>
        <model jcr:primaryType="nt:unstructured">
            <variations jcr:primaryType="nt:unstructured">
                <ar
                    jcr:description="\0"
                    jcr:mixinTypes="[cq:Taggable]"
                    jcr:primaryType="nt:unstructured"
                    jcr:title="Ar"
                    name="ar">
                    <properties
                        jcr:primaryType="nt:unstructured"
                        synchronizeWithVersion="[mainTitle:4148508f-ece0-46a8-92f3-b93ee48a7da9,subsection:4148508f-ece0-46a8-92f3-b93ee48a7da9]"/>
                </ar>
            </variations>
        </model>
        <related jcr:primaryType="nt:unstructured"/>
    </jcr:content>
</jcr:root>
