<?xml version="1.0" encoding="UTF-8"?>
<jcr:root xmlns:jcr="http://www.jcp.org/jcr/1.0" xmlns:dam="http://www.day.com/dam/1.0" xmlns:nt="http://www.jcp.org/jcr/nt/1.0" xmlns:mix="http://www.jcp.org/jcr/mix/1.0" xmlns:cq="http://www.day.com/jcr/cq/1.0"
    jcr:isCheckedOut="{Boolean}true"
    jcr:mixinTypes="[cq:contentFragment,mix:referenceable,mix:versionable]"
    jcr:primaryType="dam:Asset"
    jcr:uuid="cc875f7c-4cef-4070-8ede-57e1572795d8">
    <jcr:content
        cq:isDelivered="{Boolean}false"
        cq:lastModified="{Date}2025-11-28T15:48:23.806+05:30"
        cq:lastModifiedBy="admin"
        cq:lastReplicated="{Date}2025-12-12T11:11:25.622Z"
        cq:lastReplicated_publish="{Date}2025-12-12T11:11:25.622Z"
        cq:lastReplicatedBy="workflow-process-service"
        cq:lastReplicatedBy_publish="workflow-process-service"
        cq:lastReplicationAction="Activate"
        cq:lastReplicationAction_publish="Activate"
        cq:name="customer-success-stories"
        cq:parentPath="/content/dam/daas/cfm/footer-quicklinks/quick-links"
        jcr:lastModified="{Date}2023-10-22T08:39:13.499Z"
        jcr:lastModifiedBy="azaraheem@etisalat.ae"
        jcr:mixinTypes="[cq:ReplicationStatus,cq:ReplicationStatus2]"
        jcr:primaryType="dam:AssetContent"
        jcr:title="Customer Success Stories"
        contentFragment="{Boolean}true"
        lastFragmentSave="{Date}2023-10-22T08:39:13.499Z">
        <data
            cq:model="/conf/daas/settings/dam/cfm/models/business-menu-generic-link"
            jcr:primaryType="nt:unstructured"
            _strucVersion="{Long}1">
            <master
                jcr:mixinTypes="[cq:Taggable,dam:cfVariationNode]"
                jcr:primaryType="nt:unstructured"
                actionImage_x0040_LastModified="{Date}2023-10-22T08:37:48.050Z"
                ctaText_x0040_LastModified="{Date}2023-10-22T08:37:48.050Z"
                linkType_x0040_LastModified="{Date}2023-10-22T08:37:48.050Z"
                sameTabOrNewTab="_self"
                sameTabOrNewTab_x0040_LastModified="{Date}2023-10-22T08:38:30.917Z"
                subDescription_x0040_LastModified="{Date}2023-10-22T08:37:48.050Z"
                subHeading="Customer Success Stories"
                subHeading_x0040_LastModified="{Date}2023-10-22T08:38:30.916Z"
                subLink="#"
                subLink_x0040_LastModified="{Date}2023-10-22T08:38:30.917Z"/>
            <ar
                jcr:mixinTypes="[cq:Taggable,dam:cfVariationNode]"
                jcr:primaryType="nt:unstructured"
                _x0040_variationCreationDate="{Date}2023-10-22T08:38:36.398Z"
                actionImage_x0040_LastModified="{Date}2023-10-22T08:38:36.401Z"
                ctaText_x0040_LastModified="{Date}2023-10-22T08:38:36.400Z"
                linkType_x0040_LastModified="{Date}2023-10-22T08:38:36.400Z"
                sameTabOrNewTab="_self"
                sameTabOrNewTab_x0040_LastModified="{Date}2023-10-22T08:38:36.401Z"
                subDescription_x0040_LastModified="{Date}2023-10-22T08:38:36.399Z"
                subHeading="قصص نجاح العملاء"
                subHeading_x0040_LastModified="{Date}2023-10-22T08:39:13.262Z"
                subLink="#"
                subLink_x0040_LastModified="{Date}2023-10-22T08:39:13.263Z"/>
        </data>
        <indexedData jcr:primaryType="nt:unstructured">
            <master
                jcr:mixinTypes="[dam:IndexedFragmentData]"
                jcr:primaryType="nt:unstructured"
                jcr:uuid="7b7550ed-35f2-49c7-bb7a-da7fb46731ac"
                _x0040_string_x0040_model="/conf/daas/settings/dam/cfm/models/business-menu-generic-link"
                _x0040_stringArray_x0040_variations="[ar]"
                string_x0040_sameTabOrNewTab="_self"
                string_x0040_subHeading="Customer Success Stories"
                string_x0040_subLink="#"/>
            <ar
                jcr:mixinTypes="[dam:IndexedFragmentData]"
                jcr:primaryType="nt:unstructured"
                jcr:uuid="cf0f0fad-fc98-496f-a438-c4cc9a077ec3"
                _x0040_string_x0040_model="/conf/daas/settings/dam/cfm/models/business-menu-generic-link"
                string_x0040_sameTabOrNewTab="_self"
                string_x0040_subHeading="قصص نجاح العملاء"
                string_x0040_subLink="#"/>
        </indexedData>
        <metadata
            jcr:mixinTypes="[cq:Taggable]"
            jcr:primaryType="nt:unstructured"/>
        <model jcr:primaryType="nt:unstructured">
            <variations jcr:primaryType="nt:unstructured">
                <ar
                    jcr:description="\0"
                    jcr:mixinTypes="[cq:Taggable]"
                    jcr:primaryType="nt:unstructured"
                    jcr:title="Ar"
                    name="ar">
                    <properties
                        jcr:primaryType="nt:unstructured"
                        synchronizeWithVersion="[subHeading:50951c44-039c-4adc-a24d-f8d95551de95,subDescription:50951c44-039c-4adc-a24d-f8d95551de95,linkType:50951c44-039c-4adc-a24d-f8d95551de95,ctaText:50951c44-039c-4adc-a24d-f8d95551de95,subLink:50951c44-039c-4adc-a24d-f8d95551de95,sameTabOrNewTab:50951c44-039c-4adc-a24d-f8d95551de95,actionImage:50951c44-039c-4adc-a24d-f8d95551de95]"/>
                </ar>
            </variations>
        </model>
        <related jcr:primaryType="nt:unstructured"/>
    </jcr:content>
</jcr:root>
