<?xml version="1.0" encoding="UTF-8"?>
<jcr:root xmlns:jcr="http://www.jcp.org/jcr/1.0" xmlns:dam="http://www.day.com/dam/1.0" xmlns:nt="http://www.jcp.org/jcr/nt/1.0" xmlns:mix="http://www.jcp.org/jcr/mix/1.0" xmlns:cq="http://www.day.com/jcr/cq/1.0"
    jcr:isCheckedOut="{Boolean}true"
    jcr:mixinTypes="[cq:contentFragment,mix:referenceable,mix:versionable]"
    jcr:primaryType="dam:Asset"
    jcr:uuid="2309b62b-0b71-47e7-b9b0-cc486724c4e3">
    <jcr:content
        cq:isDelivered="{Boolean}false"
        cq:lastModified="{Date}2025-11-28T12:13:39.789Z"
        cq:lastModifiedBy="maripaul@eand.com"
        cq:lastReplicated="{Date}2025-12-12T11:08:27.477Z"
        cq:lastReplicated_publish="{Date}2025-12-12T11:08:27.477Z"
        cq:lastReplicatedBy="workflow-process-service"
        cq:lastReplicatedBy_publish="workflow-process-service"
        cq:lastReplicationAction="Activate"
        cq:lastReplicationAction_publish="Activate"
        cq:name="startup-and-micro-business"
        cq:parentPath="/content/dam/daas/cfm/header/mega-menu"
        jcr:lastModified="{Date}2025-03-11T22:03:53.049Z"
        jcr:lastModifiedBy="suvenkatachalam@eand.com"
        jcr:mixinTypes="[cq:ReplicationStatus,cq:ReplicationStatus2]"
        jcr:primaryType="dam:AssetContent"
        jcr:title="Startup &amp; Micro Business"
        contentFragment="{Boolean}true"
        lastFragmentSave="{Date}2025-03-11T22:03:53.049Z">
        <data
            cq:model="/conf/daas/settings/dam/cfm/models/business-menu-generic-link"
            jcr:primaryType="nt:unstructured"
            _strucVersion="{Long}1">
            <master
                jcr:mixinTypes="[cq:Taggable,dam:cfVariationNode]"
                jcr:primaryType="nt:unstructured"
                actionImage_x0040_LastModified="{Date}2023-10-21T19:02:06.060Z"
                ctaText_x0040_LastModified="{Date}2023-10-21T19:02:06.060Z"
                linkType_x0040_LastModified="{Date}2023-10-21T19:02:06.060Z"
                sameTabOrNewTab="_self"
                sameTabOrNewTab_x0040_LastModified="{Date}2023-10-21T19:02:26.396Z"
                subDescription_x0040_LastModified="{Date}2023-10-21T19:02:06.060Z"
                subHeading="Startup &amp; Micro Business"
                subHeading_x0040_LastModified="{Date}2023-10-21T19:02:26.395Z"
                subLink="#"
                subLink_x0040_LastModified="{Date}2023-10-21T19:02:26.396Z"/>
            <ar
                jcr:mixinTypes="[cq:Taggable,dam:cfVariationNode]"
                jcr:primaryType="nt:unstructured"
                _x0040_variationCreationDate="{Date}2023-10-21T19:02:31.661Z"
                actionImage_x0040_LastModified="{Date}2023-10-21T19:02:31.663Z"
                ctaText_x0040_LastModified="{Date}2023-10-21T19:02:31.662Z"
                linkType_x0040_LastModified="{Date}2023-10-21T19:02:31.662Z"
                sameTabOrNewTab="_self"
                sameTabOrNewTab_x0040_LastModified="{Date}2023-10-21T19:02:31.663Z"
                subDescription_x0040_LastModified="{Date}2023-10-21T19:02:31.662Z"
                subHeading="حلول الأعمال الناشئة"
                subHeading_x0040_LastModified="{Date}2023-10-21T19:02:46.869Z"
                subLink="#"
                subLink_x0040_LastModified="{Date}2023-10-21T19:02:46.870Z"/>
        </data>
        <indexedData jcr:primaryType="nt:unstructured">
            <master
                jcr:mixinTypes="[dam:IndexedFragmentData]"
                jcr:primaryType="nt:unstructured"
                jcr:uuid="d8e20439-3566-4b6f-aef1-33109fba70de"
                _x0040_string_x0040_model="/conf/daas/settings/dam/cfm/models/business-menu-generic-link"
                _x0040_stringArray_x0040_variations="[ar]"
                string_x0040_sameTabOrNewTab="_self"
                string_x0040_subHeading="Startup &amp; Micro Business"
                string_x0040_subLink="#"/>
            <ar
                jcr:mixinTypes="[dam:IndexedFragmentData]"
                jcr:primaryType="nt:unstructured"
                jcr:uuid="2ab15f33-f970-41ae-8dc7-6b1a3872e1eb"
                _x0040_string_x0040_model="/conf/daas/settings/dam/cfm/models/business-menu-generic-link"
                string_x0040_sameTabOrNewTab="_self"
                string_x0040_subHeading="حلول الأعمال الناشئة"
                string_x0040_subLink="#"/>
        </indexedData>
        <metadata
            jcr:mixinTypes="[cq:Taggable]"
            jcr:primaryType="nt:unstructured">
            <dam:cfVariations jcr:primaryType="nt:unstructured">
                <ar
                    jcr:mixinTypes="[cq:Taggable]"
                    jcr:primaryType="nt:unstructured"/>
            </dam:cfVariations>
        </metadata>
        <model jcr:primaryType="nt:unstructured">
            <variations jcr:primaryType="nt:unstructured">
                <ar
                    jcr:description="\0"
                    jcr:mixinTypes="[cq:Taggable]"
                    jcr:primaryType="nt:unstructured"
                    jcr:title="Ar"
                    name="ar">
                    <properties
                        jcr:primaryType="nt:unstructured"
                        synchronizeWithVersion="[subHeading:079d6b5c-e30a-4da8-b304-d90eb4d00ca4,subDescription:079d6b5c-e30a-4da8-b304-d90eb4d00ca4,linkType:079d6b5c-e30a-4da8-b304-d90eb4d00ca4,ctaText:079d6b5c-e30a-4da8-b304-d90eb4d00ca4,subLink:079d6b5c-e30a-4da8-b304-d90eb4d00ca4,sameTabOrNewTab:079d6b5c-e30a-4da8-b304-d90eb4d00ca4,actionImage:079d6b5c-e30a-4da8-b304-d90eb4d00ca4]"/>
                </ar>
            </variations>
        </model>
        <related jcr:primaryType="nt:unstructured"/>
    </jcr:content>
</jcr:root>
