<?xml version="1.0" encoding="UTF-8"?>
<jcr:root xmlns:jcr="http://www.jcp.org/jcr/1.0" xmlns:dam="http://www.day.com/dam/1.0" xmlns:nt="http://www.jcp.org/jcr/nt/1.0" xmlns:mix="http://www.jcp.org/jcr/mix/1.0" xmlns:cq="http://www.day.com/jcr/cq/1.0"
    jcr:isCheckedOut="{Boolean}true"
    jcr:mixinTypes="[cq:contentFragment,mix:referenceable,mix:versionable]"
    jcr:primaryType="dam:Asset"
    jcr:uuid="f361b675-4d94-4489-93a4-663620d08c74">
    <jcr:content
        cq:isDelivered="{Boolean}false"
        cq:lastModified="{Date}2025-11-28T15:48:23.442+05:30"
        cq:lastModifiedBy="admin"
        cq:lastReplicated="{Date}2025-12-12T11:11:25.622Z"
        cq:lastReplicated_publish="{Date}2025-12-12T11:11:25.622Z"
        cq:lastReplicatedBy="workflow-process-service"
        cq:lastReplicatedBy_publish="workflow-process-service"
        cq:lastReplicationAction="Activate"
        cq:lastReplicationAction_publish="Activate"
        cq:name="get-domain-names"
        cq:parentPath="/content/dam/daas/cfm/footer-quicklinks/quick-links"
        jcr:lastModified="{Date}2025-12-05T14:48:28.062Z"
        jcr:lastModifiedBy="amaidheen@eand.com"
        jcr:mixinTypes="[cq:ReplicationStatus,cq:ReplicationStatus2]"
        jcr:primaryType="dam:AssetContent"
        jcr:title="Get Domain Names"
        contentFragment="{Boolean}true"
        lastFragmentSave="{Date}2025-12-05T14:48:28.062Z">
        <data
            cq:model="/conf/daas/settings/dam/cfm/models/business-menu-generic-link"
            jcr:primaryType="nt:unstructured"
            _strucVersion="{Long}1">
            <master
                jcr:mixinTypes="[cq:Taggable,dam:cfVariationNode]"
                jcr:primaryType="nt:unstructured"
                actionImage_x0040_LastModified="{Date}2023-10-22T08:26:17.319Z"
                ctaText_x0040_LastModified="{Date}2023-10-22T08:26:17.319Z"
                linkType="[absolute]"
                linkType_x0040_LastModified="{Date}2023-10-22T08:28:59.707Z"
                sameTabOrNewTab="_blank"
                sameTabOrNewTab_x0040_LastModified="{Date}2023-10-22T08:28:59.708Z"
                subDescription_x0040_LastModified="{Date}2023-10-22T08:26:17.319Z"
                subHeading="Get Domain Names"
                subHeading_x0040_LastModified="{Date}2023-10-22T08:28:59.707Z"
                subLink="#"
                subLink_x0040_LastModified="{Date}2025-12-05T14:48:11.775Z"
                subLink_x0040_LastModifiedBy="amaidheen@eand.com">
                <card
                    jcr:primaryType="nt:unstructured"
                    assets="[]"
                    texts="[Get Domain Names,#]"/>
            </master>
            <ar
                jcr:mixinTypes="[cq:Taggable,dam:cfVariationNode]"
                jcr:primaryType="nt:unstructured"
                _x0040_variationCreationDate="{Date}2023-10-22T08:29:49.104Z"
                actionImage_x0040_LastModified="{Date}2023-10-22T08:29:49.107Z"
                ctaText_x0040_LastModified="{Date}2023-10-22T08:29:49.106Z"
                linkType="[absolute]"
                linkType_x0040_LastModified="{Date}2023-10-22T08:29:49.106Z"
                sameTabOrNewTab="_blank"
                sameTabOrNewTab_x0040_LastModified="{Date}2023-10-22T08:29:49.107Z"
                subDescription_x0040_LastModified="{Date}2023-10-22T08:29:49.106Z"
                subHeading="احصل على اسماء النطاق"
                subHeading_x0040_LastModified="{Date}2023-10-22T08:30:41.340Z"
                subLink="#"
                subLink_x0040_LastModified="{Date}2025-12-05T14:48:27.725Z"
                subLink_x0040_LastModifiedBy="amaidheen@eand.com"/>
        </data>
        <indexedData jcr:primaryType="nt:unstructured">
            <master
                jcr:mixinTypes="[dam:IndexedFragmentData]"
                jcr:primaryType="nt:unstructured"
                jcr:uuid="8280fe8b-1485-4d8f-8282-fbe7cd61b05e"
                _x0040_string_x0040_model="/conf/daas/settings/dam/cfm/models/business-menu-generic-link"
                _x0040_stringArray_x0040_variations="[ar]"
                string_x0040_sameTabOrNewTab="_blank"
                string_x0040_subHeading="Get Domain Names"
                string_x0040_subLink="#"
                stringArray_x0040_linkType="[absolute]"/>
            <ar
                jcr:mixinTypes="[dam:IndexedFragmentData]"
                jcr:primaryType="nt:unstructured"
                jcr:uuid="a1fa8373-6a41-4068-abb9-2f9dd763dda6"
                _x0040_string_x0040_model="/conf/daas/settings/dam/cfm/models/business-menu-generic-link"
                string_x0040_sameTabOrNewTab="_blank"
                string_x0040_subHeading="احصل على اسماء النطاق"
                string_x0040_subLink="#"
                stringArray_x0040_linkType="[absolute]"/>
        </indexedData>
        <metadata
            jcr:mixinTypes="[cq:Taggable]"
            jcr:primaryType="nt:unstructured">
            <dam:cfVariations jcr:primaryType="nt:unstructured">
                <ar
                    jcr:mixinTypes="[cq:Taggable]"
                    jcr:primaryType="nt:unstructured"/>
            </dam:cfVariations>
        </metadata>
        <model jcr:primaryType="nt:unstructured">
            <variations jcr:primaryType="nt:unstructured">
                <ar
                    jcr:description="\0"
                    jcr:mixinTypes="[cq:Taggable]"
                    jcr:primaryType="nt:unstructured"
                    jcr:title="Ar"
                    name="ar">
                    <properties
                        jcr:primaryType="nt:unstructured"
                        synchronizeWithVersion="[subHeading:bc688321-cb7f-40ea-924f-ad371f747f69,subDescription:bc688321-cb7f-40ea-924f-ad371f747f69,linkType:bc688321-cb7f-40ea-924f-ad371f747f69,ctaText:bc688321-cb7f-40ea-924f-ad371f747f69,subLink:bc688321-cb7f-40ea-924f-ad371f747f69,sameTabOrNewTab:bc688321-cb7f-40ea-924f-ad371f747f69,actionImage:bc688321-cb7f-40ea-924f-ad371f747f69]"/>
                </ar>
            </variations>
        </model>
        <related jcr:primaryType="nt:unstructured"/>
    </jcr:content>
</jcr:root>
