<?xml version="1.0" encoding="UTF-8"?>
<jcr:root xmlns:jcr="http://www.jcp.org/jcr/1.0" xmlns:nt="http://www.jcp.org/jcr/nt/1.0" xmlns:granite="http://www.adobe.com/jcr/granite/1.0" xmlns:cq="http://www.day.com/jcr/cq/1.0" xmlns:sling="http://sling.apache.org/jcr/sling/1.0"
    jcr:primaryType="cq:Template"
    allowedPaths="[/content/entities(/.*)?]"
    ranking="{Long}100">
    <jcr:content
        cq:isDelivered="{Boolean}false"
        cq:lastModified="{Date}2025-11-27T07:15:26.492Z"
        cq:lastModifiedBy="amaidheen@eand.com"
        cq:lastReplicationAction_publish="Activate"
        cq:scaffolding="/conf/daas/settings/dam/cfm/models/business-menu-promo-section/jcr:content/model"
        cq:templateType="/libs/settings/dam/cfm/model-types/fragment"
        jcr:mixinTypes="[cq:ReplicationStatus2]"
        jcr:primaryType="cq:PageContent"
        jcr:title="Copy of Business-Menu-Promo-Section"
        sling:resourceSuperType="dam/cfm/models/console/components/data/entity"
        sling:resourceType="dam/cfm/models/console/components/data/entity/default"
        isLocked="{Boolean}false"
        status="enabled">
        <metadata jcr:primaryType="nt:unstructured"/>
        <model
            cq:targetPath="/content/entities"
            jcr:primaryType="cq:PageContent"
            sling:resourceType="wcm/scaffolding/components/scaffolding"
            dataTypesConfig="/mnt/overlay/settings/dam/cfm/models/formbuilderconfig/datatypes"
            maxGeneratedOrder="20">
            <cq:dialog
                jcr:primaryType="nt:unstructured"
                sling:resourceType="cq/gui/components/authoring/dialog">
                <content
                    jcr:lastModified="{Date}2025-03-04T10:47:02.787Z"
                    jcr:lastModifiedBy="amaidheen@eand.com"
                    jcr:primaryType="nt:unstructured"
                    sling:resourceType="granite/ui/components/coral/foundation/fixedcolumns">
                    <items
                        jcr:primaryType="nt:unstructured"
                        maxGeneratedOrder="20">
                        <_x0031_684415686577
                            jcr:primaryType="nt:unstructured"
                            sling:resourceType="dam/cfm/models/editor/components/fragmentreference"
                            allowNew="{Boolean}false"
                            fieldLabel="Promo Text Section"
                            filter="hierarchy"
                            fragmentmodelreference="/conf/etisalat-business/settings/dam/cfm/models/business-menu-generic-link"
                            listOrder="8"
                            metaType="fragment-reference"
                            name="promoTextSection"
                            nameSuffix="contentReference"
                            renderReadOnly="false"
                            rootPath="/content/dam/cfm-etisalat/smb"
                            showEmptyInReadOnly="true"
                            valueType="string/content-fragment">
                            <granite:data jcr:primaryType="nt:unstructured"/>
                            <field
                                jcr:primaryType="nt:unstructured"
                                rootPath="/content/dam/cfm-etisalat/smb"/>
                        </_x0031_684415686577>
                        <_x0031_684415692486
                            jcr:primaryType="nt:unstructured"
                            sling:resourceType="granite/ui/components/coral/foundation/form/multifield"
                            fieldLabel="Promo Image Section"
                            filter="hierarchy"
                            listOrder="10"
                            metaType="reference"
                            name="promoImageSection"
                            nameSuffix="contentReference"
                            renderReadOnly="false"
                            rootPath="/content/dam"
                            showEmptyInReadOnly="true"
                            showThumbnail="false"
                            validation="cfm.validation.contenttype.image"
                            valueType="string/reference[]">
                            <granite:data
                                jcr:primaryType="nt:unstructured"
                                mvmaxitems="5"
                                thumbnail-validation="cfm.validation.thumbnail.show"/>
                            <field
                                jcr:primaryType="nt:unstructured"
                                sling:resourceType="dam/cfm/models/editor/components/contentreference"
                                name="promoImageSection"
                                renderReadOnly="false"
                                rootPath="/content/dam"
                                validation="cfm.validation.contenttype.image">
                                <granite:data
                                    jcr:primaryType="nt:unstructured"
                                    mvmaxitems="5"
                                    thumbnail-validation="cfm.validation.thumbnail.show"/>
                            </field>
                        </_x0031_684415692486>
                    </items>
                </content>
            </cq:dialog>
        </model>
        <change-register jcr:primaryType="nt:unstructured"/>
    </jcr:content>
</jcr:root>
