<?xml version="1.0" encoding="UTF-8"?>
<jcr:root xmlns:jcr="http://www.jcp.org/jcr/1.0" xmlns:dam="http://www.day.com/dam/1.0" xmlns:nt="http://www.jcp.org/jcr/nt/1.0" xmlns:mix="http://www.jcp.org/jcr/mix/1.0" xmlns:cq="http://www.day.com/jcr/cq/1.0"
    jcr:isCheckedOut="{Boolean}true"
    jcr:mixinTypes="[mix:referenceable,mix:versionable]"
    jcr:primaryType="dam:Asset"
    jcr:uuid="43f12f72-035e-4172-9bf8-70353cb64089">
    <jcr:content
        cq:isDelivered="{Boolean}false"
        cq:lastModified="{Date}2025-03-13T06:52:59.107Z"
        cq:lastModifiedBy="suvenkatachalam@eand.com"
        cq:lastReplicated="{Date}2025-04-08T09:50:50.047Z"
        cq:lastReplicated_publish="{Date}2025-04-08T09:50:50.047Z"
        cq:lastReplicatedBy="workflow-process-service"
        cq:lastReplicatedBy_publish="workflow-process-service"
        cq:lastReplicationAction="Activate"
        cq:lastReplicationAction_publish="Activate"
        cq:name="prime-business"
        cq:parentPath="/content/dam/cfm-etisalat/smb/footer-quicklinks/quick-links"
        jcr:lastModified="{Date}2025-03-13T06:54:56.288Z"
        jcr:lastModifiedBy="suvenkatachalam@eand.com"
        jcr:mixinTypes="[cq:ReplicationStatus,cq:ReplicationStatus2]"
        jcr:primaryType="dam:AssetContent"
        jcr:title="Prime Business"
        contentFragment="{Boolean}true"
        lastFragmentSave="{Date}2025-03-13T06:54:56.288Z">
        <data
            cq:model="/conf/etisalat-business/settings/dam/cfm/models/business-menu-generic-link"
            jcr:primaryType="nt:unstructured"
            _strucVersion="{Long}1">
            <master
                jcr:mixinTypes="[cq:Taggable,dam:cfVariationNode]"
                jcr:primaryType="nt:unstructured"
                actionImage_x0040_LastModified="{Date}2023-10-22T08:34:23.667Z"
                ctaText_x0040_LastModified="{Date}2023-10-22T08:34:23.667Z"
                linkType_x0040_LastModified="{Date}2023-10-22T08:34:23.667Z"
                sameTabOrNewTab="_self"
                sameTabOrNewTab_x0040_LastModified="{Date}2023-10-22T08:34:58.135Z"
                subDescription_x0040_LastModified="{Date}2023-10-22T08:34:23.667Z"
                subHeading="Prime Business"
                subHeading_x0040_LastModified="{Date}2025-03-13T06:54:27.478Z"
                subHeading_x0040_LastModifiedBy="suvenkatachalam@eand.com"
                subLink="/en/smb/prime-business.html"
                subLink_x0040_LastModified="{Date}2025-03-13T06:54:27.479Z"
                subLink_x0040_LastModifiedBy="suvenkatachalam@eand.com"/>
            <ar
                jcr:mixinTypes="[cq:Taggable,dam:cfVariationNode]"
                jcr:primaryType="nt:unstructured"
                _x0040_variationCreationDate="{Date}2023-10-22T08:35:03.813Z"
                actionImage_x0040_LastModified="{Date}2023-10-22T08:35:03.815Z"
                ctaText_x0040_LastModified="{Date}2023-10-22T08:35:03.814Z"
                linkType_x0040_LastModified="{Date}2023-10-22T08:35:03.814Z"
                sameTabOrNewTab="_self"
                sameTabOrNewTab_x0040_LastModified="{Date}2023-10-22T08:35:03.815Z"
                subDescription_x0040_LastModified="{Date}2023-10-22T08:35:03.814Z"
                subHeading="برنامج Prime Business"
                subHeading_x0040_LastModified="{Date}2025-03-13T06:54:56.026Z"
                subHeading_x0040_LastModifiedBy="suvenkatachalam@eand.com"
                subLink="/ar/smb/prime-business.html"
                subLink_x0040_LastModified="{Date}2025-03-13T06:54:56.027Z"
                subLink_x0040_LastModifiedBy="suvenkatachalam@eand.com"/>
        </data>
        <indexedData jcr:primaryType="nt:unstructured">
            <master
                jcr:mixinTypes="[dam:IndexedFragmentData]"
                jcr:primaryType="nt:unstructured"
                jcr:uuid="4071ee10-1efa-49c6-8ba7-1e00c099aff3"
                _x0040_string_x0040_model="/conf/etisalat-business/settings/dam/cfm/models/business-menu-generic-link"
                _x0040_stringArray_x0040_variations="[ar]"
                string_x0040_sameTabOrNewTab="_self"
                string_x0040_subHeading="Prime Business"
                string_x0040_subLink="/en/smb/prime-business.html"/>
            <ar
                jcr:mixinTypes="[dam:IndexedFragmentData]"
                jcr:primaryType="nt:unstructured"
                jcr:uuid="848de7fd-e6f3-4d3e-816b-ba9297d3d642"
                _x0040_string_x0040_model="/conf/etisalat-business/settings/dam/cfm/models/business-menu-generic-link"
                string_x0040_sameTabOrNewTab="_self"
                string_x0040_subHeading="برنامج Prime Business"
                string_x0040_subLink="/ar/smb/prime-business.html"/>
        </indexedData>
        <metadata
            jcr:mixinTypes="[cq:Taggable]"
            jcr:primaryType="nt:unstructured">
            <dam:cfVariations jcr:primaryType="nt:unstructured">
                <ar
                    jcr:mixinTypes="[cq:Taggable]"
                    jcr:primaryType="nt:unstructured"/>
            </dam:cfVariations>
        </metadata>
        <model jcr:primaryType="nt:unstructured">
            <variations jcr:primaryType="nt:unstructured">
                <ar
                    jcr:description="\0"
                    jcr:mixinTypes="[cq:Taggable]"
                    jcr:primaryType="nt:unstructured"
                    jcr:title="Ar"
                    name="ar">
                    <properties
                        jcr:primaryType="nt:unstructured"
                        synchronizeWithVersion="[subHeading:34391258-fd20-432a-a0ce-e178b9f21360,subDescription:34391258-fd20-432a-a0ce-e178b9f21360,linkType:34391258-fd20-432a-a0ce-e178b9f21360,ctaText:34391258-fd20-432a-a0ce-e178b9f21360,subLink:34391258-fd20-432a-a0ce-e178b9f21360,sameTabOrNewTab:34391258-fd20-432a-a0ce-e178b9f21360,actionImage:34391258-fd20-432a-a0ce-e178b9f21360]"/>
                </ar>
            </variations>
        </model>
        <related jcr:primaryType="nt:unstructured"/>
    </jcr:content>
</jcr:root>
