<?xml version="1.0" encoding="UTF-8"?>
<jcr:root xmlns:jcr="http://www.jcp.org/jcr/1.0" xmlns:dam="http://www.day.com/dam/1.0" xmlns:nt="http://www.jcp.org/jcr/nt/1.0" xmlns:mix="http://www.jcp.org/jcr/mix/1.0" xmlns:cq="http://www.day.com/jcr/cq/1.0"
    jcr:isCheckedOut="{Boolean}true"
    jcr:mixinTypes="[mix:referenceable,mix:versionable]"
    jcr:primaryType="dam:Asset"
    jcr:uuid="04c0c6c0-bffd-4f93-bf39-f18278e8f695">
    <jcr:content
        cq:isDelivered="{Boolean}false"
        cq:lastModified="{Date}2023-10-22T08:32:56.856Z"
        cq:lastModifiedBy="azaraheem@etisalat.ae"
        cq:lastReplicated="{Date}2025-04-08T09:50:50.047Z"
        cq:lastReplicated_publish="{Date}2025-04-08T09:50:50.047Z"
        cq:lastReplicatedBy="workflow-process-service"
        cq:lastReplicatedBy_publish="workflow-process-service"
        cq:lastReplicationAction="Activate"
        cq:lastReplicationAction_publish="Activate"
        cq:name="vat-trn-submission"
        cq:parentPath="/content/dam/cfm-etisalat/smb/footer-quicklinks/quick-links"
        jcr:lastModified="{Date}2025-04-08T09:26:33.463Z"
        jcr:lastModifiedBy="suvenkatachalam@eand.com"
        jcr:mixinTypes="[cq:ReplicationStatus,cq:ReplicationStatus2]"
        jcr:primaryType="dam:AssetContent"
        jcr:title="VAT / TRN Submission"
        contentFragment="{Boolean}true"
        lastFragmentSave="{Date}2025-04-08T09:26:33.463Z">
        <data
            cq:model="/conf/etisalat-business/settings/dam/cfm/models/business-menu-generic-link"
            jcr:primaryType="nt:unstructured"
            _strucVersion="{Long}1">
            <master
                jcr:mixinTypes="[cq:Taggable,dam:cfVariationNode]"
                jcr:primaryType="nt:unstructured"
                actionImage_x0040_LastModified="{Date}2023-10-21T20:06:34.186Z"
                ctaText_x0040_LastModified="{Date}2023-10-21T20:06:34.186Z"
                linkType_x0040_LastModified="{Date}2023-10-21T20:06:34.186Z"
                sameTabOrNewTab="_self"
                sameTabOrNewTab_x0040_LastModified="{Date}2023-10-21T20:06:51.155Z"
                subDescription_x0040_LastModified="{Date}2023-10-21T20:06:34.186Z"
                subHeading="VAT / TRN Submission"
                subHeading_x0040_LastModified="{Date}2023-10-21T20:06:51.154Z"
                subLink="/en/smb/vat.html"
                subLink_x0040_LastModified="{Date}2023-10-21T20:06:51.154Z"/>
            <ar
                jcr:mixinTypes="[cq:Taggable,dam:cfVariationNode]"
                jcr:primaryType="nt:unstructured"
                _x0040_variationCreationDate="{Date}2023-10-21T20:06:55.587Z"
                actionImage_x0040_LastModified="{Date}2023-10-21T20:06:55.589Z"
                ctaText_x0040_LastModified="{Date}2023-10-21T20:06:55.589Z"
                linkType_x0040_LastModified="{Date}2023-10-21T20:06:55.589Z"
                sameTabOrNewTab="_self"
                sameTabOrNewTab_x0040_LastModified="{Date}2023-10-21T20:06:55.589Z"
                subDescription_x0040_LastModified="{Date}2023-10-21T20:06:55.588Z"
                subHeading="تقديم VAT / TRN"
                subHeading_x0040_LastModified="{Date}2025-04-08T09:26:33.219Z"
                subHeading_x0040_LastModifiedBy="suvenkatachalam@eand.com"
                subLink="/ar/smb/vat.html"
                subLink_x0040_LastModified="{Date}2023-10-21T20:07:14.767Z"/>
        </data>
        <indexedData jcr:primaryType="nt:unstructured">
            <master
                jcr:mixinTypes="[dam:IndexedFragmentData]"
                jcr:primaryType="nt:unstructured"
                jcr:uuid="de845864-2fe5-4364-8120-d6634d04dca4"
                _x0040_string_x0040_model="/conf/etisalat-business/settings/dam/cfm/models/business-menu-generic-link"
                _x0040_stringArray_x0040_variations="[ar]"
                string_x0040_sameTabOrNewTab="_self"
                string_x0040_subHeading="VAT / TRN Submission"
                string_x0040_subLink="/en/smb/vat.html"/>
            <ar
                jcr:mixinTypes="[dam:IndexedFragmentData]"
                jcr:primaryType="nt:unstructured"
                jcr:uuid="3e9e4250-4cad-4688-8fe0-c6c97d123fde"
                _x0040_string_x0040_model="/conf/etisalat-business/settings/dam/cfm/models/business-menu-generic-link"
                string_x0040_sameTabOrNewTab="_self"
                string_x0040_subHeading="تقديم VAT / TRN"
                string_x0040_subLink="/ar/smb/vat.html"/>
        </indexedData>
        <metadata
            jcr:mixinTypes="[cq:Taggable]"
            jcr:primaryType="nt:unstructured">
            <dam:cfVariations jcr:primaryType="nt:unstructured">
                <ar
                    jcr:mixinTypes="[cq:Taggable]"
                    jcr:primaryType="nt:unstructured"/>
            </dam:cfVariations>
        </metadata>
        <model jcr:primaryType="nt:unstructured">
            <variations jcr:primaryType="nt:unstructured">
                <ar
                    jcr:description="\0"
                    jcr:mixinTypes="[cq:Taggable]"
                    jcr:primaryType="nt:unstructured"
                    jcr:title="Ar"
                    name="ar">
                    <properties
                        jcr:primaryType="nt:unstructured"
                        synchronizeWithVersion="[subHeading:82591ac3-79c2-4206-adb7-0406686f44e7,subDescription:82591ac3-79c2-4206-adb7-0406686f44e7,linkType:82591ac3-79c2-4206-adb7-0406686f44e7,ctaText:82591ac3-79c2-4206-adb7-0406686f44e7,subLink:82591ac3-79c2-4206-adb7-0406686f44e7,sameTabOrNewTab:82591ac3-79c2-4206-adb7-0406686f44e7,actionImage:82591ac3-79c2-4206-adb7-0406686f44e7]"/>
                </ar>
            </variations>
        </model>
        <related jcr:primaryType="nt:unstructured"/>
    </jcr:content>
</jcr:root>
