<?xml version="1.0" encoding="UTF-8"?>
<jcr:root xmlns:jcr="http://www.jcp.org/jcr/1.0" xmlns:dam="http://www.day.com/dam/1.0" xmlns:nt="http://www.jcp.org/jcr/nt/1.0" xmlns:mix="http://www.jcp.org/jcr/mix/1.0" xmlns:cq="http://www.day.com/jcr/cq/1.0"
    jcr:isCheckedOut="{Boolean}true"
    jcr:mixinTypes="[mix:referenceable,mix:versionable]"
    jcr:primaryType="dam:Asset"
    jcr:uuid="48ad3075-8eba-4b14-ab4b-eb012868f3ec">
    <jcr:content
        cq:isDelivered="{Boolean}false"
        cq:lastModified="{Date}2025-11-28T15:48:23.471+05:30"
        cq:lastModifiedBy="admin"
        cq:lastReplicationAction_publish="Activate"
        cq:name="telecoms"
        cq:parentPath="/content/dam/daas/cfm/footer-quicklinks/quick-links"
        jcr:lastModified="{Date}2023-10-22T09:51:51.560Z"
        jcr:lastModifiedBy="azaraheem@etisalat.ae"
        jcr:mixinTypes="[cq:ReplicationStatus,cq:ReplicationStatus2]"
        jcr:primaryType="dam:AssetContent"
        jcr:title="Telecoms "
        contentFragment="{Boolean}true"
        lastFragmentSave="{Date}2023-10-22T09:51:51.560Z">
        <data
            cq:model="/conf/daas/settings/dam/cfm/models/business-menu-generic-link"
            jcr:primaryType="nt:unstructured"
            _strucVersion="{Long}1">
            <master
                jcr:mixinTypes="[cq:Taggable,dam:cfVariationNode]"
                jcr:primaryType="nt:unstructured"
                actionImage="/content/dam/daas/cfm/images/actions-open-link.svg"
                actionImage_x0040_LastModified="{Date}2023-10-22T09:51:39.887Z"
                ctaText_x0040_LastModified="{Date}2023-10-22T09:31:55.995Z"
                linkType="[absolute]"
                linkType_x0040_LastModified="{Date}2023-10-22T09:32:26.763Z"
                sameTabOrNewTab="_blank"
                sameTabOrNewTab_x0040_LastModified="{Date}2023-10-22T09:32:26.764Z"
                subDescription_x0040_LastModified="{Date}2023-10-22T09:31:55.995Z"
                subHeading="Telecoms "
                subHeading_x0040_LastModified="{Date}2023-10-22T09:32:26.762Z"
                subLink="https://www.eand.com/en/etisalat-uae.html"
                subLink_x0040_LastModified="{Date}2023-10-22T09:32:26.763Z"/>
            <ar
                jcr:mixinTypes="[cq:Taggable,dam:cfVariationNode]"
                jcr:primaryType="nt:unstructured"
                _x0040_variationCreationDate="{Date}2023-10-22T09:32:32.175Z"
                actionImage="/content/dam/daas/cfm/images/actions-open-link.svg"
                actionImage_x0040_LastModified="{Date}2023-10-22T09:51:51.344Z"
                ctaText_x0040_LastModified="{Date}2023-10-22T09:32:32.177Z"
                linkType="[absolute]"
                linkType_x0040_LastModified="{Date}2023-10-22T09:32:32.177Z"
                sameTabOrNewTab="_blank"
                sameTabOrNewTab_x0040_LastModified="{Date}2023-10-22T09:32:32.178Z"
                subDescription_x0040_LastModified="{Date}2023-10-22T09:32:32.177Z"
                subHeading="العلامات التجارية للاتصالات "
                subHeading_x0040_LastModified="{Date}2023-10-22T09:33:38.335Z"
                subLink="https://www.eand.com/ar/etisalat-uae.html"
                subLink_x0040_LastModified="{Date}2023-10-22T09:33:38.336Z"/>
        </data>
        <indexedData jcr:primaryType="nt:unstructured">
            <master
                jcr:mixinTypes="[dam:IndexedFragmentData]"
                jcr:primaryType="nt:unstructured"
                jcr:uuid="a0331bc6-7cf8-40a2-87f1-41d6f47a3b91"
                _x0040_string_x0040_model="/conf/daas/settings/dam/cfm/models/business-menu-generic-link"
                _x0040_stringArray_x0040_variations="[ar]"
                string_x0040_sameTabOrNewTab="_blank"
                string_x0040_subHeading="Telecoms "
                string_x0040_subLink="https://www.eand.com/en/etisalat-uae.html"
                stringArray_x0040_linkType="[absolute]"/>
            <ar
                jcr:mixinTypes="[dam:IndexedFragmentData]"
                jcr:primaryType="nt:unstructured"
                jcr:uuid="f9f26913-5dc9-4a2b-83de-b261fc53d183"
                _x0040_string_x0040_model="/conf/daas/settings/dam/cfm/models/business-menu-generic-link"
                string_x0040_sameTabOrNewTab="_blank"
                string_x0040_subHeading="العلامات التجارية للاتصالات "
                string_x0040_subLink="https://www.eand.com/ar/etisalat-uae.html"
                stringArray_x0040_linkType="[absolute]"/>
        </indexedData>
        <metadata
            jcr:mixinTypes="[cq:Taggable]"
            jcr:primaryType="nt:unstructured"/>
        <model jcr:primaryType="nt:unstructured">
            <variations jcr:primaryType="nt:unstructured">
                <ar
                    jcr:description="\0"
                    jcr:mixinTypes="[cq:Taggable]"
                    jcr:primaryType="nt:unstructured"
                    jcr:title="Ar"
                    name="ar">
                    <properties
                        jcr:primaryType="nt:unstructured"
                        synchronizeWithVersion="[subHeading:fe0c20a8-bbe7-44a1-ba12-82459ff3a6f6,subDescription:fe0c20a8-bbe7-44a1-ba12-82459ff3a6f6,linkType:fe0c20a8-bbe7-44a1-ba12-82459ff3a6f6,ctaText:fe0c20a8-bbe7-44a1-ba12-82459ff3a6f6,subLink:fe0c20a8-bbe7-44a1-ba12-82459ff3a6f6,sameTabOrNewTab:fe0c20a8-bbe7-44a1-ba12-82459ff3a6f6,actionImage:fe0c20a8-bbe7-44a1-ba12-82459ff3a6f6]"/>
                </ar>
            </variations>
        </model>
        <related jcr:primaryType="nt:unstructured"/>
    </jcr:content>
</jcr:root>
