<?xml version="1.0" encoding="UTF-8"?>
<jcr:root xmlns:jcr="http://www.jcp.org/jcr/1.0" xmlns:dam="http://www.day.com/dam/1.0" xmlns:nt="http://www.jcp.org/jcr/nt/1.0" xmlns:mix="http://www.jcp.org/jcr/mix/1.0" xmlns:cq="http://www.day.com/jcr/cq/1.0"
    jcr:isCheckedOut="{Boolean}true"
    jcr:mixinTypes="[cq:contentFragment,mix:referenceable,mix:versionable]"
    jcr:primaryType="dam:Asset"
    jcr:uuid="1d2bed48-567a-4c48-bc86-ca678789caaa">
    <jcr:content
        cq:isDelivered="{Boolean}false"
        cq:lastModified="{Date}2025-11-28T12:13:45.763Z"
        cq:lastModifiedBy="maripaul@eand.com"
        cq:lastReplicated="{Date}2025-12-12T11:08:27.477Z"
        cq:lastReplicated_publish="{Date}2025-12-12T11:08:27.477Z"
        cq:lastReplicatedBy="workflow-process-service"
        cq:lastReplicatedBy_publish="workflow-process-service"
        cq:lastReplicationAction="Activate"
        cq:lastReplicationAction_publish="Activate"
        cq:name="online-marketing"
        cq:parentPath="/content/dam/daas/cfm/header/mega-menu"
        jcr:lastModified="{Date}2023-10-21T17:55:55.894Z"
        jcr:lastModifiedBy="azaraheem@etisalat.ae"
        jcr:mixinTypes="[cq:ReplicationStatus,cq:ReplicationStatus2]"
        jcr:primaryType="dam:AssetContent"
        jcr:title="Online Marketing"
        contentFragment="{Boolean}true"
        lastFragmentSave="{Date}2023-10-21T17:55:55.894Z">
        <data
            cq:model="/conf/daas/settings/dam/cfm/models/business-menu-generic-link"
            jcr:primaryType="nt:unstructured"
            _strucVersion="{Long}1">
            <master
                jcr:mixinTypes="[cq:Taggable,dam:cfVariationNode]"
                jcr:primaryType="nt:unstructured"
                actionImage_x0040_LastModified="{Date}2023-10-21T17:55:07.542Z"
                ctaText_x0040_LastModified="{Date}2023-10-21T17:55:07.542Z"
                linkType_x0040_LastModified="{Date}2023-10-21T17:55:07.542Z"
                sameTabOrNewTab="_self"
                sameTabOrNewTab_x0040_LastModified="{Date}2023-10-21T17:55:28.031Z"
                subDescription_x0040_LastModified="{Date}2023-10-21T17:55:07.542Z"
                subHeading="Online Marketing"
                subHeading_x0040_LastModified="{Date}2023-10-21T17:55:28.027Z"
                subLink="#"
                subLink_x0040_LastModified="{Date}2023-10-21T17:55:28.028Z"/>
            <ar
                jcr:mixinTypes="[cq:Taggable,dam:cfVariationNode]"
                jcr:primaryType="nt:unstructured"
                _x0040_variationCreationDate="{Date}2023-10-21T17:55:33.107Z"
                actionImage_x0040_LastModified="{Date}2023-10-21T17:55:33.109Z"
                ctaText_x0040_LastModified="{Date}2023-10-21T17:55:33.108Z"
                linkType_x0040_LastModified="{Date}2023-10-21T17:55:33.108Z"
                sameTabOrNewTab="_self"
                sameTabOrNewTab_x0040_LastModified="{Date}2023-10-21T17:55:33.109Z"
                subDescription_x0040_LastModified="{Date}2023-10-21T17:55:33.108Z"
                subHeading="التسويق الرقمي"
                subHeading_x0040_LastModified="{Date}2023-10-21T17:55:55.673Z"
                subLink="#"
                subLink_x0040_LastModified="{Date}2023-10-21T17:55:55.674Z"/>
        </data>
        <indexedData jcr:primaryType="nt:unstructured">
            <master
                jcr:mixinTypes="[dam:IndexedFragmentData]"
                jcr:primaryType="nt:unstructured"
                jcr:uuid="f3886876-dbed-4392-9803-338b476d1cd6"
                _x0040_string_x0040_model="/conf/daas/settings/dam/cfm/models/business-menu-generic-link"
                _x0040_stringArray_x0040_variations="[ar]"
                string_x0040_sameTabOrNewTab="_self"
                string_x0040_subHeading="Online Marketing"
                string_x0040_subLink="#"/>
            <ar
                jcr:mixinTypes="[dam:IndexedFragmentData]"
                jcr:primaryType="nt:unstructured"
                jcr:uuid="b0dce51b-eb4e-4798-92aa-71c1ceaba0a1"
                _x0040_string_x0040_model="/conf/daas/settings/dam/cfm/models/business-menu-generic-link"
                string_x0040_sameTabOrNewTab="_self"
                string_x0040_subHeading="التسويق الرقمي"
                string_x0040_subLink="#"/>
        </indexedData>
        <metadata
            jcr:mixinTypes="[cq:Taggable]"
            jcr:primaryType="nt:unstructured"/>
        <model jcr:primaryType="nt:unstructured">
            <variations jcr:primaryType="nt:unstructured">
                <ar
                    jcr:description="\0"
                    jcr:mixinTypes="[cq:Taggable]"
                    jcr:primaryType="nt:unstructured"
                    jcr:title="Ar"
                    name="ar">
                    <properties
                        jcr:primaryType="nt:unstructured"
                        synchronizeWithVersion="[subHeading:ca288e6b-fc68-422a-872b-f24caeb204eb,subDescription:ca288e6b-fc68-422a-872b-f24caeb204eb,linkType:ca288e6b-fc68-422a-872b-f24caeb204eb,ctaText:ca288e6b-fc68-422a-872b-f24caeb204eb,subLink:ca288e6b-fc68-422a-872b-f24caeb204eb,sameTabOrNewTab:ca288e6b-fc68-422a-872b-f24caeb204eb,actionImage:ca288e6b-fc68-422a-872b-f24caeb204eb]"/>
                </ar>
            </variations>
        </model>
        <related jcr:primaryType="nt:unstructured"/>
    </jcr:content>
</jcr:root>
