<?xml version="1.0" encoding="UTF-8"?>
<jcr:root xmlns:jcr="http://www.jcp.org/jcr/1.0" xmlns:dam="http://www.day.com/dam/1.0" xmlns:nt="http://www.jcp.org/jcr/nt/1.0" xmlns:mix="http://www.jcp.org/jcr/mix/1.0" xmlns:cq="http://www.day.com/jcr/cq/1.0"
    jcr:isCheckedOut="{Boolean}true"
    jcr:mixinTypes="[cq:contentFragment,mix:referenceable,mix:versionable]"
    jcr:primaryType="dam:Asset"
    jcr:uuid="6890d111-0070-4f43-844a-d350ad5588d8">
    <jcr:content
        cq:isDelivered="{Boolean}false"
        cq:lastModified="{Date}2025-11-28T12:13:29.654Z"
        cq:lastModifiedBy="maripaul@eand.com"
        cq:lastReplicated="{Date}2025-12-12T11:08:37.533Z"
        cq:lastReplicated_publish="{Date}2025-12-12T11:08:37.533Z"
        cq:lastReplicatedBy="workflow-process-service"
        cq:lastReplicatedBy_publish="workflow-process-service"
        cq:lastReplicationAction="Activate"
        cq:lastReplicationAction_publish="Activate"
        cq:name="business-app-store-sub-sec-1"
        cq:parentPath="/content/dam/daas/cfm/header/top-navigation/business-app-store"
        jcr:lastModified="{Date}2025-03-11T22:24:58.421Z"
        jcr:lastModifiedBy="suvenkatachalam@eand.com"
        jcr:mixinTypes="[cq:ReplicationStatus,cq:ReplicationStatus2]"
        jcr:primaryType="dam:AssetContent"
        jcr:title="Business App Store Sub Sec 1"
        contentFragment="{Boolean}true"
        lastFragmentSave="{Date}2025-03-11T22:24:58.421Z">
        <data
            cq:model="/conf/daas/settings/dam/cfm/models/business-mega-menu-sub-section"
            jcr:primaryType="nt:unstructured"
            _strucVersion="{Long}1">
            <master
                jcr:mixinTypes="[cq:Taggable,dam:cfVariationNode]"
                jcr:primaryType="nt:unstructured"
                menuHeading="Productivity"
                menuHeading_x0040_LastModified="{Date}2023-10-21T19:48:51.513Z"
                menuSubSection="[/content/dam/daas/cfm/header/mega-menu/productivity/microsoft-productivity-suite,/content/dam/daas/cfm/header/mega-menu/productivity/project-management,/content/dam/daas/cfm/header/mega-menu/productivity/power-apps,/content/dam/daas/cfm/header/mega-menu/productivity/operating-systems,/content/dam/daas/cfm/header/mega-menu/productivity/ms-dynamics-365,/content/dam/daas/cfm/header/mega-menu/productivity/data-backup]"
                menuSubSection_x0040_LastModified="{Date}2025-03-11T22:24:46.462Z"
                menuSubSection_x0040_LastModifiedBy="suvenkatachalam@eand.com"/>
            <ar
                jcr:mixinTypes="[cq:Taggable,dam:cfVariationNode]"
                jcr:primaryType="nt:unstructured"
                _x0040_variationCreationDate="{Date}2023-10-21T19:48:56.584Z"
                menuHeading="أدوات وتطبيقات الإنتاجية"
                menuHeading_x0040_LastModified="{Date}2023-10-21T19:49:17.644Z"
                menuSubSection="[/content/dam/daas/cfm/header/mega-menu/productivity/microsoft-productivity-suite,/content/dam/daas/cfm/header/mega-menu/productivity/project-management,/content/dam/daas/cfm/header/mega-menu/productivity/power-apps,/content/dam/daas/cfm/header/mega-menu/productivity/operating-systems,/content/dam/daas/cfm/header/mega-menu/productivity/ms-dynamics-365,/content/dam/daas/cfm/header/mega-menu/productivity/data-backup]"
                menuSubSection_x0040_LastModified="{Date}2025-03-11T22:24:58.206Z"
                menuSubSection_x0040_LastModifiedBy="suvenkatachalam@eand.com"/>
        </data>
        <indexedData jcr:primaryType="nt:unstructured">
            <master
                jcr:mixinTypes="[dam:IndexedFragmentData]"
                jcr:primaryType="nt:unstructured"
                jcr:uuid="4a19e4ac-4034-400d-a01f-6911934bac9d"
                _x0040_string_x0040_model="/conf/daas/settings/dam/cfm/models/business-mega-menu-sub-section"
                _x0040_stringArray_x0040_variations="[ar]"
                string_x0040_menuHeading="Productivity"/>
            <ar
                jcr:mixinTypes="[dam:IndexedFragmentData]"
                jcr:primaryType="nt:unstructured"
                jcr:uuid="f8910e0b-4688-4c4f-a268-f8a2db628602"
                _x0040_string_x0040_model="/conf/daas/settings/dam/cfm/models/business-mega-menu-sub-section"
                string_x0040_menuHeading="أدوات وتطبيقات الإنتاجية"/>
        </indexedData>
        <metadata
            jcr:mixinTypes="[cq:Taggable]"
            jcr:primaryType="nt:unstructured">
            <dam:cfVariations jcr:primaryType="nt:unstructured">
                <ar
                    jcr:mixinTypes="[cq:Taggable]"
                    jcr:primaryType="nt:unstructured"/>
            </dam:cfVariations>
        </metadata>
        <model jcr:primaryType="nt:unstructured">
            <variations jcr:primaryType="nt:unstructured">
                <ar
                    jcr:description="\0"
                    jcr:mixinTypes="[cq:Taggable]"
                    jcr:primaryType="nt:unstructured"
                    jcr:title="Ar"
                    name="ar">
                    <properties
                        jcr:primaryType="nt:unstructured"
                        synchronizeWithVersion="[menuHeading:e8f29a03-9e13-4c2c-ae88-e768265efc01,menuSubSection:e8f29a03-9e13-4c2c-ae88-e768265efc01]"/>
                </ar>
            </variations>
        </model>
        <related jcr:primaryType="nt:unstructured"/>
    </jcr:content>
</jcr:root>
