<?xml version="1.0" encoding="UTF-8"?>
<jcr:root xmlns:jcr="http://www.jcp.org/jcr/1.0" xmlns:dam="http://www.day.com/dam/1.0" xmlns:nt="http://www.jcp.org/jcr/nt/1.0" xmlns:mix="http://www.jcp.org/jcr/mix/1.0" xmlns:cq="http://www.day.com/jcr/cq/1.0"
    jcr:isCheckedOut="{Boolean}true"
    jcr:mixinTypes="[cq:contentFragment,mix:referenceable,mix:versionable]"
    jcr:primaryType="dam:Asset"
    jcr:uuid="48bf54bc-4bc0-4235-89da-1f1fbc6e525f">
    <jcr:content
        cq:isDelivered="{Boolean}false"
        cq:lastModified="{Date}2025-11-28T12:13:52.204Z"
        cq:lastModifiedBy="maripaul@eand.com"
        cq:lastReplicated="{Date}2025-12-12T11:08:37.533Z"
        cq:lastReplicated_publish="{Date}2025-12-12T11:08:37.533Z"
        cq:lastReplicatedBy="workflow-process-service"
        cq:lastReplicatedBy_publish="workflow-process-service"
        cq:lastReplicationAction="Activate"
        cq:lastReplicationAction_publish="Activate"
        cq:name="operating-systems"
        cq:parentPath="/content/dam/daas/cfm/header/mega-menu/productivity"
        jcr:lastModified="{Date}2025-03-11T22:32:43.971Z"
        jcr:lastModifiedBy="suvenkatachalam@eand.com"
        jcr:mixinTypes="[cq:ReplicationStatus,cq:ReplicationStatus2]"
        jcr:primaryType="dam:AssetContent"
        jcr:title="Operating Systems"
        contentFragment="{Boolean}true"
        lastFragmentSave="{Date}2025-03-11T22:32:43.971Z">
        <data
            cq:model="/conf/daas/settings/dam/cfm/models/business-menu-generic-link"
            jcr:primaryType="nt:unstructured"
            _strucVersion="{Long}1">
            <master
                jcr:mixinTypes="[cq:Taggable,dam:cfVariationNode]"
                jcr:primaryType="nt:unstructured"
                actionImage_x0040_LastModified="{Date}2023-10-21T19:25:04.547Z"
                ctaText_x0040_LastModified="{Date}2023-10-21T19:25:04.547Z"
                linkType_x0040_LastModified="{Date}2023-10-21T19:25:04.547Z"
                sameTabOrNewTab="_self"
                sameTabOrNewTab_x0040_LastModified="{Date}2023-10-21T19:25:21.929Z"
                subDescription_x0040_LastModified="{Date}2023-10-21T19:25:04.547Z"
                subHeading="Operating Systems"
                subHeading_x0040_LastModified="{Date}2023-10-21T19:25:21.929Z"
                subLink="#"
                subLink_x0040_LastModified="{Date}2025-03-11T22:31:55.319Z"
                subLink_x0040_LastModifiedBy="suvenkatachalam@eand.com"/>
            <ar
                jcr:mixinTypes="[cq:Taggable,dam:cfVariationNode]"
                jcr:primaryType="nt:unstructured"
                _x0040_variationCreationDate="{Date}2023-10-21T19:25:25.895Z"
                actionImage_x0040_LastModified="{Date}2023-10-21T19:25:25.897Z"
                ctaText_x0040_LastModified="{Date}2023-10-21T19:25:25.897Z"
                linkType_x0040_LastModified="{Date}2023-10-21T19:25:25.896Z"
                sameTabOrNewTab="_self"
                sameTabOrNewTab_x0040_LastModified="{Date}2023-10-21T19:25:25.897Z"
                subDescription_x0040_LastModified="{Date}2023-10-21T19:25:25.896Z"
                subHeading=" أنظمة التشغيل"
                subHeading_x0040_LastModified="{Date}2025-03-11T22:32:28.542Z"
                subHeading_x0040_LastModifiedBy="suvenkatachalam@eand.com"
                subLink="#"
                subLink_x0040_LastModified="{Date}2025-03-11T22:32:43.772Z"
                subLink_x0040_LastModifiedBy="suvenkatachalam@eand.com"/>
        </data>
        <indexedData jcr:primaryType="nt:unstructured">
            <master
                jcr:mixinTypes="[dam:IndexedFragmentData]"
                jcr:primaryType="nt:unstructured"
                jcr:uuid="231da604-7b34-4cbe-8d77-ebc959edcc69"
                _x0040_string_x0040_model="/conf/daas/settings/dam/cfm/models/business-menu-generic-link"
                _x0040_stringArray_x0040_variations="[ar]"
                string_x0040_sameTabOrNewTab="_self"
                string_x0040_subHeading="Operating Systems"
                string_x0040_subLink="#"/>
            <ar
                jcr:mixinTypes="[dam:IndexedFragmentData]"
                jcr:primaryType="nt:unstructured"
                jcr:uuid="336c63fe-cc42-46c9-a38e-ba7a9558ddb4"
                _x0040_string_x0040_model="/conf/daas/settings/dam/cfm/models/business-menu-generic-link"
                string_x0040_sameTabOrNewTab="_self"
                string_x0040_subHeading=" أنظمة التشغيل"
                string_x0040_subLink="#"/>
        </indexedData>
        <metadata
            jcr:mixinTypes="[cq:Taggable]"
            jcr:primaryType="nt:unstructured">
            <dam:cfVariations jcr:primaryType="nt:unstructured">
                <ar
                    jcr:mixinTypes="[cq:Taggable]"
                    jcr:primaryType="nt:unstructured"/>
            </dam:cfVariations>
        </metadata>
        <model jcr:primaryType="nt:unstructured">
            <variations jcr:primaryType="nt:unstructured">
                <ar
                    jcr:description="\0"
                    jcr:mixinTypes="[cq:Taggable]"
                    jcr:primaryType="nt:unstructured"
                    jcr:title="Ar"
                    name="ar">
                    <properties
                        jcr:primaryType="nt:unstructured"
                        synchronizeWithVersion="[subHeading:7c2f30f6-0d5d-44a6-9d11-52206cb789bf,subDescription:7c2f30f6-0d5d-44a6-9d11-52206cb789bf,linkType:7c2f30f6-0d5d-44a6-9d11-52206cb789bf,ctaText:7c2f30f6-0d5d-44a6-9d11-52206cb789bf,subLink:7c2f30f6-0d5d-44a6-9d11-52206cb789bf,sameTabOrNewTab:7c2f30f6-0d5d-44a6-9d11-52206cb789bf,actionImage:7c2f30f6-0d5d-44a6-9d11-52206cb789bf]"/>
                </ar>
            </variations>
        </model>
        <related jcr:primaryType="nt:unstructured"/>
    </jcr:content>
</jcr:root>
