<?xml version="1.0" encoding="UTF-8"?>
<jcr:root xmlns:jcr="http://www.jcp.org/jcr/1.0" xmlns:dam="http://www.day.com/dam/1.0" xmlns:nt="http://www.jcp.org/jcr/nt/1.0" xmlns:mix="http://www.jcp.org/jcr/mix/1.0" xmlns:cq="http://www.day.com/jcr/cq/1.0"
    jcr:isCheckedOut="{Boolean}true"
    jcr:mixinTypes="[mix:referenceable,mix:versionable]"
    jcr:primaryType="dam:Asset"
    jcr:uuid="72b39ff2-4ee7-4a66-ac22-6bbbfe410a05">
    <jcr:content
        cq:isDelivered="{Boolean}false"
        cq:lastModified="{Date}2025-11-28T15:48:23.955+05:30"
        cq:lastModifiedBy="admin"
        cq:lastReplicationAction_publish="Activate"
        cq:name="mobile-devices"
        cq:parentPath="/content/dam/daas/cfm/footer-quicklinks/quick-links"
        jcr:lastModified="{Date}2025-04-08T09:33:11.839Z"
        jcr:lastModifiedBy="suvenkatachalam@eand.com"
        jcr:mixinTypes="[cq:ReplicationStatus,cq:ReplicationStatus2]"
        jcr:primaryType="dam:AssetContent"
        jcr:title="Mobile Devices"
        contentFragment="{Boolean}true"
        lastFragmentSave="{Date}2025-04-08T09:33:11.839Z">
        <data
            cq:model="/conf/daas/settings/dam/cfm/models/business-menu-generic-link"
            jcr:primaryType="nt:unstructured"
            _strucVersion="{Long}1">
            <master
                jcr:mixinTypes="[cq:Taggable,dam:cfVariationNode]"
                jcr:primaryType="nt:unstructured"
                actionImage_x0040_LastModified="{Date}2023-10-22T08:50:59.162Z"
                ctaText_x0040_LastModified="{Date}2023-10-22T08:50:59.162Z"
                linkType_x0040_LastModified="{Date}2023-10-22T08:50:59.162Z"
                sameTabOrNewTab="_self"
                sameTabOrNewTab_x0040_LastModified="{Date}2023-10-22T09:15:10.774Z"
                subDescription_x0040_LastModified="{Date}2023-10-22T08:50:59.162Z"
                subHeading="Mobile Devices"
                subHeading_x0040_LastModified="{Date}2025-04-08T09:32:32.642Z"
                subHeading_x0040_LastModifiedBy="suvenkatachalam@eand.com"
                subLink="/en/smb/products/devices/mobile.html?&amp;sortBy=recommended"
                subLink_x0040_LastModified="{Date}2025-04-08T09:32:32.644Z"
                subLink_x0040_LastModifiedBy="suvenkatachalam@eand.com"/>
            <ar
                jcr:mixinTypes="[cq:Taggable,dam:cfVariationNode]"
                jcr:primaryType="nt:unstructured"
                _x0040_variationCreationDate="{Date}2023-10-22T09:15:16.877Z"
                actionImage_x0040_LastModified="{Date}2023-10-22T09:15:16.879Z"
                ctaText_x0040_LastModified="{Date}2023-10-22T09:15:16.879Z"
                linkType_x0040_LastModified="{Date}2023-10-22T09:15:16.879Z"
                sameTabOrNewTab="_self"
                sameTabOrNewTab_x0040_LastModified="{Date}2023-10-22T09:15:16.879Z"
                subDescription_x0040_LastModified="{Date}2023-10-22T09:15:16.879Z"
                subHeading="الأجهزة الموبايل "
                subHeading_x0040_LastModified="{Date}2025-04-08T09:33:11.611Z"
                subHeading_x0040_LastModifiedBy="suvenkatachalam@eand.com"
                subLink="/ar/smb/products/devices/mobile.html?&amp;sortBy=recommended"
                subLink_x0040_LastModified="{Date}2025-04-08T09:33:11.612Z"
                subLink_x0040_LastModifiedBy="suvenkatachalam@eand.com"/>
        </data>
        <indexedData jcr:primaryType="nt:unstructured">
            <master
                jcr:mixinTypes="[dam:IndexedFragmentData]"
                jcr:primaryType="nt:unstructured"
                jcr:uuid="062790fd-e0bf-41aa-81b4-375602e228ac"
                _x0040_string_x0040_model="/conf/daas/settings/dam/cfm/models/business-menu-generic-link"
                _x0040_stringArray_x0040_variations="[ar]"
                string_x0040_sameTabOrNewTab="_self"
                string_x0040_subHeading="Mobile Devices"
                string_x0040_subLink="/en/smb/products/devices/mobile.html?&amp;sortBy=recommended"/>
            <ar
                jcr:mixinTypes="[dam:IndexedFragmentData]"
                jcr:primaryType="nt:unstructured"
                jcr:uuid="95e4a365-22d6-4eb9-a93a-4f90ff050fdd"
                _x0040_string_x0040_model="/conf/daas/settings/dam/cfm/models/business-menu-generic-link"
                string_x0040_sameTabOrNewTab="_self"
                string_x0040_subHeading="الأجهزة الموبايل "
                string_x0040_subLink="/ar/smb/products/devices/mobile.html?&amp;sortBy=recommended"/>
        </indexedData>
        <metadata
            jcr:mixinTypes="[cq:Taggable]"
            jcr:primaryType="nt:unstructured">
            <dam:cfVariations jcr:primaryType="nt:unstructured">
                <ar
                    jcr:mixinTypes="[cq:Taggable]"
                    jcr:primaryType="nt:unstructured"/>
            </dam:cfVariations>
        </metadata>
        <model jcr:primaryType="nt:unstructured">
            <variations jcr:primaryType="nt:unstructured">
                <ar
                    jcr:description="\0"
                    jcr:mixinTypes="[cq:Taggable]"
                    jcr:primaryType="nt:unstructured"
                    jcr:title="Ar"
                    name="ar">
                    <properties
                        jcr:primaryType="nt:unstructured"
                        synchronizeWithVersion="[subHeading:b558d978-9dad-4944-9d06-4b8595fbae01,subDescription:b558d978-9dad-4944-9d06-4b8595fbae01,linkType:b558d978-9dad-4944-9d06-4b8595fbae01,ctaText:b558d978-9dad-4944-9d06-4b8595fbae01,subLink:b558d978-9dad-4944-9d06-4b8595fbae01,sameTabOrNewTab:b558d978-9dad-4944-9d06-4b8595fbae01,actionImage:b558d978-9dad-4944-9d06-4b8595fbae01]"/>
                </ar>
            </variations>
        </model>
        <related jcr:primaryType="nt:unstructured"/>
    </jcr:content>
</jcr:root>
