<?xml version="1.0" encoding="UTF-8"?>
<jcr:root xmlns:jcr="http://www.jcp.org/jcr/1.0" xmlns:dam="http://www.day.com/dam/1.0" xmlns:nt="http://www.jcp.org/jcr/nt/1.0" xmlns:mix="http://www.jcp.org/jcr/mix/1.0" xmlns:cq="http://www.day.com/jcr/cq/1.0"
    jcr:isCheckedOut="{Boolean}true"
    jcr:mixinTypes="[cq:contentFragment,mix:referenceable,mix:versionable]"
    jcr:primaryType="dam:Asset"
    jcr:uuid="cb9b9848-9387-4355-ab6c-5c5efe0f3481">
    <jcr:content
        cq:isDelivered="{Boolean}false"
        cq:lastModified="{Date}2025-11-28T12:13:50.598Z"
        cq:lastModifiedBy="maripaul@eand.com"
        cq:lastReplicated="{Date}2025-12-12T11:08:27.477Z"
        cq:lastReplicated_publish="{Date}2025-12-12T11:08:27.477Z"
        cq:lastReplicatedBy="workflow-process-service"
        cq:lastReplicatedBy_publish="workflow-process-service"
        cq:lastReplicationAction="Activate"
        cq:lastReplicationAction_publish="Activate"
        cq:name="do-not-call-registry"
        cq:parentPath="/content/dam/daas/cfm/header/mega-menu/mega-menu-footer"
        jcr:lastModified="{Date}2025-03-11T23:19:48.162Z"
        jcr:lastModifiedBy="suvenkatachalam@eand.com"
        jcr:mixinTypes="[cq:ReplicationStatus,cq:ReplicationStatus2]"
        jcr:primaryType="dam:AssetContent"
        jcr:title="Do Not Call Registry"
        contentFragment="{Boolean}true"
        lastFragmentSave="{Date}2025-03-11T23:19:48.162Z">
        <data
            cq:model="/conf/daas/settings/dam/cfm/models/business-menu-generic-link"
            jcr:primaryType="nt:unstructured"
            _strucVersion="{Long}1">
            <master
                jcr:mixinTypes="[cq:Taggable,dam:cfVariationNode]"
                jcr:primaryType="nt:unstructured"
                actionImage_x0040_LastModified="{Date}2023-10-21T18:25:53.890Z"
                ctaText_x0040_LastModified="{Date}2023-10-21T18:25:53.890Z"
                linkType_x0040_LastModified="{Date}2023-10-21T18:25:53.890Z"
                sameTabOrNewTab="_self"
                sameTabOrNewTab_x0040_LastModified="{Date}2023-10-21T18:26:12.296Z"
                subDescription_x0040_LastModified="{Date}2023-10-21T18:25:53.890Z"
                subHeading="Do Not Call Registry"
                subHeading_x0040_LastModified="{Date}2023-10-21T18:26:12.294Z"
                subLink="#"
                subLink_x0040_LastModified="{Date}2023-10-21T18:26:12.295Z"/>
            <ar
                jcr:mixinTypes="[cq:Taggable,dam:cfVariationNode]"
                jcr:primaryType="nt:unstructured"
                _x0040_variationCreationDate="{Date}2023-10-21T18:26:17.296Z"
                actionImage_x0040_LastModified="{Date}2023-10-21T18:26:17.298Z"
                ctaText_x0040_LastModified="{Date}2023-10-21T18:26:17.297Z"
                linkType_x0040_LastModified="{Date}2023-10-21T18:26:17.297Z"
                sameTabOrNewTab="_self"
                sameTabOrNewTab_x0040_LastModified="{Date}2023-10-21T18:26:17.298Z"
                subDescription_x0040_LastModified="{Date}2023-10-21T18:26:17.297Z"
                subHeading="سجل عدم الاتصال (DNCR)"
                subHeading_x0040_LastModified="{Date}2025-03-11T23:19:47.926Z"
                subHeading_x0040_LastModifiedBy="suvenkatachalam@eand.com"
                subLink="#"
                subLink_x0040_LastModified="{Date}2023-10-21T18:26:31.757Z"/>
        </data>
        <indexedData jcr:primaryType="nt:unstructured">
            <master
                jcr:mixinTypes="[dam:IndexedFragmentData]"
                jcr:primaryType="nt:unstructured"
                jcr:uuid="ff3df921-75ca-4c02-aecf-79f71edb8166"
                _x0040_string_x0040_model="/conf/daas/settings/dam/cfm/models/business-menu-generic-link"
                _x0040_stringArray_x0040_variations="[ar]"
                string_x0040_sameTabOrNewTab="_self"
                string_x0040_subHeading="Do Not Call Registry"
                string_x0040_subLink="#"/>
            <ar
                jcr:mixinTypes="[dam:IndexedFragmentData]"
                jcr:primaryType="nt:unstructured"
                jcr:uuid="2aa90a4a-c11c-4555-ad2c-f89e14753d60"
                _x0040_string_x0040_model="/conf/daas/settings/dam/cfm/models/business-menu-generic-link"
                string_x0040_sameTabOrNewTab="_self"
                string_x0040_subHeading="سجل عدم الاتصال (DNCR)"
                string_x0040_subLink="#"/>
        </indexedData>
        <metadata
            jcr:mixinTypes="[cq:Taggable]"
            jcr:primaryType="nt:unstructured">
            <dam:cfVariations jcr:primaryType="nt:unstructured">
                <ar
                    jcr:mixinTypes="[cq:Taggable]"
                    jcr:primaryType="nt:unstructured"/>
            </dam:cfVariations>
        </metadata>
        <model jcr:primaryType="nt:unstructured">
            <variations jcr:primaryType="nt:unstructured">
                <ar
                    jcr:description="\0"
                    jcr:mixinTypes="[cq:Taggable]"
                    jcr:primaryType="nt:unstructured"
                    jcr:title="Ar"
                    name="ar">
                    <properties
                        jcr:primaryType="nt:unstructured"
                        synchronizeWithVersion="[subHeading:371c76cd-b97e-4ed0-be02-777da1b2747b,subDescription:371c76cd-b97e-4ed0-be02-777da1b2747b,linkType:371c76cd-b97e-4ed0-be02-777da1b2747b,ctaText:371c76cd-b97e-4ed0-be02-777da1b2747b,subLink:371c76cd-b97e-4ed0-be02-777da1b2747b,sameTabOrNewTab:371c76cd-b97e-4ed0-be02-777da1b2747b,actionImage:371c76cd-b97e-4ed0-be02-777da1b2747b]"/>
                </ar>
            </variations>
        </model>
        <related jcr:primaryType="nt:unstructured"/>
    </jcr:content>
</jcr:root>
