<?xml version="1.0" encoding="UTF-8"?>
<jcr:root xmlns:jcr="http://www.jcp.org/jcr/1.0" xmlns:dam="http://www.day.com/dam/1.0" xmlns:nt="http://www.jcp.org/jcr/nt/1.0" xmlns:mix="http://www.jcp.org/jcr/mix/1.0" xmlns:cq="http://www.day.com/jcr/cq/1.0"
    jcr:isCheckedOut="{Boolean}true"
    jcr:mixinTypes="[cq:contentFragment,mix:referenceable,mix:versionable]"
    jcr:primaryType="dam:Asset"
    jcr:uuid="b18a90df-0abc-4f37-ae5a-dac72bae1188">
    <jcr:content
        cq:isDelivered="{Boolean}false"
        cq:lastModified="{Date}2025-11-28T12:13:53.142Z"
        cq:lastModifiedBy="maripaul@eand.com"
        cq:lastReplicated="{Date}2025-12-12T11:08:37.533Z"
        cq:lastReplicated_publish="{Date}2025-12-12T11:08:37.533Z"
        cq:lastReplicatedBy="workflow-process-service"
        cq:lastReplicatedBy_publish="workflow-process-service"
        cq:lastReplicationAction="Activate"
        cq:lastReplicationAction_publish="Activate"
        cq:name="solutions-promo-section"
        cq:parentPath="/content/dam/daas/cfm/header/mega-menu/promo-section"
        jcr:lastModified="{Date}2023-10-21T18:21:00.282Z"
        jcr:lastModifiedBy="azaraheem@etisalat.ae"
        jcr:mixinTypes="[cq:ReplicationStatus,cq:ReplicationStatus2]"
        jcr:primaryType="dam:AssetContent"
        jcr:title="Solutions Promo Section"
        contentFragment="{Boolean}true"
        lastFragmentSave="{Date}2023-10-21T18:21:00.282Z">
        <data
            cq:model="/conf/daas/settings/dam/cfm/models/business-menu-promo-section"
            jcr:primaryType="nt:unstructured"
            _strucVersion="{Long}1">
            <master
                jcr:mixinTypes="[cq:Taggable,dam:cfVariationNode]"
                jcr:primaryType="nt:unstructured"
                promoImageSection="[/content/dam/daas/cfm/header/images/offers-menu.jpg]"
                promoImageSection_x0040_LastModified="{Date}2023-10-21T18:20:50.084Z"
                promoTextSection="/content/dam/daas/cfm/header/mega-menu/promo-section/solutions-promo-text-sec"
                promoTextSection_x0040_LastModified="{Date}2023-10-21T18:20:26.996Z"/>
            <ar
                jcr:mixinTypes="[cq:Taggable,dam:cfVariationNode]"
                jcr:primaryType="nt:unstructured"
                _x0040_variationCreationDate="{Date}2023-10-21T18:20:56.238Z"
                promoImageSection="[/content/dam/daas/cfm/header/images/offers-menu.jpg]"
                promoImageSection_x0040_LastModified="{Date}2023-10-21T18:20:56.240Z"
                promoTextSection="/content/dam/daas/cfm/header/mega-menu/promo-section/solutions-promo-text-sec"
                promoTextSection_x0040_LastModified="{Date}2023-10-21T18:20:56.239Z"/>
        </data>
        <indexedData jcr:primaryType="nt:unstructured">
            <master
                jcr:mixinTypes="[dam:IndexedFragmentData]"
                jcr:primaryType="nt:unstructured"
                jcr:uuid="78c3151d-29b6-4116-8164-8cb010ba185e"
                _x0040_string_x0040_model="/conf/daas/settings/dam/cfm/models/business-menu-promo-section"
                _x0040_stringArray_x0040_variations="[ar]"/>
            <ar
                jcr:mixinTypes="[dam:IndexedFragmentData]"
                jcr:primaryType="nt:unstructured"
                jcr:uuid="de383ebd-a5e9-4e65-9e44-500d966a9d51"
                _x0040_string_x0040_model="/conf/daas/settings/dam/cfm/models/business-menu-promo-section"/>
        </indexedData>
        <metadata
            jcr:mixinTypes="[cq:Taggable]"
            jcr:primaryType="nt:unstructured"/>
        <model jcr:primaryType="nt:unstructured">
            <variations jcr:primaryType="nt:unstructured">
                <ar
                    jcr:description="\0"
                    jcr:mixinTypes="[cq:Taggable]"
                    jcr:primaryType="nt:unstructured"
                    jcr:title="Ar"
                    name="ar">
                    <properties
                        jcr:primaryType="nt:unstructured"
                        synchronizeWithVersion="[promoTextSection:029354e9-25e1-4d6e-9c78-db77b265bc11,promoImageSection:029354e9-25e1-4d6e-9c78-db77b265bc11]"/>
                </ar>
            </variations>
        </model>
        <related jcr:primaryType="nt:unstructured"/>
    </jcr:content>
</jcr:root>
