<?xml version="1.0" encoding="UTF-8"?>
<jcr:root xmlns:jcr="http://www.jcp.org/jcr/1.0" xmlns:dam="http://www.day.com/dam/1.0" xmlns:nt="http://www.jcp.org/jcr/nt/1.0" xmlns:mix="http://www.jcp.org/jcr/mix/1.0" xmlns:cq="http://www.day.com/jcr/cq/1.0"
    jcr:isCheckedOut="{Boolean}true"
    jcr:mixinTypes="[mix:referenceable,mix:versionable]"
    jcr:primaryType="dam:Asset"
    jcr:uuid="c1b28187-5530-4934-bcc9-8a57931c46ac">
    <jcr:content
        cq:isDelivered="{Boolean}false"
        cq:lastModified="{Date}2025-11-28T15:48:23.335+05:30"
        cq:lastModifiedBy="admin"
        cq:lastReplicationAction_publish="Activate"
        cq:name="app-store"
        cq:parentPath="/content/dam/daas/cfm/footer-quicklinks/patners"
        jcr:lastModified="{Date}2025-03-13T06:18:00.651Z"
        jcr:lastModifiedBy="suvenkatachalam@eand.com"
        jcr:mixinTypes="[cq:ReplicationStatus,cq:ReplicationStatus2]"
        jcr:primaryType="dam:AssetContent"
        jcr:title="App Store"
        contentFragment="{Boolean}true"
        lastFragmentSave="{Date}2025-03-13T06:18:00.651Z">
        <data
            cq:model="/conf/daas/settings/dam/cfm/models/business-menu-generic-link"
            jcr:primaryType="nt:unstructured"
            _strucVersion="{Long}1">
            <master
                jcr:mixinTypes="[cq:Taggable,dam:cfVariationNode]"
                jcr:primaryType="nt:unstructured"
                actionImage="/content/dam/etisalat/svg-icons/img-appstore.png"
                actionImage_x0040_LastModified="{Date}2025-03-13T06:10:04.585Z"
                actionImage_x0040_LastModifiedBy="suvenkatachalam@eand.com"
                ctaText_x0040_LastModified="{Date}2023-10-22T10:05:28.085Z"
                linkType="[absolute]"
                linkType_x0040_LastModified="{Date}2023-10-22T10:10:01.728Z"
                sameTabOrNewTab="_blank"
                sameTabOrNewTab_x0040_LastModified="{Date}2023-10-22T10:06:24.258Z"
                subDescription_x0040_LastModified="{Date}2023-10-22T10:05:28.085Z"
                subHeading_x0040_LastModified="{Date}2023-10-22T10:05:28.085Z"
                subLink="https://apps.apple.com/ae/app/etisalat-business/id1417966150"
                subLink_x0040_LastModified="{Date}2025-03-13T06:17:36.378Z"
                subLink_x0040_LastModifiedBy="suvenkatachalam@eand.com"/>
            <ar
                jcr:mixinTypes="[cq:Taggable,dam:cfVariationNode]"
                jcr:primaryType="nt:unstructured"
                _x0040_variationCreationDate="{Date}2023-10-22T10:06:29.947Z"
                actionImage="/content/dam/etisalat/svg-icons/img-appstore.png"
                actionImage_x0040_LastModified="{Date}2025-03-13T06:10:13.288Z"
                actionImage_x0040_LastModifiedBy="suvenkatachalam@eand.com"
                ctaText_x0040_LastModified="{Date}2023-10-22T10:06:29.948Z"
                linkType="[absolute]"
                linkType_x0040_LastModified="{Date}2023-10-22T10:10:08.662Z"
                sameTabOrNewTab="_blank"
                sameTabOrNewTab_x0040_LastModified="{Date}2023-10-22T10:06:29.949Z"
                subDescription_x0040_LastModified="{Date}2023-10-22T10:06:29.948Z"
                subHeading_x0040_LastModified="{Date}2023-10-22T10:06:29.948Z"
                subLink="https://apps.apple.com/ae/app/etisalat-business/id1417966150"
                subLink_x0040_LastModified="{Date}2025-03-13T06:18:00.408Z"
                subLink_x0040_LastModifiedBy="suvenkatachalam@eand.com"/>
        </data>
        <indexedData jcr:primaryType="nt:unstructured">
            <master
                jcr:mixinTypes="[dam:IndexedFragmentData]"
                jcr:primaryType="nt:unstructured"
                jcr:uuid="21ddacfc-4f6e-482b-b64e-879b41e4a077"
                _x0040_string_x0040_model="/conf/daas/settings/dam/cfm/models/business-menu-generic-link"
                _x0040_stringArray_x0040_variations="[ar]"
                string_x0040_sameTabOrNewTab="_blank"
                string_x0040_subLink="https://apps.apple.com/ae/app/etisalat-business/id1417966150"
                stringArray_x0040_linkType="[absolute]"/>
            <ar
                jcr:mixinTypes="[dam:IndexedFragmentData]"
                jcr:primaryType="nt:unstructured"
                jcr:uuid="fef3b9e6-443f-4a6e-baea-2e911b08b608"
                _x0040_string_x0040_model="/conf/daas/settings/dam/cfm/models/business-menu-generic-link"
                string_x0040_sameTabOrNewTab="_blank"
                string_x0040_subLink="https://apps.apple.com/ae/app/etisalat-business/id1417966150"
                stringArray_x0040_linkType="[absolute]"/>
        </indexedData>
        <metadata
            jcr:mixinTypes="[cq:Taggable]"
            jcr:primaryType="nt:unstructured">
            <dam:cfVariations jcr:primaryType="nt:unstructured">
                <ar
                    jcr:mixinTypes="[cq:Taggable]"
                    jcr:primaryType="nt:unstructured"/>
            </dam:cfVariations>
        </metadata>
        <model jcr:primaryType="nt:unstructured">
            <variations jcr:primaryType="nt:unstructured">
                <ar
                    jcr:description="\0"
                    jcr:mixinTypes="[cq:Taggable]"
                    jcr:primaryType="nt:unstructured"
                    jcr:title="Ar"
                    name="ar">
                    <properties
                        jcr:primaryType="nt:unstructured"
                        synchronizeWithVersion="[subHeading:c0fac9ac-40c3-4b0f-ac34-79639a00c653,subDescription:c0fac9ac-40c3-4b0f-ac34-79639a00c653,linkType:c0fac9ac-40c3-4b0f-ac34-79639a00c653,ctaText:c0fac9ac-40c3-4b0f-ac34-79639a00c653,subLink:c0fac9ac-40c3-4b0f-ac34-79639a00c653,sameTabOrNewTab:c0fac9ac-40c3-4b0f-ac34-79639a00c653,actionImage:c0fac9ac-40c3-4b0f-ac34-79639a00c653]"/>
                </ar>
            </variations>
        </model>
        <related jcr:primaryType="nt:unstructured"/>
    </jcr:content>
</jcr:root>
