<?xml version="1.0" encoding="UTF-8"?>
<jcr:root xmlns:jcr="http://www.jcp.org/jcr/1.0" xmlns:dam="http://www.day.com/dam/1.0" xmlns:nt="http://www.jcp.org/jcr/nt/1.0" xmlns:mix="http://www.jcp.org/jcr/mix/1.0" xmlns:cq="http://www.day.com/jcr/cq/1.0"
    jcr:isCheckedOut="{Boolean}true"
    jcr:mixinTypes="[cq:contentFragment,mix:referenceable,mix:versionable]"
    jcr:primaryType="dam:Asset"
    jcr:uuid="3ba3d0a0-4e05-4156-89b4-4d965b934fd3">
    <jcr:content
        cq:isDelivered="{Boolean}false"
        cq:lastModified="{Date}2025-11-28T12:13:30.332Z"
        cq:lastModifiedBy="maripaul@eand.com"
        cq:lastReplicated="{Date}2025-12-12T11:08:37.533Z"
        cq:lastReplicated_publish="{Date}2025-12-12T11:08:37.533Z"
        cq:lastReplicatedBy="workflow-process-service"
        cq:lastReplicatedBy_publish="workflow-process-service"
        cq:lastReplicationAction="Activate"
        cq:lastReplicationAction_publish="Activate"
        cq:name="business-app-store-sub-sec-4"
        cq:parentPath="/content/dam/daas/cfm/header/top-navigation/business-app-store"
        jcr:lastModified="{Date}2025-03-11T23:07:06.784Z"
        jcr:lastModifiedBy="suvenkatachalam@eand.com"
        jcr:mixinTypes="[cq:ReplicationStatus,cq:ReplicationStatus2]"
        jcr:primaryType="dam:AssetContent"
        jcr:title="Business App Store Sub Sec 4"
        contentFragment="{Boolean}true"
        lastFragmentSave="{Date}2025-03-11T23:07:06.784Z">
        <data
            cq:model="/conf/daas/settings/dam/cfm/models/business-mega-menu-sub-section"
            jcr:primaryType="nt:unstructured"
            _strucVersion="{Long}1">
            <master
                jcr:mixinTypes="[cq:Taggable,dam:cfVariationNode]"
                jcr:primaryType="nt:unstructured"
                menuHeading="Digital Marketing"
                menuHeading_x0040_LastModified="{Date}2023-10-21T19:55:01.342Z"
                menuSubSection="[/content/dam/daas/cfm/header/mega-menu/digital-marketing/website-solutions,/content/dam/daas/cfm/header/mega-menu/digital-marketing/paid-media,/content/dam/daas/cfm/header/mega-menu/digital-marketing/social-media-management,/content/dam/daas/cfm/header/mega-menu/digital-marketing/digital-signage]"
                menuSubSection_x0040_LastModified="{Date}2025-03-11T23:00:36.120Z"
                menuSubSection_x0040_LastModifiedBy="suvenkatachalam@eand.com"/>
            <ar
                jcr:mixinTypes="[cq:Taggable,dam:cfVariationNode]"
                jcr:primaryType="nt:unstructured"
                _x0040_variationCreationDate="{Date}2023-10-21T19:55:06.066Z"
                menuHeading="التسويق الإلكتروني"
                menuHeading_x0040_LastModified="{Date}2023-10-21T19:55:37.082Z"
                menuSubSection="[/content/dam/daas/cfm/header/mega-menu/digital-marketing/website-solutions,/content/dam/daas/cfm/header/mega-menu/digital-marketing/paid-media,/content/dam/daas/cfm/header/mega-menu/digital-marketing/social-media-management,/content/dam/daas/cfm/header/mega-menu/digital-marketing/digital-signage]"
                menuSubSection_x0040_LastModified="{Date}2025-03-11T23:01:32.093Z"
                menuSubSection_x0040_LastModifiedBy="suvenkatachalam@eand.com"/>
        </data>
        <indexedData jcr:primaryType="nt:unstructured">
            <master
                jcr:mixinTypes="[dam:IndexedFragmentData]"
                jcr:primaryType="nt:unstructured"
                jcr:uuid="8000ec77-2e63-4372-98ab-967963e695c0"
                _x0040_string_x0040_model="/conf/daas/settings/dam/cfm/models/business-mega-menu-sub-section"
                _x0040_stringArray_x0040_variations="[ar]"
                string_x0040_menuHeading="Digital Marketing"/>
            <ar
                jcr:mixinTypes="[dam:IndexedFragmentData]"
                jcr:primaryType="nt:unstructured"
                jcr:uuid="07b726c4-0843-4bae-a38f-640e6a0a07ec"
                _x0040_string_x0040_model="/conf/daas/settings/dam/cfm/models/business-mega-menu-sub-section"
                string_x0040_menuHeading="التسويق الإلكتروني"/>
        </indexedData>
        <metadata
            jcr:mixinTypes="[cq:Taggable]"
            jcr:primaryType="nt:unstructured">
            <dam:cfVariations jcr:primaryType="nt:unstructured">
                <ar
                    jcr:mixinTypes="[cq:Taggable]"
                    jcr:primaryType="nt:unstructured"/>
            </dam:cfVariations>
        </metadata>
        <model jcr:primaryType="nt:unstructured">
            <variations jcr:primaryType="nt:unstructured">
                <ar
                    jcr:description="\0"
                    jcr:mixinTypes="[cq:Taggable]"
                    jcr:primaryType="nt:unstructured"
                    jcr:title="Ar"
                    name="ar">
                    <properties
                        jcr:primaryType="nt:unstructured"
                        synchronizeWithVersion="[menuHeading:b51c64f3-6c3d-4dc3-a076-5bcb9a7dea7f,menuSubSection:b51c64f3-6c3d-4dc3-a076-5bcb9a7dea7f]"/>
                </ar>
            </variations>
        </model>
        <related jcr:primaryType="nt:unstructured"/>
    </jcr:content>
</jcr:root>
