<?xml version="1.0" encoding="UTF-8"?>
<jcr:root xmlns:jcr="http://www.jcp.org/jcr/1.0" xmlns:dam="http://www.day.com/dam/1.0" xmlns:nt="http://www.jcp.org/jcr/nt/1.0" xmlns:mix="http://www.jcp.org/jcr/mix/1.0" xmlns:cq="http://www.day.com/jcr/cq/1.0"
    jcr:isCheckedOut="{Boolean}true"
    jcr:mixinTypes="[cq:contentFragment,mix:referenceable,mix:versionable]"
    jcr:primaryType="dam:Asset"
    jcr:uuid="240e93bf-1363-47e1-bda8-df1cc4e6c93f">
    <jcr:content
        cq:isDelivered="{Boolean}false"
        cq:lastModified="{Date}2025-11-28T12:13:38.658Z"
        cq:lastModifiedBy="maripaul@eand.com"
        cq:lastReplicated="{Date}2025-12-12T11:08:27.477Z"
        cq:lastReplicated_publish="{Date}2025-12-12T11:08:27.477Z"
        cq:lastReplicatedBy="workflow-process-service"
        cq:lastReplicatedBy_publish="workflow-process-service"
        cq:lastReplicationAction="Activate"
        cq:lastReplicationAction_publish="Activate"
        cq:name="human-resources"
        cq:parentPath="/content/dam/daas/cfm/header/mega-menu/ai-solutions"
        jcr:lastModified="{Date}2025-03-11T21:31:34.316Z"
        jcr:lastModifiedBy="suvenkatachalam@eand.com"
        jcr:mixinTypes="[cq:ReplicationStatus,cq:ReplicationStatus2]"
        jcr:primaryType="dam:AssetContent"
        jcr:title="Human Resources"
        contentFragment="{Boolean}true"
        lastFragmentSave="{Date}2025-03-11T21:31:34.316Z">
        <data
            cq:model="/conf/daas/settings/dam/cfm/models/business-menu-generic-link"
            jcr:primaryType="nt:unstructured"
            _strucVersion="{Long}1">
            <master
                jcr:mixinTypes="[cq:Taggable,dam:cfVariationNode]"
                jcr:primaryType="nt:unstructured"
                actionImage_x0040_LastModified="{Date}2023-10-21T17:18:34.215Z"
                ctaText_x0040_LastModified="{Date}2023-10-21T17:18:34.215Z"
                linkType_x0040_LastModified="{Date}2023-10-21T17:18:34.215Z"
                sameTabOrNewTab="_self"
                sameTabOrNewTab_x0040_LastModified="{Date}2023-10-21T17:19:06.292Z"
                subDescription_x0040_LastModified="{Date}2023-10-21T17:18:34.215Z"
                subHeading="Human Resources"
                subHeading_x0040_LastModified="{Date}2025-03-11T21:30:57.540Z"
                subHeading_x0040_LastModifiedBy="suvenkatachalam@eand.com"
                subLink="#?##2"
                subLink_x0040_LastModified="{Date}2025-03-11T21:30:57.542Z"
                subLink_x0040_LastModifiedBy="suvenkatachalam@eand.com"/>
            <ar
                jcr:mixinTypes="[cq:Taggable,dam:cfVariationNode]"
                jcr:primaryType="nt:unstructured"
                _x0040_variationCreationDate="{Date}2023-10-21T17:19:12.507Z"
                actionImage_x0040_LastModified="{Date}2023-10-21T17:19:12.510Z"
                ctaText_x0040_LastModified="{Date}2023-10-21T17:19:12.509Z"
                linkType_x0040_LastModified="{Date}2023-10-21T17:19:12.509Z"
                sameTabOrNewTab="_self"
                sameTabOrNewTab_x0040_LastModified="{Date}2023-10-21T17:19:12.509Z"
                subDescription_x0040_LastModified="{Date}2023-10-21T17:19:12.508Z"
                subHeading="الموارد البشرية"
                subHeading_x0040_LastModified="{Date}2025-03-11T21:31:34.094Z"
                subHeading_x0040_LastModifiedBy="suvenkatachalam@eand.com"
                subLink="#?##2"
                subLink_x0040_LastModified="{Date}2025-03-11T21:31:34.095Z"
                subLink_x0040_LastModifiedBy="suvenkatachalam@eand.com"/>
        </data>
        <indexedData jcr:primaryType="nt:unstructured">
            <master
                jcr:mixinTypes="[dam:IndexedFragmentData]"
                jcr:primaryType="nt:unstructured"
                jcr:uuid="2428fce4-5eb3-48f5-8668-65f940ca3137"
                _x0040_string_x0040_model="/conf/daas/settings/dam/cfm/models/business-menu-generic-link"
                _x0040_stringArray_x0040_variations="[ar]"
                string_x0040_sameTabOrNewTab="_self"
                string_x0040_subHeading="Human Resources"
                string_x0040_subLink="#?##2"/>
            <ar
                jcr:mixinTypes="[dam:IndexedFragmentData]"
                jcr:primaryType="nt:unstructured"
                jcr:uuid="2e0aa639-a277-4dba-bdf9-dbf0242bb3fd"
                _x0040_string_x0040_model="/conf/daas/settings/dam/cfm/models/business-menu-generic-link"
                string_x0040_sameTabOrNewTab="_self"
                string_x0040_subHeading="الموارد البشرية"
                string_x0040_subLink="#?##2"/>
        </indexedData>
        <metadata
            jcr:mixinTypes="[cq:Taggable]"
            jcr:primaryType="nt:unstructured">
            <dam:cfVariations jcr:primaryType="nt:unstructured">
                <ar
                    jcr:mixinTypes="[cq:Taggable]"
                    jcr:primaryType="nt:unstructured"/>
            </dam:cfVariations>
        </metadata>
        <model jcr:primaryType="nt:unstructured">
            <variations jcr:primaryType="nt:unstructured">
                <ar
                    jcr:description="\0"
                    jcr:mixinTypes="[cq:Taggable]"
                    jcr:primaryType="nt:unstructured"
                    jcr:title="Ar"
                    name="ar">
                    <properties
                        jcr:primaryType="nt:unstructured"
                        synchronizeWithVersion="[subHeading:9d8d6e16-9501-42c0-9b53-46741fcfcf62,subDescription:9d8d6e16-9501-42c0-9b53-46741fcfcf62,linkType:9d8d6e16-9501-42c0-9b53-46741fcfcf62,ctaText:9d8d6e16-9501-42c0-9b53-46741fcfcf62,subLink:9d8d6e16-9501-42c0-9b53-46741fcfcf62,sameTabOrNewTab:9d8d6e16-9501-42c0-9b53-46741fcfcf62,actionImage:9d8d6e16-9501-42c0-9b53-46741fcfcf62]"/>
                </ar>
            </variations>
        </model>
        <related jcr:primaryType="nt:unstructured"/>
    </jcr:content>
</jcr:root>
