<?xml version="1.0" encoding="UTF-8"?>
<jcr:root xmlns:jcr="http://www.jcp.org/jcr/1.0" xmlns:dam="http://www.day.com/dam/1.0" xmlns:nt="http://www.jcp.org/jcr/nt/1.0" xmlns:mix="http://www.jcp.org/jcr/mix/1.0" xmlns:cq="http://www.day.com/jcr/cq/1.0"
    jcr:isCheckedOut="{Boolean}true"
    jcr:mixinTypes="[cq:contentFragment,mix:referenceable,mix:versionable]"
    jcr:primaryType="dam:Asset"
    jcr:uuid="eb621eab-aac7-4e9d-be25-8c8646bae432">
    <jcr:content
        cq:isDelivered="{Boolean}false"
        cq:lastModified="{Date}2025-11-28T12:13:51.154Z"
        cq:lastModifiedBy="maripaul@eand.com"
        cq:lastReplicated="{Date}2025-12-12T11:08:27.477Z"
        cq:lastReplicated_publish="{Date}2025-12-12T11:08:27.477Z"
        cq:lastReplicatedBy="workflow-process-service"
        cq:lastReplicatedBy_publish="workflow-process-service"
        cq:lastReplicationAction="Activate"
        cq:lastReplicationAction_publish="Activate"
        cq:name="data-only-plans"
        cq:parentPath="/content/dam/daas/cfm/header/mega-menu/mobile"
        jcr:lastModified="{Date}2025-03-11T09:28:21.647Z"
        jcr:lastModifiedBy="suvenkatachalam@eand.com"
        jcr:mixinTypes="[cq:ReplicationStatus,cq:ReplicationStatus2]"
        jcr:primaryType="dam:AssetContent"
        jcr:title="Data Only Plans"
        contentFragment="{Boolean}true"
        lastFragmentSave="{Date}2025-03-11T09:28:21.647Z">
        <data
            cq:model="/conf/daas/settings/dam/cfm/models/business-menu-generic-link"
            jcr:primaryType="nt:unstructured"
            _strucVersion="{Long}1">
            <master
                jcr:mixinTypes="[cq:Taggable,dam:cfVariationNode]"
                jcr:primaryType="nt:unstructured"
                actionImage_x0040_LastModified="{Date}2023-10-21T17:09:52.691Z"
                ctaText_x0040_LastModified="{Date}2023-10-21T17:09:52.691Z"
                linkType_x0040_LastModified="{Date}2023-10-21T17:09:52.691Z"
                sameTabOrNewTab="_self"
                sameTabOrNewTab_x0040_LastModified="{Date}2023-10-21T17:10:19.051Z"
                subDescription_x0040_LastModified="{Date}2023-10-21T17:09:52.691Z"
                subHeading="Data Only Plans"
                subHeading_x0040_LastModified="{Date}2025-03-11T09:22:08.512Z"
                subHeading_x0040_LastModifiedBy="suvenkatachalam@eand.com"
                subLink="#"
                subLink_x0040_LastModified="{Date}2025-03-11T09:22:08.514Z"
                subLink_x0040_LastModifiedBy="suvenkatachalam@eand.com"/>
            <ar
                jcr:mixinTypes="[cq:Taggable,dam:cfVariationNode]"
                jcr:primaryType="nt:unstructured"
                _x0040_variationCreationDate="{Date}2023-10-21T17:10:58.515Z"
                actionImage_x0040_LastModified="{Date}2023-10-21T17:10:58.518Z"
                ctaText_x0040_LastModified="{Date}2023-10-21T17:10:58.517Z"
                linkType_x0040_LastModified="{Date}2023-10-21T17:10:58.517Z"
                sameTabOrNewTab="_self"
                sameTabOrNewTab_x0040_LastModified="{Date}2023-10-21T17:10:58.518Z"
                subDescription_x0040_LastModified="{Date}2023-10-21T17:10:58.516Z"
                subHeading="باقات البيانات فقط"
                subHeading_x0040_LastModified="{Date}2025-03-11T09:28:21.443Z"
                subHeading_x0040_LastModifiedBy="suvenkatachalam@eand.com"
                subLink="#"
                subLink_x0040_LastModified="{Date}2025-03-11T09:28:21.445Z"
                subLink_x0040_LastModifiedBy="suvenkatachalam@eand.com"/>
        </data>
        <indexedData jcr:primaryType="nt:unstructured">
            <master
                jcr:mixinTypes="[dam:IndexedFragmentData]"
                jcr:primaryType="nt:unstructured"
                jcr:uuid="a366848f-7394-49b3-8071-6dc40ce4d887"
                _x0040_string_x0040_model="/conf/daas/settings/dam/cfm/models/business-menu-generic-link"
                _x0040_stringArray_x0040_variations="[ar]"
                string_x0040_sameTabOrNewTab="_self"
                string_x0040_subHeading="Data Only Plans"
                string_x0040_subLink="#"/>
            <ar
                jcr:mixinTypes="[dam:IndexedFragmentData]"
                jcr:primaryType="nt:unstructured"
                jcr:uuid="1205d162-0c1f-46dc-9817-419852aecbd9"
                _x0040_string_x0040_model="/conf/daas/settings/dam/cfm/models/business-menu-generic-link"
                string_x0040_sameTabOrNewTab="_self"
                string_x0040_subHeading="باقات البيانات فقط"
                string_x0040_subLink="#"/>
        </indexedData>
        <metadata
            jcr:mixinTypes="[cq:Taggable]"
            jcr:primaryType="nt:unstructured">
            <dam:cfVariations jcr:primaryType="nt:unstructured">
                <ar
                    jcr:mixinTypes="[cq:Taggable]"
                    jcr:primaryType="nt:unstructured"/>
            </dam:cfVariations>
        </metadata>
        <model jcr:primaryType="nt:unstructured">
            <variations jcr:primaryType="nt:unstructured">
                <ar
                    jcr:description="\0"
                    jcr:mixinTypes="[cq:Taggable]"
                    jcr:primaryType="nt:unstructured"
                    jcr:title="Ar"
                    name="ar">
                    <properties
                        jcr:primaryType="nt:unstructured"
                        synchronizeWithVersion="[subHeading:38aeae74-90a8-403c-82f7-a4102eea0a45,subDescription:38aeae74-90a8-403c-82f7-a4102eea0a45,linkType:38aeae74-90a8-403c-82f7-a4102eea0a45,ctaText:38aeae74-90a8-403c-82f7-a4102eea0a45,subLink:38aeae74-90a8-403c-82f7-a4102eea0a45,sameTabOrNewTab:38aeae74-90a8-403c-82f7-a4102eea0a45,actionImage:38aeae74-90a8-403c-82f7-a4102eea0a45]"/>
                </ar>
            </variations>
        </model>
        <related jcr:primaryType="nt:unstructured"/>
    </jcr:content>
</jcr:root>
