<?xml version="1.0" encoding="UTF-8"?>
<jcr:root xmlns:jcr="http://www.jcp.org/jcr/1.0" xmlns:dam="http://www.day.com/dam/1.0" xmlns:nt="http://www.jcp.org/jcr/nt/1.0" xmlns:mix="http://www.jcp.org/jcr/mix/1.0" xmlns:cq="http://www.day.com/jcr/cq/1.0"
    jcr:isCheckedOut="{Boolean}true"
    jcr:mixinTypes="[cq:contentFragment,mix:referenceable,mix:versionable]"
    jcr:primaryType="dam:Asset"
    jcr:uuid="3c275146-ffa0-4551-b2de-507ddd0599ac">
    <jcr:content
        cq:isDelivered="{Boolean}false"
        cq:lastModified="{Date}2025-11-28T12:13:31.614Z"
        cq:lastModifiedBy="maripaul@eand.com"
        cq:lastReplicated="{Date}2025-12-12T11:08:37.533Z"
        cq:lastReplicated_publish="{Date}2025-12-12T11:08:37.533Z"
        cq:lastReplicatedBy="workflow-process-service"
        cq:lastReplicatedBy_publish="workflow-process-service"
        cq:lastReplicationAction="Activate"
        cq:lastReplicationAction_publish="Activate"
        cq:name="e&amp;-capital"
        cq:parentPath="/content/dam/daas/cfm/header/top-navigation/Eand-Topnav"
        jcr:lastModified="{Date}2023-10-21T13:02:01.221Z"
        jcr:lastModifiedBy="azaraheem@etisalat.ae"
        jcr:mixinTypes="[cq:ReplicationStatus,cq:ReplicationStatus2]"
        jcr:primaryType="dam:AssetContent"
        jcr:title=" e&amp; capital"
        contentFragment="{Boolean}true"
        lastFragmentSave="{Date}2023-10-21T13:02:01.221Z">
        <data
            cq:model="/conf/daas/settings/dam/cfm/models/business-menu-generic-link"
            jcr:primaryType="nt:unstructured"
            _strucVersion="{Long}1">
            <master
                jcr:mixinTypes="[cq:Taggable,dam:cfVariationNode]"
                jcr:primaryType="nt:unstructured"
                actionImage_x0040_LastModified="{Date}2023-10-21T13:00:50.665Z"
                ctaText_x0040_LastModified="{Date}2023-10-21T13:00:50.665Z"
                linkType="[absolute]"
                linkType_x0040_LastModified="{Date}2023-10-21T13:01:25.968Z"
                sameTabOrNewTab="_self"
                sameTabOrNewTab_x0040_LastModified="{Date}2023-10-21T13:01:25.969Z"
                subDescription_x0040_LastModified="{Date}2023-10-21T13:00:50.665Z"
                subHeading=" e&amp; capital"
                subHeading_x0040_LastModified="{Date}2023-10-21T13:01:25.967Z"
                subLink="https:#"
                subLink_x0040_LastModified="{Date}2023-10-21T13:01:25.968Z"/>
            <ar
                jcr:mixinTypes="[cq:Taggable,dam:cfVariationNode]"
                jcr:primaryType="nt:unstructured"
                _x0040_variationCreationDate="{Date}2023-10-21T13:01:44.073Z"
                actionImage_x0040_LastModified="{Date}2023-10-21T13:01:44.076Z"
                ctaText_x0040_LastModified="{Date}2023-10-21T13:01:44.075Z"
                linkType="[absolute]"
                linkType_x0040_LastModified="{Date}2023-10-21T13:01:44.075Z"
                sameTabOrNewTab="_self"
                sameTabOrNewTab_x0040_LastModified="{Date}2023-10-21T13:01:44.076Z"
                subDescription_x0040_LastModified="{Date}2023-10-21T13:01:44.075Z"
                subHeading="&amp;e الاستثمار"
                subHeading_x0040_LastModified="{Date}2023-10-21T13:02:00.972Z"
                subLink="https:#"
                subLink_x0040_LastModified="{Date}2023-10-21T13:02:00.973Z"/>
        </data>
        <indexedData jcr:primaryType="nt:unstructured">
            <master
                jcr:mixinTypes="[dam:IndexedFragmentData]"
                jcr:primaryType="nt:unstructured"
                jcr:uuid="c3b69e45-fb38-43e6-89ac-17a5232c832f"
                _x0040_string_x0040_model="/conf/daas/settings/dam/cfm/models/business-menu-generic-link"
                _x0040_stringArray_x0040_variations="[ar]"
                string_x0040_sameTabOrNewTab="_self"
                string_x0040_subHeading=" e&amp; capital"
                string_x0040_subLink="https:#"
                stringArray_x0040_linkType="[absolute]"/>
            <ar
                jcr:mixinTypes="[dam:IndexedFragmentData]"
                jcr:primaryType="nt:unstructured"
                jcr:uuid="95e7c022-49d1-4b42-9343-1247556aa212"
                _x0040_string_x0040_model="/conf/daas/settings/dam/cfm/models/business-menu-generic-link"
                string_x0040_sameTabOrNewTab="_self"
                string_x0040_subHeading="&amp;e الاستثمار"
                string_x0040_subLink="https:#"
                stringArray_x0040_linkType="[absolute]"/>
        </indexedData>
        <metadata
            jcr:mixinTypes="[cq:Taggable]"
            jcr:primaryType="nt:unstructured"/>
        <model jcr:primaryType="nt:unstructured">
            <variations jcr:primaryType="nt:unstructured">
                <ar
                    jcr:description="\0"
                    jcr:mixinTypes="[cq:Taggable]"
                    jcr:primaryType="nt:unstructured"
                    jcr:title="Ar"
                    name="ar">
                    <properties
                        jcr:primaryType="nt:unstructured"
                        synchronizeWithVersion="[subHeading:176c64df-6b8b-4e89-bf19-89ef01aa569d,subDescription:176c64df-6b8b-4e89-bf19-89ef01aa569d,linkType:176c64df-6b8b-4e89-bf19-89ef01aa569d,ctaText:176c64df-6b8b-4e89-bf19-89ef01aa569d,subLink:176c64df-6b8b-4e89-bf19-89ef01aa569d,sameTabOrNewTab:176c64df-6b8b-4e89-bf19-89ef01aa569d,actionImage:176c64df-6b8b-4e89-bf19-89ef01aa569d]"/>
                </ar>
            </variations>
        </model>
        <related jcr:primaryType="nt:unstructured"/>
    </jcr:content>
</jcr:root>
