<?xml version="1.0" encoding="UTF-8"?>
<jcr:root xmlns:jcr="http://www.jcp.org/jcr/1.0" xmlns:dam="http://www.day.com/dam/1.0" xmlns:nt="http://www.jcp.org/jcr/nt/1.0" xmlns:mix="http://www.jcp.org/jcr/mix/1.0" xmlns:cq="http://www.day.com/jcr/cq/1.0"
    jcr:isCheckedOut="{Boolean}true"
    jcr:mixinTypes="[cq:contentFragment,mix:referenceable,mix:versionable]"
    jcr:primaryType="dam:Asset"
    jcr:uuid="7366e65a-424e-48ec-916c-b23f24c1fa61">
    <jcr:content
        cq:isDelivered="{Boolean}false"
        cq:lastModified="{Date}2025-11-28T12:13:31.079Z"
        cq:lastModifiedBy="maripaul@eand.com"
        cq:lastReplicated="{Date}2025-12-12T11:08:37.533Z"
        cq:lastReplicated_publish="{Date}2025-12-12T11:08:37.533Z"
        cq:lastReplicatedBy="workflow-process-service"
        cq:lastReplicatedBy_publish="workflow-process-service"
        cq:lastReplicationAction="Activate"
        cq:lastReplicationAction_publish="Activate"
        cq:name="e&amp;-international"
        cq:parentPath="/content/dam/daas/cfm/header/top-navigation/Eand-Topnav"
        jcr:lastModified="{Date}2023-10-21T12:58:08.365Z"
        jcr:lastModifiedBy="azaraheem@etisalat.ae"
        jcr:mixinTypes="[cq:ReplicationStatus,cq:ReplicationStatus2]"
        jcr:primaryType="dam:AssetContent"
        jcr:title=" e&amp; international"
        contentFragment="{Boolean}true"
        lastFragmentSave="{Date}2023-10-21T12:58:08.365Z">
        <data
            cq:model="/conf/daas/settings/dam/cfm/models/business-menu-generic-link"
            jcr:primaryType="nt:unstructured"
            _strucVersion="{Long}1">
            <master
                jcr:mixinTypes="[cq:Taggable,dam:cfVariationNode]"
                jcr:primaryType="nt:unstructured"
                actionImage_x0040_LastModified="{Date}2023-10-21T12:52:54.079Z"
                ctaText_x0040_LastModified="{Date}2023-10-21T12:52:54.079Z"
                linkType="[absolute]"
                linkType_x0040_LastModified="{Date}2023-10-21T12:58:00.826Z"
                sameTabOrNewTab="_self"
                sameTabOrNewTab_x0040_LastModified="{Date}2023-10-21T12:53:29.842Z"
                subDescription_x0040_LastModified="{Date}2023-10-21T12:52:54.079Z"
                subHeading=" e&amp; international"
                subHeading_x0040_LastModified="{Date}2023-10-21T12:53:29.841Z"
                subLink="https:#"
                subLink_x0040_LastModified="{Date}2023-10-21T12:53:29.841Z"/>
            <ar
                jcr:mixinTypes="[cq:Taggable,dam:cfVariationNode]"
                jcr:primaryType="nt:unstructured"
                _x0040_variationCreationDate="{Date}2023-10-21T12:53:36.558Z"
                actionImage_x0040_LastModified="{Date}2023-10-21T12:53:36.561Z"
                ctaText_x0040_LastModified="{Date}2023-10-21T12:53:36.560Z"
                linkType="[absolute]"
                linkType_x0040_LastModified="{Date}2023-10-21T12:58:08.138Z"
                sameTabOrNewTab="_self"
                sameTabOrNewTab_x0040_LastModified="{Date}2023-10-21T12:53:36.561Z"
                subDescription_x0040_LastModified="{Date}2023-10-21T12:53:36.560Z"
                subHeading="&amp;e انترناشونال"
                subHeading_x0040_LastModified="{Date}2023-10-21T12:53:53.875Z"
                subLink="https:#"
                subLink_x0040_LastModified="{Date}2023-10-21T12:53:53.876Z"/>
        </data>
        <indexedData jcr:primaryType="nt:unstructured">
            <master
                jcr:mixinTypes="[dam:IndexedFragmentData]"
                jcr:primaryType="nt:unstructured"
                jcr:uuid="0d1de48b-1b15-4eef-a20c-340d53ddfbd1"
                _x0040_string_x0040_model="/conf/daas/settings/dam/cfm/models/business-menu-generic-link"
                _x0040_stringArray_x0040_variations="[ar]"
                string_x0040_sameTabOrNewTab="_self"
                string_x0040_subHeading=" e&amp; international"
                string_x0040_subLink="https:#"
                stringArray_x0040_linkType="[absolute]"/>
            <ar
                jcr:mixinTypes="[dam:IndexedFragmentData]"
                jcr:primaryType="nt:unstructured"
                jcr:uuid="f7eda5ac-bcb8-4539-8828-86222129a72a"
                _x0040_string_x0040_model="/conf/daas/settings/dam/cfm/models/business-menu-generic-link"
                string_x0040_sameTabOrNewTab="_self"
                string_x0040_subHeading="&amp;e انترناشونال"
                string_x0040_subLink="https:#"
                stringArray_x0040_linkType="[absolute]"/>
        </indexedData>
        <metadata
            jcr:mixinTypes="[cq:Taggable]"
            jcr:primaryType="nt:unstructured"/>
        <model jcr:primaryType="nt:unstructured">
            <variations jcr:primaryType="nt:unstructured">
                <ar
                    jcr:description="\0"
                    jcr:mixinTypes="[cq:Taggable]"
                    jcr:primaryType="nt:unstructured"
                    jcr:title="Ar"
                    name="ar">
                    <properties
                        jcr:primaryType="nt:unstructured"
                        synchronizeWithVersion="[subHeading:d9240696-5a1c-4404-a02e-f2abd210c47c,subDescription:d9240696-5a1c-4404-a02e-f2abd210c47c,linkType:d9240696-5a1c-4404-a02e-f2abd210c47c,ctaText:d9240696-5a1c-4404-a02e-f2abd210c47c,subLink:d9240696-5a1c-4404-a02e-f2abd210c47c,sameTabOrNewTab:d9240696-5a1c-4404-a02e-f2abd210c47c,actionImage:d9240696-5a1c-4404-a02e-f2abd210c47c]"/>
                </ar>
            </variations>
        </model>
        <related jcr:primaryType="nt:unstructured"/>
    </jcr:content>
</jcr:root>
