<?xml version="1.0" encoding="UTF-8"?>
<jcr:root xmlns:jcr="http://www.jcp.org/jcr/1.0" xmlns:dam="http://www.day.com/dam/1.0" xmlns:nt="http://www.jcp.org/jcr/nt/1.0" xmlns:mix="http://www.jcp.org/jcr/mix/1.0" xmlns:cq="http://www.day.com/jcr/cq/1.0"
    jcr:isCheckedOut="{Boolean}true"
    jcr:mixinTypes="[cq:contentFragment,mix:referenceable,mix:versionable]"
    jcr:primaryType="dam:Asset"
    jcr:uuid="e19b6734-0a52-4795-b34e-0f8a62306206">
    <jcr:content
        cq:isDelivered="{Boolean}false"
        cq:lastModified="{Date}2025-11-28T12:13:30.774Z"
        cq:lastModifiedBy="maripaul@eand.com"
        cq:lastReplicated="{Date}2025-12-12T11:08:37.533Z"
        cq:lastReplicated_publish="{Date}2025-12-12T11:08:37.533Z"
        cq:lastReplicatedBy="workflow-process-service"
        cq:lastReplicatedBy_publish="workflow-process-service"
        cq:lastReplicationAction="Activate"
        cq:lastReplicationAction_publish="Activate"
        cq:name="home"
        cq:parentPath="/content/dam/daas/cfm/header/top-navigation/Eand-Topnav"
        jcr:lastModified="{Date}2023-10-21T12:48:03.724Z"
        jcr:lastModifiedBy="azaraheem@etisalat.ae"
        jcr:mixinTypes="[cq:ReplicationStatus,cq:ReplicationStatus2]"
        jcr:primaryType="dam:AssetContent"
        jcr:title="Home"
        contentFragment="{Boolean}true"
        lastFragmentSave="{Date}2023-10-21T12:48:03.724Z">
        <data
            cq:model="/conf/daas/settings/dam/cfm/models/business-menu-generic-link"
            jcr:primaryType="nt:unstructured"
            _strucVersion="{Long}1">
            <master
                jcr:mixinTypes="[cq:Taggable,dam:cfVariationNode]"
                jcr:primaryType="nt:unstructured"
                actionImage_x0040_LastModified="{Date}2023-10-21T12:47:03.031Z"
                ctaText_x0040_LastModified="{Date}2023-10-21T12:47:03.031Z"
                linkType="[absolute]"
                linkType_x0040_LastModified="{Date}2023-10-21T12:47:41.091Z"
                sameTabOrNewTab="_self"
                sameTabOrNewTab_x0040_LastModified="{Date}2023-10-21T12:47:41.092Z"
                subDescription_x0040_LastModified="{Date}2023-10-21T12:47:03.031Z"
                subHeading="Home"
                subHeading_x0040_LastModified="{Date}2023-10-21T12:47:41.090Z"
                subLink="https:#"
                subLink_x0040_LastModified="{Date}2023-10-21T12:47:41.091Z"/>
            <ar
                jcr:mixinTypes="[cq:Taggable,dam:cfVariationNode]"
                jcr:primaryType="nt:unstructured"
                _x0040_variationCreationDate="{Date}2023-10-21T12:47:46.383Z"
                actionImage_x0040_LastModified="{Date}2023-10-21T12:47:46.388Z"
                ctaText_x0040_LastModified="{Date}2023-10-21T12:47:46.387Z"
                linkType="[absolute]"
                linkType_x0040_LastModified="{Date}2023-10-21T12:47:46.386Z"
                sameTabOrNewTab="_self"
                sameTabOrNewTab_x0040_LastModified="{Date}2023-10-21T12:47:46.388Z"
                subDescription_x0040_LastModified="{Date}2023-10-21T12:47:46.385Z"
                subHeading="الرئيسية"
                subHeading_x0040_LastModified="{Date}2023-10-21T12:48:03.499Z"
                subLink="https:#"
                subLink_x0040_LastModified="{Date}2023-10-21T12:48:03.500Z"/>
        </data>
        <indexedData jcr:primaryType="nt:unstructured">
            <master
                jcr:mixinTypes="[dam:IndexedFragmentData]"
                jcr:primaryType="nt:unstructured"
                jcr:uuid="68f0e908-dbb9-4da5-9fa3-ce8b10ce471c"
                _x0040_string_x0040_model="/conf/daas/settings/dam/cfm/models/business-menu-generic-link"
                _x0040_stringArray_x0040_variations="[ar]"
                string_x0040_sameTabOrNewTab="_self"
                string_x0040_subHeading="Home"
                string_x0040_subLink="https:#"
                stringArray_x0040_linkType="[absolute]"/>
            <ar
                jcr:mixinTypes="[dam:IndexedFragmentData]"
                jcr:primaryType="nt:unstructured"
                jcr:uuid="11ca935b-3b78-4ce5-a106-93ccfb27d356"
                _x0040_string_x0040_model="/conf/daas/settings/dam/cfm/models/business-menu-generic-link"
                string_x0040_sameTabOrNewTab="_self"
                string_x0040_subHeading="الرئيسية"
                string_x0040_subLink="https:#"
                stringArray_x0040_linkType="[absolute]"/>
        </indexedData>
        <metadata
            jcr:mixinTypes="[cq:Taggable]"
            jcr:primaryType="nt:unstructured"/>
        <model jcr:primaryType="nt:unstructured">
            <variations jcr:primaryType="nt:unstructured">
                <ar
                    jcr:description="\0"
                    jcr:mixinTypes="[cq:Taggable]"
                    jcr:primaryType="nt:unstructured"
                    jcr:title="Ar"
                    name="ar">
                    <properties
                        jcr:primaryType="nt:unstructured"
                        synchronizeWithVersion="[subHeading:869096d8-2af9-4466-b8c2-fec1e5c46b53,subDescription:869096d8-2af9-4466-b8c2-fec1e5c46b53,linkType:869096d8-2af9-4466-b8c2-fec1e5c46b53,ctaText:869096d8-2af9-4466-b8c2-fec1e5c46b53,subLink:869096d8-2af9-4466-b8c2-fec1e5c46b53,sameTabOrNewTab:869096d8-2af9-4466-b8c2-fec1e5c46b53,actionImage:869096d8-2af9-4466-b8c2-fec1e5c46b53]"/>
                </ar>
            </variations>
        </model>
        <related jcr:primaryType="nt:unstructured"/>
    </jcr:content>
</jcr:root>
