<?xml version="1.0" encoding="UTF-8"?>
<jcr:root xmlns:jcr="http://www.jcp.org/jcr/1.0" xmlns:dam="http://www.day.com/dam/1.0" xmlns:nt="http://www.jcp.org/jcr/nt/1.0" xmlns:mix="http://www.jcp.org/jcr/mix/1.0" xmlns:cq="http://www.day.com/jcr/cq/1.0"
    jcr:isCheckedOut="{Boolean}true"
    jcr:mixinTypes="[cq:contentFragment,mix:referenceable,mix:versionable]"
    jcr:primaryType="dam:Asset"
    jcr:uuid="f33e2154-772b-4127-a993-09eadceff511">
    <jcr:content
        cq:isDelivered="{Boolean}false"
        cq:lastReplicated="{Date}2025-12-12T11:08:37.533Z"
        cq:lastReplicated_publish="{Date}2025-12-12T11:08:37.533Z"
        cq:lastReplicatedBy="workflow-process-service"
        cq:lastReplicatedBy_publish="workflow-process-service"
        cq:lastReplicationAction="Activate"
        cq:lastReplicationAction_publish="Activate"
        cq:name="cart-icon"
        cq:parentPath="/content/dam/daas/cfm/header/top-navigation"
        jcr:lastModified="{Date}2025-12-05T11:44:04.497Z"
        jcr:lastModifiedBy="amaidheen@eand.com"
        jcr:mixinTypes="[cq:ReplicationStatus,cq:ReplicationStatus2]"
        jcr:primaryType="dam:AssetContent"
        jcr:title="Cart Icon"
        contentFragment="{Boolean}true"
        lastFragmentSave="{Date}2025-12-05T11:44:04.497Z">
        <data
            cq:model="/conf/daas/settings/dam/cfm/models/business-mega-menu-main-section"
            jcr:primaryType="nt:unstructured"
            _strucVersion="{Long}1">
            <master
                jcr:mixinTypes="[cq:Taggable,dam:cfVariationNode]"
                jcr:primaryType="nt:unstructured"
                actionImage="/content/dam/daas/cfm/header/images/icon-cart-mega-menu.svg"
                actionImage_x0040_LastModified="{Date}2025-12-05T11:43:58.762Z"
                actionImage_x0040_LastModifiedBy="amaidheen@eand.com"
                mainSection_x0040_LastModified="{Date}2025-11-28T13:01:21.698Z"
                mainSectionLink="#"
                mainSectionLink_x0040_LastModified="{Date}2025-12-05T06:46:58.864Z"
                mainSectionLink_x0040_LastModifiedBy="amaidheen@eand.com"
                mainSectionTitle_x0040_LastModified="{Date}2025-12-05T06:48:53.917Z"
                mainSectionTitle_x0040_LastModifiedBy="amaidheen@eand.com"
                menuFooterSection_x0040_LastModified="{Date}2025-11-28T13:01:21.698Z"
                promoSection_x0040_LastModified="{Date}2025-11-28T13:01:21.698Z"
                sameTabOrNewTab_x0040_LastModified="{Date}2025-11-28T13:01:21.698Z">
                <card
                    jcr:primaryType="nt:unstructured"
                    assets="[&quot;/content/dam/etisalat/nwt-revamp/svg-icons/icon-cart-mega-menu.svg&quot;]"
                    texts="[#]"/>
            </master>
            <ar
                jcr:mixinTypes="[cq:Taggable,dam:cfVariationNode]"
                jcr:primaryType="nt:unstructured"
                _x0040_variationCreationDate="{Date}2025-11-28T13:01:51.401Z"
                actionImage="/content/dam/daas/cfm/header/images/icon-cart-mega-menu.svg"
                actionImage_x0040_LastModified="{Date}2025-12-05T11:44:04.330Z"
                actionImage_x0040_LastModifiedBy="amaidheen@eand.com"
                mainSection_x0040_LastModified="{Date}2025-11-28T13:01:51.404Z"
                mainSection_x0040_LastModifiedBy="maripaul@eand.com"
                mainSectionLink="#"
                mainSectionLink_x0040_LastModified="{Date}2025-12-05T06:46:52.615Z"
                mainSectionLink_x0040_LastModifiedBy="amaidheen@eand.com"
                mainSectionTitle_x0040_LastModified="{Date}2025-12-05T06:49:01.117Z"
                mainSectionTitle_x0040_LastModifiedBy="amaidheen@eand.com"
                menuFooterSection_x0040_LastModified="{Date}2025-11-28T13:01:51.406Z"
                menuFooterSection_x0040_LastModifiedBy="maripaul@eand.com"
                promoSection_x0040_LastModified="{Date}2025-11-28T13:01:51.405Z"
                promoSection_x0040_LastModifiedBy="maripaul@eand.com"
                sameTabOrNewTab_x0040_LastModified="{Date}2025-11-28T13:01:51.403Z"
                sameTabOrNewTab_x0040_LastModifiedBy="maripaul@eand.com"/>
        </data>
        <indexedData jcr:primaryType="nt:unstructured">
            <master
                jcr:mixinTypes="[dam:IndexedFragmentData]"
                jcr:primaryType="nt:unstructured"
                jcr:uuid="f73e2241-68a5-444d-9926-25318a4019c8"
                _x0040_string_x0040_model="/conf/daas/settings/dam/cfm/models/business-mega-menu-main-section"
                _x0040_stringArray_x0040_variations="[ar]"
                string_x0040_mainSectionLink="#"/>
            <ar
                jcr:mixinTypes="[dam:IndexedFragmentData]"
                jcr:primaryType="nt:unstructured"
                jcr:uuid="66124849-0af9-492e-a0a6-d055e0b06983"
                _x0040_string_x0040_model="/conf/daas/settings/dam/cfm/models/business-mega-menu-main-section"
                string_x0040_mainSectionLink="#"/>
        </indexedData>
        <metadata
            jcr:mixinTypes="[cq:Taggable]"
            jcr:primaryType="nt:unstructured">
            <dam:cfVariations jcr:primaryType="nt:unstructured">
                <ar
                    jcr:mixinTypes="[cq:Taggable]"
                    jcr:primaryType="nt:unstructured"/>
            </dam:cfVariations>
        </metadata>
        <model jcr:primaryType="nt:unstructured">
            <variations jcr:primaryType="nt:unstructured">
                <ar
                    jcr:description="\0"
                    jcr:mixinTypes="[cq:Taggable]"
                    jcr:primaryType="nt:unstructured"
                    jcr:title="ar"
                    name="ar">
                    <properties
                        jcr:primaryType="nt:unstructured"
                        synchronizeWithVersion="[mainSectionTitle:60b64e97-fd59-45c7-9273-18744bfc5386,mainSectionLink:60b64e97-fd59-45c7-9273-18744bfc5386,sameTabOrNewTab:60b64e97-fd59-45c7-9273-18744bfc5386,actionImage:60b64e97-fd59-45c7-9273-18744bfc5386,mainSection:60b64e97-fd59-45c7-9273-18744bfc5386,promoSection:60b64e97-fd59-45c7-9273-18744bfc5386,menuFooterSection:60b64e97-fd59-45c7-9273-18744bfc5386]"/>
                </ar>
            </variations>
        </model>
        <related jcr:primaryType="nt:unstructured"/>
    </jcr:content>
</jcr:root>
