<?xml version="1.0" encoding="UTF-8"?>
<jcr:root xmlns:jcr="http://www.jcp.org/jcr/1.0" xmlns:dam="http://www.day.com/dam/1.0" xmlns:nt="http://www.jcp.org/jcr/nt/1.0" xmlns:mix="http://www.jcp.org/jcr/mix/1.0" xmlns:cq="http://www.day.com/jcr/cq/1.0"
    jcr:isCheckedOut="{Boolean}true"
    jcr:mixinTypes="[mix:referenceable,mix:versionable]"
    jcr:primaryType="dam:Asset"
    jcr:uuid="93507c70-82c5-495d-b674-10394e48e401">
    <jcr:content
        cq:isDelivered="{Boolean}false"
        cq:lastModified="{Date}2023-10-22T08:32:57.233Z"
        cq:lastModifiedBy="azaraheem@etisalat.ae"
        cq:lastReplicated="{Date}2025-04-08T09:50:50.047Z"
        cq:lastReplicated_publish="{Date}2025-04-08T09:50:50.047Z"
        cq:lastReplicatedBy="workflow-process-service"
        cq:lastReplicatedBy_publish="workflow-process-service"
        cq:lastReplicationAction="Activate"
        cq:lastReplicationAction_publish="Activate"
        cq:name="billing-and-payments"
        cq:parentPath="/content/dam/cfm-etisalat/smb/mega-menu"
        jcr:lastModified="{Date}2023-10-21T20:05:52.208Z"
        jcr:lastModifiedBy="azaraheem@etisalat.ae"
        jcr:mixinTypes="[cq:ReplicationStatus,cq:ReplicationStatus2]"
        jcr:primaryType="dam:AssetContent"
        jcr:title="Billing and Payments"
        contentFragment="{Boolean}true"
        lastFragmentSave="{Date}2023-10-21T20:05:52.208Z">
        <data
            cq:model="/conf/etisalat-business/settings/dam/cfm/models/business-menu-generic-link"
            jcr:primaryType="nt:unstructured"
            _strucVersion="{Long}1">
            <master
                jcr:mixinTypes="[cq:Taggable,dam:cfVariationNode]"
                jcr:primaryType="nt:unstructured"
                actionImage_x0040_LastModified="{Date}2023-10-21T20:05:07.539Z"
                ctaText_x0040_LastModified="{Date}2023-10-21T20:05:07.539Z"
                linkType_x0040_LastModified="{Date}2023-10-21T20:05:07.539Z"
                sameTabOrNewTab="_self"
                sameTabOrNewTab_x0040_LastModified="{Date}2023-10-21T20:05:27.242Z"
                subDescription_x0040_LastModified="{Date}2023-10-21T20:05:07.539Z"
                subHeading="Billing and Payments"
                subHeading_x0040_LastModified="{Date}2023-10-21T20:05:27.241Z"
                subLink="/en/smb/billing-and-payment.html"
                subLink_x0040_LastModified="{Date}2023-10-21T20:05:27.241Z"/>
            <ar
                jcr:mixinTypes="[cq:Taggable,dam:cfVariationNode]"
                jcr:primaryType="nt:unstructured"
                _x0040_variationCreationDate="{Date}2023-10-21T20:05:32.670Z"
                actionImage_x0040_LastModified="{Date}2023-10-21T20:05:32.672Z"
                ctaText_x0040_LastModified="{Date}2023-10-21T20:05:32.672Z"
                linkType_x0040_LastModified="{Date}2023-10-21T20:05:32.671Z"
                sameTabOrNewTab="_self"
                sameTabOrNewTab_x0040_LastModified="{Date}2023-10-21T20:05:32.672Z"
                subDescription_x0040_LastModified="{Date}2023-10-21T20:05:32.671Z"
                subHeading="الفواتير والمدفوعات"
                subHeading_x0040_LastModified="{Date}2023-10-21T20:05:51.983Z"
                subLink="/ar/smb/billing-and-payment.html"
                subLink_x0040_LastModified="{Date}2023-10-21T20:05:51.983Z"/>
        </data>
        <indexedData jcr:primaryType="nt:unstructured">
            <master
                jcr:mixinTypes="[dam:IndexedFragmentData]"
                jcr:primaryType="nt:unstructured"
                jcr:uuid="4d9d688f-d963-4a89-b854-99f44daa9244"
                _x0040_string_x0040_model="/conf/etisalat-business/settings/dam/cfm/models/business-menu-generic-link"
                _x0040_stringArray_x0040_variations="[ar]"
                string_x0040_sameTabOrNewTab="_self"
                string_x0040_subHeading="Billing and Payments"
                string_x0040_subLink="/en/smb/billing-and-payment.html"/>
            <ar
                jcr:mixinTypes="[dam:IndexedFragmentData]"
                jcr:primaryType="nt:unstructured"
                jcr:uuid="81de38b9-bfaf-4e8c-b2b2-a7dead8bac91"
                _x0040_string_x0040_model="/conf/etisalat-business/settings/dam/cfm/models/business-menu-generic-link"
                string_x0040_sameTabOrNewTab="_self"
                string_x0040_subHeading="الفواتير والمدفوعات"
                string_x0040_subLink="/ar/smb/billing-and-payment.html"/>
        </indexedData>
        <metadata
            jcr:mixinTypes="[cq:Taggable]"
            jcr:primaryType="nt:unstructured"/>
        <model jcr:primaryType="nt:unstructured">
            <variations jcr:primaryType="nt:unstructured">
                <ar
                    jcr:description="\0"
                    jcr:mixinTypes="[cq:Taggable]"
                    jcr:primaryType="nt:unstructured"
                    jcr:title="Ar"
                    name="ar">
                    <properties
                        jcr:primaryType="nt:unstructured"
                        synchronizeWithVersion="[subHeading:11a1c8ec-427d-4c47-a800-e0d462df33e5,subDescription:11a1c8ec-427d-4c47-a800-e0d462df33e5,linkType:11a1c8ec-427d-4c47-a800-e0d462df33e5,ctaText:11a1c8ec-427d-4c47-a800-e0d462df33e5,subLink:11a1c8ec-427d-4c47-a800-e0d462df33e5,sameTabOrNewTab:11a1c8ec-427d-4c47-a800-e0d462df33e5,actionImage:11a1c8ec-427d-4c47-a800-e0d462df33e5]"/>
                </ar>
            </variations>
        </model>
        <related jcr:primaryType="nt:unstructured"/>
    </jcr:content>
</jcr:root>
