<?xml version="1.0" encoding="UTF-8"?>
<jcr:root xmlns:jcr="http://www.jcp.org/jcr/1.0" xmlns:nt="http://www.jcp.org/jcr/nt/1.0" xmlns:granite="http://www.adobe.com/jcr/granite/1.0" xmlns:cq="http://www.day.com/jcr/cq/1.0" xmlns:sling="http://sling.apache.org/jcr/sling/1.0"
    jcr:primaryType="cq:Template"
    allowedPaths="[/content/entities(/.*)?]"
    ranking="{Long}100">
    <jcr:content
        cq:isDelivered="{Boolean}false"
        cq:lastModified="{Date}2025-12-09T06:35:38.098Z"
        cq:lastModifiedBy="maripaul@eand.com"
        cq:lastReplicated="{Date}2025-12-22T12:11:11.388Z"
        cq:lastReplicated_publish="{Date}2025-12-22T12:11:11.388Z"
        cq:lastReplicatedBy="amaidheen@eand.com"
        cq:lastReplicatedBy_publish="amaidheen@eand.com"
        cq:lastReplicationAction="Activate"
        cq:lastReplicationAction_publish="Activate"
        cq:scaffolding="/conf/daas/settings/dam/cfm/models/b2b-transformation-main/jcr:content/model"
        cq:templateType="/libs/settings/dam/cfm/model-types/fragment"
        jcr:mixinTypes="[cq:ReplicationStatus2]"
        jcr:primaryType="cq:PageContent"
        jcr:title="B2B Transformation Main"
        sling:resourceSuperType="dam/cfm/models/console/components/data/entity"
        sling:resourceType="dam/cfm/models/console/components/data/entity/default"
        isLocked="{Boolean}true"
        status="enabled">
        <metadata jcr:primaryType="nt:unstructured"/>
        <model
            cq:targetPath="/content/entities"
            jcr:primaryType="cq:PageContent"
            sling:resourceType="wcm/scaffolding/components/scaffolding"
            dataTypesConfig="/mnt/overlay/settings/dam/cfm/models/formbuilderconfig/datatypes"
            maxGeneratedOrder="20">
            <cq:dialog
                jcr:primaryType="nt:unstructured"
                sling:resourceType="cq/gui/components/authoring/dialog">
                <content
                    jcr:lastModified="{Date}2025-12-09T06:35:38.098Z"
                    jcr:lastModifiedBy="maripaul@eand.com"
                    jcr:primaryType="nt:unstructured"
                    sling:resourceType="granite/ui/components/coral/foundation/fixedcolumns">
                    <items
                        jcr:primaryType="nt:unstructured"
                        maxGeneratedOrder="20">
                        <_x0031_700652595660
                            jcr:primaryType="nt:unstructured"
                            sling:resourceType="dam/cfm/models/editor/components/fragmentreference/multifield"
                            allowNew="{Boolean}false"
                            fieldLabel=" B2B Transformation Main Section"
                            filter="hierarchy"
                            fragmentmodelreference="[/conf/daas/settings/dam/cfm/models/b2b-transformation-sub-sec,/conf/daas/settings/dam/cfm/models/b2b-transformation-filter-sub-sec,/conf/daas/settings/dam/cfm/models/b2b-transformation-tab-sub-sec,/conf/daas/settings/dam/cfm/models/b2b-transformation-faq-sec,/conf/daas/settings/dam/cfm/models/b2b-form-sub-sec,/conf/daas/settings/dam/cfm/models/b2b-sticky-bar-sub-sec]"
                            listOrder="8"
                            metaType="fragment-reference"
                            name="b2bTransformationMainSec"
                            nameSuffix="contentReference"
                            renderReadOnly="false"
                            rootPath="/content/dam/daas/cfm"
                            showEmptyInReadOnly="true"
                            valueType="string/content-fragment[]">
                            <granite:data jcr:primaryType="nt:unstructured"/>
                            <field
                                jcr:primaryType="nt:unstructured"
                                sling:resourceType="dam/cfm/models/editor/components/fragmentreference"
                                fragmentmodelreference="[/conf/daas/settings/dam/cfm/models/b2b-transformation-sub-sec,/conf/daas/settings/dam/cfm/models/b2b-transformation-filter-sub-sec,/conf/daas/settings/dam/cfm/models/b2b-transformation-tab-sub-sec,/conf/daas/settings/dam/cfm/models/b2b-transformation-faq-sec,/conf/daas/settings/dam/cfm/models/b2b-form-sub-sec,/conf/daas/settings/dam/cfm/models/b2b-sticky-bar-sub-sec]"
                                name="b2bTransformationMainSec"
                                renderReadOnly="false">
                                <granite:data jcr:primaryType="nt:unstructured"/>
                            </field>
                        </_x0031_700652595660>
                    </items>
                </content>
            </cq:dialog>
        </model>
        <change-register jcr:primaryType="nt:unstructured"/>
    </jcr:content>
</jcr:root>
