<?xml version="1.0" encoding="UTF-8"?>
<jcr:root xmlns:jcr="http://www.jcp.org/jcr/1.0" xmlns:dam="http://www.day.com/dam/1.0" xmlns:nt="http://www.jcp.org/jcr/nt/1.0" xmlns:mix="http://www.jcp.org/jcr/mix/1.0" xmlns:cq="http://www.day.com/jcr/cq/1.0"
    jcr:isCheckedOut="{Boolean}true"
    jcr:mixinTypes="[mix:referenceable,mix:versionable]"
    jcr:primaryType="dam:Asset"
    jcr:uuid="17dcc03c-c092-41c6-b869-1d3f1a7a1ed6">
    <jcr:content
        cq:isDelivered="{Boolean}false"
        cq:lastModified="{Date}2025-11-28T15:48:23.409+05:30"
        cq:lastModifiedBy="admin"
        cq:lastReplicationAction_publish="Activate"
        cq:name="facebook"
        cq:parentPath="/content/dam/daas/cfm/footer-quicklinks/patners"
        jcr:lastModified="{Date}2025-03-14T10:20:07.701Z"
        jcr:lastModifiedBy="suvenkatachalam@eand.com"
        jcr:mixinTypes="[cq:ReplicationStatus,cq:ReplicationStatus2]"
        jcr:primaryType="dam:AssetContent"
        jcr:title="Facebook"
        contentFragment="{Boolean}true"
        lastFragmentSave="{Date}2025-03-14T10:20:07.701Z">
        <data
            cq:model="/conf/daas/settings/dam/cfm/models/business-menu-generic-link"
            jcr:primaryType="nt:unstructured"
            _strucVersion="{Long}1">
            <master
                jcr:mixinTypes="[cq:Taggable,dam:cfVariationNode]"
                jcr:primaryType="nt:unstructured"
                actionImage="/content/dam/etisalat/business-images/smb/2023/footer/footer-icons/ffacebook.svg"
                actionImage_x0040_LastModified="{Date}2025-03-13T05:44:13.257Z"
                actionImage_x0040_LastModifiedBy="suvenkatachalam@eand.com"
                ctaText_x0040_LastModified="{Date}2023-10-22T10:11:56.925Z"
                linkType="[absolute]"
                linkType_x0040_LastModified="{Date}2023-10-22T10:12:52.544Z"
                sameTabOrNewTab="_blank"
                sameTabOrNewTab_x0040_LastModified="{Date}2023-10-22T10:12:52.545Z"
                subDescription_x0040_LastModified="{Date}2023-10-22T10:11:56.925Z"
                subHeading_x0040_LastModified="{Date}2023-10-22T10:11:56.925Z"
                subLink="https://www.facebook.com/eAndUAE/"
                subLink_x0040_LastModified="{Date}2025-03-14T10:20:01.168Z"
                subLink_x0040_LastModifiedBy="suvenkatachalam@eand.com"/>
            <ar
                jcr:mixinTypes="[cq:Taggable,dam:cfVariationNode]"
                jcr:primaryType="nt:unstructured"
                _x0040_variationCreationDate="{Date}2023-10-22T10:12:58.111Z"
                actionImage="/content/dam/etisalat/business-images/smb/2023/footer/footer-icons/ffacebook.svg"
                actionImage_x0040_LastModified="{Date}2025-03-13T05:44:20.784Z"
                actionImage_x0040_LastModifiedBy="suvenkatachalam@eand.com"
                ctaText_x0040_LastModified="{Date}2023-10-22T10:12:58.112Z"
                linkType="[absolute]"
                linkType_x0040_LastModified="{Date}2023-10-22T10:12:58.112Z"
                sameTabOrNewTab="_blank"
                sameTabOrNewTab_x0040_LastModified="{Date}2023-10-22T10:12:58.113Z"
                subDescription_x0040_LastModified="{Date}2023-10-22T10:12:58.111Z"
                subHeading_x0040_LastModified="{Date}2023-10-22T10:12:58.111Z"
                subLink="https://www.facebook.com/eAndUAE/"
                subLink_x0040_LastModified="{Date}2025-03-14T10:20:07.469Z"
                subLink_x0040_LastModifiedBy="suvenkatachalam@eand.com"/>
        </data>
        <indexedData jcr:primaryType="nt:unstructured">
            <master
                jcr:mixinTypes="[dam:IndexedFragmentData]"
                jcr:primaryType="nt:unstructured"
                jcr:uuid="c554563e-5ad3-4739-8f15-4082ef892542"
                _x0040_string_x0040_model="/conf/daas/settings/dam/cfm/models/business-menu-generic-link"
                _x0040_stringArray_x0040_variations="[ar]"
                string_x0040_sameTabOrNewTab="_blank"
                string_x0040_subLink="https://www.facebook.com/eAndUAE/"
                stringArray_x0040_linkType="[absolute]"/>
            <ar
                jcr:mixinTypes="[dam:IndexedFragmentData]"
                jcr:primaryType="nt:unstructured"
                jcr:uuid="7cbbf179-1746-4c5d-a1f2-42ef081fdcc5"
                _x0040_string_x0040_model="/conf/daas/settings/dam/cfm/models/business-menu-generic-link"
                string_x0040_sameTabOrNewTab="_blank"
                string_x0040_subLink="https://www.facebook.com/eAndUAE/"
                stringArray_x0040_linkType="[absolute]"/>
        </indexedData>
        <metadata
            jcr:mixinTypes="[cq:Taggable]"
            jcr:primaryType="nt:unstructured">
            <dam:cfVariations jcr:primaryType="nt:unstructured">
                <ar
                    jcr:mixinTypes="[cq:Taggable]"
                    jcr:primaryType="nt:unstructured"/>
            </dam:cfVariations>
        </metadata>
        <model jcr:primaryType="nt:unstructured">
            <variations jcr:primaryType="nt:unstructured">
                <ar
                    jcr:description="\0"
                    jcr:mixinTypes="[cq:Taggable]"
                    jcr:primaryType="nt:unstructured"
                    jcr:title="Ar"
                    name="ar">
                    <properties
                        jcr:primaryType="nt:unstructured"
                        synchronizeWithVersion="[subHeading:54e159b3-87dd-47bc-99eb-a4ab48065da9,subDescription:54e159b3-87dd-47bc-99eb-a4ab48065da9,linkType:54e159b3-87dd-47bc-99eb-a4ab48065da9,ctaText:54e159b3-87dd-47bc-99eb-a4ab48065da9,subLink:54e159b3-87dd-47bc-99eb-a4ab48065da9,sameTabOrNewTab:54e159b3-87dd-47bc-99eb-a4ab48065da9,actionImage:54e159b3-87dd-47bc-99eb-a4ab48065da9]"/>
                </ar>
            </variations>
        </model>
        <related jcr:primaryType="nt:unstructured"/>
    </jcr:content>
</jcr:root>
