<?xml version="1.0" encoding="UTF-8"?>
<jcr:root xmlns:jcr="http://www.jcp.org/jcr/1.0" xmlns:dam="http://www.day.com/dam/1.0" xmlns:nt="http://www.jcp.org/jcr/nt/1.0" xmlns:mix="http://www.jcp.org/jcr/mix/1.0" xmlns:cq="http://www.day.com/jcr/cq/1.0"
    jcr:isCheckedOut="{Boolean}true"
    jcr:mixinTypes="[mix:referenceable,mix:versionable]"
    jcr:primaryType="dam:Asset"
    jcr:uuid="c09dfde1-e525-46a2-a29a-2ed8502e6956">
    <jcr:content
        cq:isDelivered="{Boolean}false"
        cq:lastReplicated="{Date}2025-04-08T09:50:50.047Z"
        cq:lastReplicated_publish="{Date}2025-04-08T09:50:50.047Z"
        cq:lastReplicatedBy="workflow-process-service"
        cq:lastReplicatedBy_publish="workflow-process-service"
        cq:lastReplicationAction="Activate"
        cq:lastReplicationAction_publish="Activate"
        cq:name="business-blog"
        cq:parentPath="/content/dam/cfm-etisalat/smb/footer-quicklinks/quick-links"
        jcr:lastModified="{Date}2023-10-22T08:42:10.365Z"
        jcr:lastModifiedBy="azaraheem@etisalat.ae"
        jcr:mixinTypes="[cq:ReplicationStatus,cq:ReplicationStatus2]"
        jcr:primaryType="dam:AssetContent"
        jcr:title="Business Blog"
        contentFragment="{Boolean}true"
        lastFragmentSave="{Date}2023-10-22T08:42:10.365Z">
        <data
            cq:model="/conf/etisalat-business/settings/dam/cfm/models/business-menu-generic-link"
            jcr:primaryType="nt:unstructured"
            _strucVersion="{Long}1">
            <master
                jcr:mixinTypes="[cq:Taggable,dam:cfVariationNode]"
                jcr:primaryType="nt:unstructured"
                actionImage_x0040_LastModified="{Date}2023-10-22T08:40:32.292Z"
                ctaText_x0040_LastModified="{Date}2023-10-22T08:40:32.292Z"
                linkType_x0040_LastModified="{Date}2023-10-22T08:40:32.292Z"
                sameTabOrNewTab="_blank"
                sameTabOrNewTab_x0040_LastModified="{Date}2023-10-22T08:41:29.131Z"
                subDescription_x0040_LastModified="{Date}2023-10-22T08:40:32.292Z"
                subHeading="Business Blog"
                subHeading_x0040_LastModified="{Date}2023-10-22T08:40:44.923Z"
                subLink="/en/smb/business-blog/index.html"
                subLink_x0040_LastModified="{Date}2023-10-22T08:41:29.130Z"/>
            <ar
                jcr:mixinTypes="[cq:Taggable,dam:cfVariationNode]"
                jcr:primaryType="nt:unstructured"
                _x0040_variationCreationDate="{Date}2023-10-22T08:42:01.207Z"
                actionImage_x0040_LastModified="{Date}2023-10-22T08:42:01.210Z"
                ctaText_x0040_LastModified="{Date}2023-10-22T08:42:01.209Z"
                linkType_x0040_LastModified="{Date}2023-10-22T08:42:01.209Z"
                sameTabOrNewTab="_blank"
                sameTabOrNewTab_x0040_LastModified="{Date}2023-10-22T08:42:01.209Z"
                subDescription_x0040_LastModified="{Date}2023-10-22T08:42:01.209Z"
                subHeading="Business Blog"
                subHeading_x0040_LastModified="{Date}2023-10-22T08:42:01.208Z"
                subLink="/ar/smb/business-blog/index.html"
                subLink_x0040_LastModified="{Date}2023-10-22T08:42:10.139Z"/>
        </data>
        <indexedData jcr:primaryType="nt:unstructured">
            <master
                jcr:mixinTypes="[dam:IndexedFragmentData]"
                jcr:primaryType="nt:unstructured"
                jcr:uuid="61406d03-77f2-4901-b33f-fa0823e9f612"
                _x0040_string_x0040_model="/conf/etisalat-business/settings/dam/cfm/models/business-menu-generic-link"
                _x0040_stringArray_x0040_variations="[ar]"
                string_x0040_sameTabOrNewTab="_blank"
                string_x0040_subHeading="Business Blog"
                string_x0040_subLink="/en/smb/business-blog/index.html"/>
            <ar
                jcr:mixinTypes="[dam:IndexedFragmentData]"
                jcr:primaryType="nt:unstructured"
                jcr:uuid="102a0b59-f95a-4d06-ac44-6d4d8806f589"
                _x0040_string_x0040_model="/conf/etisalat-business/settings/dam/cfm/models/business-menu-generic-link"
                string_x0040_sameTabOrNewTab="_blank"
                string_x0040_subHeading="Business Blog"
                string_x0040_subLink="/ar/smb/business-blog/index.html"/>
        </indexedData>
        <metadata
            jcr:mixinTypes="[cq:Taggable]"
            jcr:primaryType="nt:unstructured"/>
        <model jcr:primaryType="nt:unstructured">
            <variations jcr:primaryType="nt:unstructured">
                <ar
                    jcr:description="\0"
                    jcr:mixinTypes="[cq:Taggable]"
                    jcr:primaryType="nt:unstructured"
                    jcr:title="Ar"
                    name="ar">
                    <properties
                        jcr:primaryType="nt:unstructured"
                        synchronizeWithVersion="[subHeading:20a687c9-cd3f-4eae-a2ed-d6bf68e52f44,subDescription:20a687c9-cd3f-4eae-a2ed-d6bf68e52f44,linkType:20a687c9-cd3f-4eae-a2ed-d6bf68e52f44,ctaText:20a687c9-cd3f-4eae-a2ed-d6bf68e52f44,subLink:20a687c9-cd3f-4eae-a2ed-d6bf68e52f44,sameTabOrNewTab:20a687c9-cd3f-4eae-a2ed-d6bf68e52f44,actionImage:20a687c9-cd3f-4eae-a2ed-d6bf68e52f44]"/>
                </ar>
            </variations>
        </model>
        <related jcr:primaryType="nt:unstructured"/>
    </jcr:content>
</jcr:root>
