<?xml version="1.0" encoding="UTF-8"?>
<jcr:root xmlns:jcr="http://www.jcp.org/jcr/1.0" xmlns:dam="http://www.day.com/dam/1.0" xmlns:nt="http://www.jcp.org/jcr/nt/1.0" xmlns:mix="http://www.jcp.org/jcr/mix/1.0" xmlns:cq="http://www.day.com/jcr/cq/1.0"
    jcr:isCheckedOut="{Boolean}true"
    jcr:mixinTypes="[cq:contentFragment,mix:referenceable,mix:versionable]"
    jcr:primaryType="dam:Asset"
    jcr:uuid="00d8d952-dd3e-4e4f-b50d-b850ac737de4">
    <jcr:content
        cq:isDelivered="{Boolean}false"
        cq:lastModified="{Date}2025-11-28T12:13:49.885Z"
        cq:lastModifiedBy="maripaul@eand.com"
        cq:lastReplicated="{Date}2025-12-12T11:08:27.477Z"
        cq:lastReplicated_publish="{Date}2025-12-12T11:08:27.477Z"
        cq:lastReplicatedBy="workflow-process-service"
        cq:lastReplicatedBy_publish="workflow-process-service"
        cq:lastReplicationAction="Activate"
        cq:lastReplicationAction_publish="Activate"
        cq:name="wi-fi-as-a-service"
        cq:parentPath="/content/dam/daas/cfm/header/mega-menu/fixed-services"
        jcr:lastModified="{Date}2025-03-11T09:40:03.569Z"
        jcr:lastModifiedBy="suvenkatachalam@eand.com"
        jcr:mixinTypes="[cq:ReplicationStatus,cq:ReplicationStatus2]"
        jcr:primaryType="dam:AssetContent"
        jcr:title="Wi-Fi as a Service"
        contentFragment="{Boolean}true"
        lastFragmentSave="{Date}2025-03-11T09:40:03.569Z">
        <data
            cq:model="/conf/daas/settings/dam/cfm/models/business-menu-generic-link"
            jcr:primaryType="nt:unstructured"
            _strucVersion="{Long}1">
            <master
                jcr:mixinTypes="[cq:Taggable,dam:cfVariationNode]"
                jcr:primaryType="nt:unstructured"
                actionImage_x0040_LastModified="{Date}2023-10-21T17:20:38.295Z"
                ctaText_x0040_LastModified="{Date}2023-10-21T17:20:38.295Z"
                linkType_x0040_LastModified="{Date}2023-10-21T17:20:38.295Z"
                sameTabOrNewTab="_self"
                sameTabOrNewTab_x0040_LastModified="{Date}2023-10-21T17:21:04.714Z"
                subDescription_x0040_LastModified="{Date}2023-10-21T17:20:38.295Z"
                subHeading="Wi-Fi as a Service"
                subHeading_x0040_LastModified="{Date}2023-10-21T17:21:04.714Z"
                subLink="#"
                subLink_x0040_LastModified="{Date}2023-10-21T17:21:04.714Z"/>
            <ar
                jcr:mixinTypes="[cq:Taggable,dam:cfVariationNode]"
                jcr:primaryType="nt:unstructured"
                _x0040_variationCreationDate="{Date}2023-10-21T17:21:10.333Z"
                actionImage_x0040_LastModified="{Date}2023-10-21T17:21:10.336Z"
                ctaText_x0040_LastModified="{Date}2023-10-21T17:21:10.335Z"
                linkType_x0040_LastModified="{Date}2023-10-21T17:21:10.335Z"
                sameTabOrNewTab="_self"
                sameTabOrNewTab_x0040_LastModified="{Date}2023-10-21T17:21:10.335Z"
                subDescription_x0040_LastModified="{Date}2023-10-21T17:21:10.335Z"
                subHeading="الواي فاي كخدمة"
                subHeading_x0040_LastModified="{Date}2025-03-11T09:39:53.066Z"
                subHeading_x0040_LastModifiedBy="suvenkatachalam@eand.com"
                subLink="#"
                subLink_x0040_LastModified="{Date}2023-10-21T17:21:29.422Z"/>
        </data>
        <indexedData jcr:primaryType="nt:unstructured">
            <master
                jcr:mixinTypes="[dam:IndexedFragmentData]"
                jcr:primaryType="nt:unstructured"
                jcr:uuid="3d147a23-77c3-4267-85aa-ce22aa3a2a09"
                _x0040_string_x0040_model="/conf/daas/settings/dam/cfm/models/business-menu-generic-link"
                _x0040_stringArray_x0040_variations="[ar]"
                string_x0040_sameTabOrNewTab="_self"
                string_x0040_subHeading="Wi-Fi as a Service"
                string_x0040_subLink="#"/>
            <ar
                jcr:mixinTypes="[dam:IndexedFragmentData]"
                jcr:primaryType="nt:unstructured"
                jcr:uuid="45c60948-6b8f-4acd-a53a-bce2511204ec"
                _x0040_string_x0040_model="/conf/daas/settings/dam/cfm/models/business-menu-generic-link"
                string_x0040_sameTabOrNewTab="_self"
                string_x0040_subHeading="الواي فاي كخدمة"
                string_x0040_subLink="#"/>
        </indexedData>
        <metadata
            jcr:mixinTypes="[cq:Taggable]"
            jcr:primaryType="nt:unstructured">
            <dam:cfVariations jcr:primaryType="nt:unstructured">
                <ar
                    jcr:mixinTypes="[cq:Taggable]"
                    jcr:primaryType="nt:unstructured"/>
            </dam:cfVariations>
        </metadata>
        <model jcr:primaryType="nt:unstructured">
            <variations jcr:primaryType="nt:unstructured">
                <ar
                    jcr:description="\0"
                    jcr:mixinTypes="[cq:Taggable]"
                    jcr:primaryType="nt:unstructured"
                    jcr:title="Ar"
                    name="ar">
                    <properties
                        jcr:primaryType="nt:unstructured"
                        synchronizeWithVersion="[subHeading:2aa05062-2265-4f47-a4cb-d702950b9fd1,subDescription:2aa05062-2265-4f47-a4cb-d702950b9fd1,linkType:2aa05062-2265-4f47-a4cb-d702950b9fd1,ctaText:2aa05062-2265-4f47-a4cb-d702950b9fd1,subLink:2aa05062-2265-4f47-a4cb-d702950b9fd1,sameTabOrNewTab:2aa05062-2265-4f47-a4cb-d702950b9fd1,actionImage:2aa05062-2265-4f47-a4cb-d702950b9fd1]"/>
                </ar>
            </variations>
        </model>
        <related jcr:primaryType="nt:unstructured"/>
    </jcr:content>
</jcr:root>
