<?xml version="1.0" encoding="UTF-8"?>
<jcr:root xmlns:jcr="http://www.jcp.org/jcr/1.0" xmlns:dam="http://www.day.com/dam/1.0" xmlns:nt="http://www.jcp.org/jcr/nt/1.0" xmlns:mix="http://www.jcp.org/jcr/mix/1.0" xmlns:cq="http://www.day.com/jcr/cq/1.0"
    jcr:isCheckedOut="{Boolean}true"
    jcr:mixinTypes="[mix:referenceable,mix:versionable]"
    jcr:primaryType="dam:Asset"
    jcr:uuid="73c34ee8-6b44-409f-935c-a013c198a5b5">
    <jcr:content
        cq:isDelivered="{Boolean}false"
        cq:lastModified="{Date}2023-10-22T07:44:32.995Z"
        cq:lastModifiedBy="azaraheem@etisalat.ae"
        cq:lastReplicated="{Date}2025-04-08T09:50:50.047Z"
        cq:lastReplicated_publish="{Date}2025-04-08T09:50:50.047Z"
        cq:lastReplicatedBy="workflow-process-service"
        cq:lastReplicatedBy_publish="workflow-process-service"
        cq:lastReplicationAction="Activate"
        cq:lastReplicationAction_publish="Activate"
        cq:name="quick-pay"
        cq:parentPath="/content/dam/cfm-etisalat/smb/footer-quicklinks/quick-links"
        jcr:lastModified="{Date}2025-03-12T09:30:12.280Z"
        jcr:lastModifiedBy="suvenkatachalam@eand.com"
        jcr:mixinTypes="[cq:ReplicationStatus,cq:ReplicationStatus2]"
        jcr:primaryType="dam:AssetContent"
        jcr:title="Quick Pay"
        contentFragment="{Boolean}true"
        lastFragmentSave="{Date}2025-03-12T09:30:12.280Z">
        <data
            cq:model="/conf/etisalat-business/settings/dam/cfm/models/business-menu-generic-link"
            jcr:primaryType="nt:unstructured"
            _strucVersion="{Long}1">
            <master
                jcr:mixinTypes="[cq:Taggable,dam:cfVariationNode]"
                jcr:primaryType="nt:unstructured"
                actionImage_x0040_LastModified="{Date}2023-10-21T20:43:44.646Z"
                ctaText_x0040_LastModified="{Date}2023-10-21T20:43:44.646Z"
                linkType_x0040_LastModified="{Date}2023-10-21T20:43:44.646Z"
                sameTabOrNewTab="_blank"
                sameTabOrNewTab_x0040_LastModified="{Date}2023-10-21T20:44:33.420Z"
                subDescription_x0040_LastModified="{Date}2023-10-21T20:43:44.646Z"
                subHeading="Quick Pay"
                subHeading_x0040_LastModified="{Date}2023-10-21T20:44:33.419Z"
                subLink="/b2bportal/quick-payment.html?locale=en"
                subLink_x0040_LastModified="{Date}2023-10-21T20:44:33.419Z"/>
            <ar
                jcr:mixinTypes="[cq:Taggable,dam:cfVariationNode]"
                jcr:primaryType="nt:unstructured"
                _x0040_variationCreationDate="{Date}2023-10-21T20:45:13.829Z"
                actionImage_x0040_LastModified="{Date}2023-10-21T20:45:13.831Z"
                ctaText_x0040_LastModified="{Date}2023-10-21T20:45:13.830Z"
                linkType_x0040_LastModified="{Date}2023-10-21T20:45:13.830Z"
                sameTabOrNewTab="_blank"
                sameTabOrNewTab_x0040_LastModified="{Date}2023-10-21T20:45:13.831Z"
                subDescription_x0040_LastModified="{Date}2023-10-21T20:45:13.830Z"
                subHeading="الدفع السريع"
                subHeading_x0040_LastModified="{Date}2025-03-12T09:29:59.671Z"
                subHeading_x0040_LastModifiedBy="suvenkatachalam@eand.com"
                subLink="/b2bportal/quick-payment.html?locale=ar"
                subLink_x0040_LastModified="{Date}2023-10-21T20:45:27.326Z"/>
        </data>
        <indexedData jcr:primaryType="nt:unstructured">
            <master
                jcr:mixinTypes="[dam:IndexedFragmentData]"
                jcr:primaryType="nt:unstructured"
                jcr:uuid="b61adb0d-ee0a-4a48-84b6-686cbdd62fa2"
                _x0040_string_x0040_model="/conf/etisalat-business/settings/dam/cfm/models/business-menu-generic-link"
                _x0040_stringArray_x0040_variations="[ar]"
                string_x0040_sameTabOrNewTab="_blank"
                string_x0040_subHeading="Quick Pay"
                string_x0040_subLink="/b2bportal/quick-payment.html?locale=en"/>
            <ar
                jcr:mixinTypes="[dam:IndexedFragmentData]"
                jcr:primaryType="nt:unstructured"
                jcr:uuid="bd3b7a77-29ce-4ab9-b8eb-b1483bbec605"
                _x0040_string_x0040_model="/conf/etisalat-business/settings/dam/cfm/models/business-menu-generic-link"
                string_x0040_sameTabOrNewTab="_blank"
                string_x0040_subHeading="الدفع السريع"
                string_x0040_subLink="/b2bportal/quick-payment.html?locale=ar"/>
        </indexedData>
        <metadata
            jcr:mixinTypes="[cq:Taggable]"
            jcr:primaryType="nt:unstructured">
            <dam:cfVariations jcr:primaryType="nt:unstructured">
                <ar
                    jcr:mixinTypes="[cq:Taggable]"
                    jcr:primaryType="nt:unstructured"/>
            </dam:cfVariations>
        </metadata>
        <model jcr:primaryType="nt:unstructured">
            <variations jcr:primaryType="nt:unstructured">
                <ar
                    jcr:description="\0"
                    jcr:mixinTypes="[cq:Taggable]"
                    jcr:primaryType="nt:unstructured"
                    jcr:title="Ar"
                    name="ar">
                    <properties
                        jcr:primaryType="nt:unstructured"
                        synchronizeWithVersion="[subHeading:4ec04c5e-c17a-43cd-b71b-f5ab05c3a8e3,subDescription:4ec04c5e-c17a-43cd-b71b-f5ab05c3a8e3,linkType:4ec04c5e-c17a-43cd-b71b-f5ab05c3a8e3,ctaText:4ec04c5e-c17a-43cd-b71b-f5ab05c3a8e3,subLink:4ec04c5e-c17a-43cd-b71b-f5ab05c3a8e3,sameTabOrNewTab:4ec04c5e-c17a-43cd-b71b-f5ab05c3a8e3,actionImage:4ec04c5e-c17a-43cd-b71b-f5ab05c3a8e3]"/>
                </ar>
            </variations>
        </model>
        <related jcr:primaryType="nt:unstructured"/>
    </jcr:content>
</jcr:root>
