<?xml version="1.0" encoding="UTF-8"?>
<jcr:root xmlns:jcr="http://www.jcp.org/jcr/1.0" xmlns:dam="http://www.day.com/dam/1.0" xmlns:nt="http://www.jcp.org/jcr/nt/1.0" xmlns:mix="http://www.jcp.org/jcr/mix/1.0" xmlns:cq="http://www.day.com/jcr/cq/1.0"
    jcr:isCheckedOut="{Boolean}true"
    jcr:mixinTypes="[mix:referenceable,mix:versionable]"
    jcr:primaryType="dam:Asset"
    jcr:uuid="6c4157ae-5332-47cf-8f20-0eeb2d3057c6">
    <jcr:content
        cq:isDelivered="{Boolean}false"
        cq:lastModified="{Date}2025-11-28T15:19:27.260+05:30"
        cq:lastModifiedBy="admin"
        cq:lastReplicationAction_publish="Activate"
        cq:name="quick-access"
        cq:parentPath="/content/dam/daas/cfm/footer"
        cq:versionCreator="admin"
        jcr:lastModified="{Date}2025-03-12T12:46:05.280Z"
        jcr:lastModifiedBy="suvenkatachalam@eand.com"
        jcr:mixinTypes="[cq:ReplicationStatus,cq:ReplicationStatus2]"
        jcr:primaryType="dam:AssetContent"
        jcr:title="QUICK ACCESS"
        contentFragment="{Boolean}true"
        lastFragmentSave="{Date}2025-03-12T12:46:05.280Z">
        <data
            cq:model="/conf/daas/settings/dam/cfm/models/business-footer-maintitle-section"
            jcr:primaryType="nt:unstructured"
            _strucVersion="{Long}1">
            <master
                jcr:mixinTypes="[cq:Taggable,dam:cfVariationNode]"
                jcr:primaryType="nt:unstructured"
                mainTitle="QUICK ACCESS"
                mainTitle_x0040_LastModified="{Date}2023-10-22T10:54:18.403Z"
                subsection="[/content/dam/daas/cfm/footer-quicklinks/quick-links/quick-pay,/content/dam/daas/cfm/footer-quicklinks/quick-links/account-renewal,/content/dam/daas/cfm/footer-quicklinks/quick-links/do-not-call-registry,/content/dam/daas/cfm/footer-quicklinks/quick-links/get-domain-names]"
                subsection_x0040_LastModified="{Date}2023-10-22T10:54:18.403Z">
                <card
                    jcr:primaryType="nt:unstructured"
                    assets="[]"
                    texts="[QUICK ACCESS]"/>
            </master>
            <ar
                jcr:mixinTypes="[cq:Taggable,dam:cfVariationNode]"
                jcr:primaryType="nt:unstructured"
                _x0040_variationCreationDate="{Date}2023-10-22T10:54:27.501Z"
                mainTitle="وصول سريع"
                mainTitle_x0040_LastModified="{Date}2023-10-22T10:54:37.764Z"
                subsection="[/content/dam/daas/cfm/footer-quicklinks/quick-links/quick-pay,/content/dam/daas/cfm/footer-quicklinks/quick-links/account-renewal,/content/dam/daas/cfm/footer-quicklinks/quick-links/do-not-call-registry,/content/dam/daas/cfm/footer-quicklinks/quick-links/get-domain-names]"
                subsection_x0040_LastModified="{Date}2023-10-22T10:54:27.502Z"/>
        </data>
        <indexedData jcr:primaryType="nt:unstructured">
            <master
                jcr:mixinTypes="[dam:IndexedFragmentData]"
                jcr:primaryType="nt:unstructured"
                jcr:uuid="4f5fd8d8-0028-4683-9948-176ac6277df3"
                _x0040_string_x0040_model="/conf/daas/settings/dam/cfm/models/business-footer-maintitle-section"
                _x0040_stringArray_x0040_variations="[ar]"
                string_x0040_mainTitle="QUICK ACCESS"/>
            <ar
                jcr:mixinTypes="[dam:IndexedFragmentData]"
                jcr:primaryType="nt:unstructured"
                jcr:uuid="2b58faae-6999-49e3-9cfa-3a1749f8fbef"
                _x0040_string_x0040_model="/conf/daas/settings/dam/cfm/models/business-footer-maintitle-section"
                string_x0040_mainTitle="وصول سريع"/>
        </indexedData>
        <metadata
            jcr:mixinTypes="[cq:Taggable]"
            jcr:primaryType="nt:unstructured">
            <dam:cfVariations jcr:primaryType="nt:unstructured">
                <ar
                    jcr:mixinTypes="[cq:Taggable]"
                    jcr:primaryType="nt:unstructured"/>
            </dam:cfVariations>
        </metadata>
        <model jcr:primaryType="nt:unstructured">
            <variations jcr:primaryType="nt:unstructured">
                <ar
                    jcr:description="\0"
                    jcr:mixinTypes="[cq:Taggable]"
                    jcr:primaryType="nt:unstructured"
                    jcr:title="Ar"
                    name="ar">
                    <properties
                        jcr:primaryType="nt:unstructured"
                        synchronizeWithVersion="[mainTitle:933e9cc0-b90d-4a1c-9da9-943c2ba12a1d,subsection:933e9cc0-b90d-4a1c-9da9-943c2ba12a1d]"/>
                </ar>
            </variations>
        </model>
        <related jcr:primaryType="nt:unstructured"/>
    </jcr:content>
</jcr:root>
