<?xml version="1.0" encoding="UTF-8"?>
<jcr:root xmlns:jcr="http://www.jcp.org/jcr/1.0" xmlns:dam="http://www.day.com/dam/1.0" xmlns:nt="http://www.jcp.org/jcr/nt/1.0" xmlns:mix="http://www.jcp.org/jcr/mix/1.0" xmlns:cq="http://www.day.com/jcr/cq/1.0"
    jcr:isCheckedOut="{Boolean}true"
    jcr:mixinTypes="[cq:contentFragment,mix:referenceable,mix:versionable]"
    jcr:primaryType="dam:Asset"
    jcr:uuid="85e685cb-6bf1-4af8-ba59-b00c7a758c75">
    <jcr:content
        cq:isDelivered="{Boolean}false"
        cq:lastModified="{Date}2025-11-28T12:13:52.672Z"
        cq:lastModifiedBy="maripaul@eand.com"
        cq:lastReplicated="{Date}2025-12-12T11:08:37.533Z"
        cq:lastReplicated_publish="{Date}2025-12-12T11:08:37.533Z"
        cq:lastReplicatedBy="workflow-process-service"
        cq:lastReplicatedBy_publish="workflow-process-service"
        cq:lastReplicationAction="Activate"
        cq:lastReplicationAction_publish="Activate"
        cq:name="product-promo-section"
        cq:parentPath="/content/dam/daas/cfm/header/mega-menu/promo-section"
        jcr:lastModified="{Date}2025-03-11T23:33:02.770Z"
        jcr:lastModifiedBy="suvenkatachalam@eand.com"
        jcr:mixinTypes="[cq:ReplicationStatus,cq:ReplicationStatus2]"
        jcr:primaryType="dam:AssetContent"
        jcr:title="Product Promo Section"
        contentFragment="{Boolean}true"
        lastFragmentSave="{Date}2025-03-11T23:33:02.770Z">
        <data
            cq:model="/conf/daas/settings/dam/cfm/models/business-menu-promo-section"
            jcr:primaryType="nt:unstructured"
            _strucVersion="{Long}1">
            <master
                jcr:mixinTypes="[cq:Taggable,dam:cfVariationNode]"
                jcr:primaryType="nt:unstructured"
                promoImageSection="[/content/dam/daas/cfm/header/images/mobile-devices-menu.jpg]"
                promoImageSection_x0040_LastModified="{Date}2025-03-11T23:32:50.734Z"
                promoImageSection_x0040_LastModifiedBy="suvenkatachalam@eand.com"
                promoTextSection="/content/dam/daas/cfm/header/mega-menu/promo-section/product-promo-text-section"
                promoTextSection_x0040_LastModified="{Date}2023-10-21T18:16:21.026Z"/>
            <ar
                jcr:mixinTypes="[cq:Taggable,dam:cfVariationNode]"
                jcr:primaryType="nt:unstructured"
                _x0040_variationCreationDate="{Date}2023-10-21T18:16:25.935Z"
                promoImageSection="[/content/dam/daas/cfm/header/images/mobile-devices-menu.jpg]"
                promoImageSection_x0040_LastModified="{Date}2025-03-11T23:33:02.558Z"
                promoImageSection_x0040_LastModifiedBy="suvenkatachalam@eand.com"
                promoTextSection="/content/dam/daas/cfm/header/mega-menu/promo-section/product-promo-text-section"
                promoTextSection_x0040_LastModified="{Date}2023-10-21T18:16:25.937Z"/>
        </data>
        <indexedData jcr:primaryType="nt:unstructured">
            <master
                jcr:mixinTypes="[dam:IndexedFragmentData]"
                jcr:primaryType="nt:unstructured"
                jcr:uuid="f89ebbc1-7ac3-4c9e-9d20-907f0e35c88c"
                _x0040_string_x0040_model="/conf/daas/settings/dam/cfm/models/business-menu-promo-section"
                _x0040_stringArray_x0040_variations="[ar]"/>
            <ar
                jcr:mixinTypes="[dam:IndexedFragmentData]"
                jcr:primaryType="nt:unstructured"
                jcr:uuid="014dd476-328f-42ca-bfb3-d21adce5f9bf"
                _x0040_string_x0040_model="/conf/daas/settings/dam/cfm/models/business-menu-promo-section"/>
        </indexedData>
        <metadata
            jcr:mixinTypes="[cq:Taggable]"
            jcr:primaryType="nt:unstructured">
            <dam:cfVariations jcr:primaryType="nt:unstructured">
                <ar
                    jcr:mixinTypes="[cq:Taggable]"
                    jcr:primaryType="nt:unstructured"/>
            </dam:cfVariations>
        </metadata>
        <model jcr:primaryType="nt:unstructured">
            <variations jcr:primaryType="nt:unstructured">
                <ar
                    jcr:description="\0"
                    jcr:mixinTypes="[cq:Taggable]"
                    jcr:primaryType="nt:unstructured"
                    jcr:title="Ar"
                    name="ar">
                    <properties
                        jcr:primaryType="nt:unstructured"
                        synchronizeWithVersion="[promoTextSection:04b81ca8-6dc1-4799-a86e-294f4fb20658,promoImageSection:04b81ca8-6dc1-4799-a86e-294f4fb20658]"/>
                </ar>
            </variations>
        </model>
        <related jcr:primaryType="nt:unstructured"/>
    </jcr:content>
</jcr:root>
