<?xml version="1.0" encoding="UTF-8"?>
<jcr:root xmlns:jcr="http://www.jcp.org/jcr/1.0" xmlns:dam="http://www.day.com/dam/1.0" xmlns:nt="http://www.jcp.org/jcr/nt/1.0" xmlns:mix="http://www.jcp.org/jcr/mix/1.0" xmlns:cq="http://www.day.com/jcr/cq/1.0"
    jcr:isCheckedOut="{Boolean}true"
    jcr:mixinTypes="[cq:contentFragment,mix:referenceable,mix:versionable]"
    jcr:primaryType="dam:Asset"
    jcr:uuid="da9f1f70-5bc8-443c-9b30-3e1962eea165">
    <jcr:content
        cq:isDelivered="{Boolean}false"
        cq:lastModified="{Date}2025-11-28T12:13:52.898Z"
        cq:lastModifiedBy="maripaul@eand.com"
        cq:lastReplicated="{Date}2025-12-12T11:08:37.533Z"
        cq:lastReplicated_publish="{Date}2025-12-12T11:08:37.533Z"
        cq:lastReplicatedBy="workflow-process-service"
        cq:lastReplicatedBy_publish="workflow-process-service"
        cq:lastReplicationAction="Activate"
        cq:lastReplicationAction_publish="Activate"
        cq:name="resources-promo-section"
        cq:parentPath="/content/dam/daas/cfm/header/mega-menu/promo-section"
        jcr:lastModified="{Date}2025-03-11T23:23:45.624Z"
        jcr:lastModifiedBy="suvenkatachalam@eand.com"
        jcr:mixinTypes="[cq:ReplicationStatus,cq:ReplicationStatus2]"
        jcr:primaryType="dam:AssetContent"
        jcr:title="Resources Promo Section"
        contentFragment="{Boolean}true"
        lastFragmentSave="{Date}2025-03-11T23:23:45.624Z">
        <data
            cq:model="/conf/daas/settings/dam/cfm/models/business-menu-promo-section"
            jcr:primaryType="nt:unstructured"
            _strucVersion="{Long}1">
            <master
                jcr:mixinTypes="[cq:Taggable,dam:cfVariationNode]"
                jcr:primaryType="nt:unstructured"
                promoImageSection="[/content/dam/daas/cfm/header/images/evernts-menu.jpg]"
                promoImageSection_x0040_LastModified="{Date}2023-10-21T20:15:43.195Z"
                promoTextSection="/content/dam/daas/cfm/header/mega-menu/promo-section/resources-promo-text-sec"
                promoTextSection_x0040_LastModified="{Date}2023-10-21T20:15:18.634Z"/>
            <ar
                jcr:mixinTypes="[cq:Taggable,dam:cfVariationNode]"
                jcr:primaryType="nt:unstructured"
                _x0040_variationCreationDate="{Date}2023-10-21T20:15:48.264Z"
                promoImageSection="[/content/dam/daas/cfm/header/images/evernts-menu.jpg]"
                promoImageSection_x0040_LastModified="{Date}2023-10-21T20:15:48.265Z"
                promoTextSection="/content/dam/daas/cfm/header/mega-menu/promo-section/resources-promo-text-sec"
                promoTextSection_x0040_LastModified="{Date}2023-10-21T20:15:48.265Z"/>
        </data>
        <indexedData jcr:primaryType="nt:unstructured">
            <master
                jcr:mixinTypes="[dam:IndexedFragmentData]"
                jcr:primaryType="nt:unstructured"
                jcr:uuid="44e3b5d8-b60c-47a2-bbfa-752181016bf0"
                _x0040_string_x0040_model="/conf/daas/settings/dam/cfm/models/business-menu-promo-section"
                _x0040_stringArray_x0040_variations="[ar]"/>
            <ar
                jcr:mixinTypes="[dam:IndexedFragmentData]"
                jcr:primaryType="nt:unstructured"
                jcr:uuid="f550b81d-2f7c-4075-be0b-517a597b62d8"
                _x0040_string_x0040_model="/conf/daas/settings/dam/cfm/models/business-menu-promo-section"/>
        </indexedData>
        <metadata
            jcr:mixinTypes="[cq:Taggable]"
            jcr:primaryType="nt:unstructured"/>
        <model jcr:primaryType="nt:unstructured">
            <variations jcr:primaryType="nt:unstructured">
                <ar
                    jcr:description="\0"
                    jcr:mixinTypes="[cq:Taggable]"
                    jcr:primaryType="nt:unstructured"
                    jcr:title="Ar"
                    name="ar">
                    <properties
                        jcr:primaryType="nt:unstructured"
                        synchronizeWithVersion="[promoTextSection:49a40da1-0e48-4f56-8344-f901a8b635a0,promoImageSection:49a40da1-0e48-4f56-8344-f901a8b635a0]"/>
                </ar>
            </variations>
        </model>
        <related jcr:primaryType="nt:unstructured"/>
    </jcr:content>
</jcr:root>
