<?xml version="1.0" encoding="UTF-8"?>
<jcr:root xmlns:jcr="http://www.jcp.org/jcr/1.0" xmlns:dam="http://www.day.com/dam/1.0" xmlns:nt="http://www.jcp.org/jcr/nt/1.0" xmlns:mix="http://www.jcp.org/jcr/mix/1.0" xmlns:cq="http://www.day.com/jcr/cq/1.0"
    jcr:isCheckedOut="{Boolean}true"
    jcr:mixinTypes="[cq:contentFragment,mix:referenceable,mix:versionable]"
    jcr:primaryType="dam:Asset"
    jcr:uuid="26880934-b732-4806-b414-05ca67a35d62">
    <jcr:content
        cq:isDelivered="{Boolean}false"
        cq:lastModified="{Date}2025-11-28T15:48:24.099+05:30"
        cq:lastModifiedBy="admin"
        cq:lastReplicated="{Date}2025-12-12T11:20:32.796Z"
        cq:lastReplicated_publish="{Date}2025-12-12T11:20:32.796Z"
        cq:lastReplicatedBy="workflow-process-service"
        cq:lastReplicatedBy_publish="workflow-process-service"
        cq:lastReplicationAction="Activate"
        cq:lastReplicationAction_publish="Activate"
        cq:name="about-us"
        cq:parentPath="/content/dam/daas/cfm/footer-quicklinks/bottom"
        jcr:lastModified="{Date}2025-12-12T11:16:48.511Z"
        jcr:lastModifiedBy="amaidheen@eand.com"
        jcr:mixinTypes="[cq:ReplicationStatus,cq:ReplicationStatus2]"
        jcr:primaryType="dam:AssetContent"
        jcr:title="About Us"
        contentFragment="{Boolean}true"
        lastFragmentSave="{Date}2025-12-12T11:16:48.511Z">
        <data
            cq:model="/conf/daas/settings/dam/cfm/models/business-menu-generic-link"
            jcr:primaryType="nt:unstructured"
            _strucVersion="{Long}1">
            <master
                jcr:mixinTypes="[cq:Taggable,dam:cfVariationNode]"
                jcr:primaryType="nt:unstructured"
                actionImage_x0040_LastModified="{Date}2023-10-22T07:45:40.214Z"
                ctaText_x0040_LastModified="{Date}2023-10-22T07:45:40.214Z"
                linkType_x0040_LastModified="{Date}2023-10-22T07:45:40.214Z"
                sameTabOrNewTab="_self"
                sameTabOrNewTab_x0040_LastModified="{Date}2023-10-22T10:28:57.294Z"
                subDescription_x0040_LastModified="{Date}2023-10-22T07:45:40.214Z"
                subHeading="About Us"
                subHeading_x0040_LastModified="{Date}2023-10-22T10:28:57.293Z"
                subLink="https://www.etisalat.ae/en/smb/footer/about-us.html"
                subLink_x0040_LastModified="{Date}2025-12-12T11:16:35.707Z"
                subLink_x0040_LastModifiedBy="amaidheen@eand.com">
                <card
                    jcr:primaryType="nt:unstructured"
                    assets="[]"
                    texts="[About Us,https://www.etisalat.ae/en/smb/footer/about-us.html]"/>
            </master>
            <ar
                jcr:mixinTypes="[cq:Taggable,dam:cfVariationNode]"
                jcr:primaryType="nt:unstructured"
                _x0040_variationCreationDate="{Date}2023-10-22T10:29:02.668Z"
                actionImage_x0040_LastModified="{Date}2023-10-22T10:29:02.671Z"
                ctaText_x0040_LastModified="{Date}2023-10-22T10:29:02.670Z"
                linkType_x0040_LastModified="{Date}2023-10-22T10:29:02.670Z"
                sameTabOrNewTab="_self"
                sameTabOrNewTab_x0040_LastModified="{Date}2023-10-22T10:29:02.670Z"
                subDescription_x0040_LastModified="{Date}2023-10-22T10:29:02.670Z"
                subHeading="عن اتصالات "
                subHeading_x0040_LastModified="{Date}2023-10-22T10:29:38.110Z"
                subLink="https://www.etisalat.ae/en/smb/footer/about-us.html"
                subLink_x0040_LastModified="{Date}2025-12-12T11:16:48.336Z"
                subLink_x0040_LastModifiedBy="amaidheen@eand.com"/>
        </data>
        <indexedData jcr:primaryType="nt:unstructured">
            <master
                jcr:mixinTypes="[dam:IndexedFragmentData]"
                jcr:primaryType="nt:unstructured"
                jcr:uuid="1c4aebf8-a041-4a48-92be-7ce8ff496769"
                _x0040_string_x0040_model="/conf/daas/settings/dam/cfm/models/business-menu-generic-link"
                _x0040_stringArray_x0040_variations="[ar]"
                string_x0040_sameTabOrNewTab="_self"
                string_x0040_subHeading="About Us"
                string_x0040_subLink="https://www.etisalat.ae/en/smb/footer/about-us.html"/>
            <ar
                jcr:mixinTypes="[dam:IndexedFragmentData]"
                jcr:primaryType="nt:unstructured"
                jcr:uuid="d9f4f79c-ae70-45ff-8ef3-324616bfeabb"
                _x0040_string_x0040_model="/conf/daas/settings/dam/cfm/models/business-menu-generic-link"
                string_x0040_sameTabOrNewTab="_self"
                string_x0040_subHeading="عن اتصالات "
                string_x0040_subLink="https://www.etisalat.ae/en/smb/footer/about-us.html"/>
        </indexedData>
        <metadata
            jcr:mixinTypes="[cq:Taggable]"
            jcr:primaryType="nt:unstructured">
            <dam:cfVariations jcr:primaryType="nt:unstructured">
                <ar
                    jcr:mixinTypes="[cq:Taggable]"
                    jcr:primaryType="nt:unstructured"/>
            </dam:cfVariations>
        </metadata>
        <model jcr:primaryType="nt:unstructured">
            <variations jcr:primaryType="nt:unstructured">
                <ar
                    jcr:description="\0"
                    jcr:mixinTypes="[cq:Taggable]"
                    jcr:primaryType="nt:unstructured"
                    jcr:title="Ar"
                    name="ar">
                    <properties
                        jcr:primaryType="nt:unstructured"
                        synchronizeWithVersion="[subHeading:bc9a5ded-26ed-41db-b04e-6731d9b7bdac,subDescription:bc9a5ded-26ed-41db-b04e-6731d9b7bdac,linkType:bc9a5ded-26ed-41db-b04e-6731d9b7bdac,ctaText:bc9a5ded-26ed-41db-b04e-6731d9b7bdac,subLink:bc9a5ded-26ed-41db-b04e-6731d9b7bdac,sameTabOrNewTab:bc9a5ded-26ed-41db-b04e-6731d9b7bdac,actionImage:bc9a5ded-26ed-41db-b04e-6731d9b7bdac]"/>
                </ar>
            </variations>
        </model>
        <related jcr:primaryType="nt:unstructured"/>
    </jcr:content>
</jcr:root>
