<?xml version="1.0" encoding="UTF-8"?>
<jcr:root xmlns:jcr="http://www.jcp.org/jcr/1.0" xmlns:dam="http://www.day.com/dam/1.0" xmlns:nt="http://www.jcp.org/jcr/nt/1.0" xmlns:mix="http://www.jcp.org/jcr/mix/1.0" xmlns:cq="http://www.day.com/jcr/cq/1.0"
    jcr:isCheckedOut="{Boolean}true"
    jcr:mixinTypes="[cq:contentFragment,mix:referenceable,mix:versionable]"
    jcr:primaryType="dam:Asset"
    jcr:uuid="1e63327f-c7e3-43f5-8c84-69e49ec2f331">
    <jcr:content
        cq:isDelivered="{Boolean}false"
        cq:lastModified="{Date}2025-11-28T12:13:37.658Z"
        cq:lastModifiedBy="maripaul@eand.com"
        cq:lastReplicated="{Date}2025-12-12T11:08:37.533Z"
        cq:lastReplicated_publish="{Date}2025-12-12T11:08:37.533Z"
        cq:lastReplicatedBy="workflow-process-service"
        cq:lastReplicatedBy_publish="workflow-process-service"
        cq:lastReplicationAction="Activate"
        cq:lastReplicationAction_publish="Activate"
        cq:name="quick-pay-recharge"
        cq:parentPath="/content/dam/daas/cfm/header/top-navigation"
        jcr:lastModified="{Date}2025-12-11T13:50:41.228Z"
        jcr:lastModifiedBy="amaidheen@eand.com"
        jcr:mixinTypes="[cq:ReplicationStatus,cq:ReplicationStatus2]"
        jcr:primaryType="dam:AssetContent"
        jcr:title="Quick Pay/Recharge"
        contentFragment="{Boolean}true"
        lastFragmentSave="{Date}2025-12-11T13:50:41.228Z">
        <data
            cq:model="/conf/daas/settings/dam/cfm/models/business-menu-generic-link"
            jcr:primaryType="nt:unstructured"
            _strucVersion="{Long}1">
            <master
                jcr:mixinTypes="[cq:Taggable,dam:cfVariationNode]"
                jcr:primaryType="nt:unstructured"
                actionImage="/content/dam/daas/cfm/header/images/quickpay.svg"
                actionImage_x0040_LastModified="{Date}2025-03-13T08:08:04.669Z"
                actionImage_x0040_LastModifiedBy="suvenkatachalam@eand.com"
                ctaText_x0040_LastModified="{Date}2023-10-21T12:03:53.282Z"
                linkType_x0040_LastModified="{Date}2023-10-21T12:03:53.282Z"
                sameTabOrNewTab="_self"
                sameTabOrNewTab_x0040_LastModified="{Date}2023-10-21T12:04:54.245Z"
                subDescription_x0040_LastModified="{Date}2023-10-21T12:03:53.282Z"
                subHeading="Quickpay &amp; Recharge"
                subHeading_x0040_LastModified="{Date}2025-03-13T07:31:48.969Z"
                subHeading_x0040_LastModifiedBy="suvenkatachalam@eand.com"
                subLink="https://www.etisalat.ae/b2bportal/quick-payment.html?locale=en"
                subLink_x0040_LastModified="{Date}2025-12-11T13:50:30.648Z"
                subLink_x0040_LastModifiedBy="amaidheen@eand.com">
                <card
                    jcr:primaryType="nt:unstructured"
                    assets="[&quot;/content/dam/daas/cfm/header/images/quickpay.svg&quot;]"
                    texts="[Quickpay &amp; Recharge,#?locale=en]"/>
            </master>
            <ar
                jcr:mixinTypes="[cq:Taggable,dam:cfVariationNode]"
                jcr:primaryType="nt:unstructured"
                _x0040_variationCreationDate="{Date}2023-10-21T12:05:00.064Z"
                actionImage="/content/dam/daas/cfm/header/images/quickpay.svg"
                actionImage_x0040_LastModified="{Date}2025-03-13T08:08:16.695Z"
                actionImage_x0040_LastModifiedBy="suvenkatachalam@eand.com"
                ctaText_x0040_LastModified="{Date}2023-10-21T12:05:00.066Z"
                linkType_x0040_LastModified="{Date}2023-10-21T12:05:00.065Z"
                sameTabOrNewTab="_self"
                sameTabOrNewTab_x0040_LastModified="{Date}2023-10-21T12:05:00.066Z"
                subDescription_x0040_LastModified="{Date}2023-10-21T12:05:00.065Z"
                subHeading="الدفع السريع"
                subHeading_x0040_LastModified="{Date}2023-10-21T12:05:42.520Z"
                subLink="https://www.etisalat.ae/b2bportal/quick-payment.html?locale=ar"
                subLink_x0040_LastModified="{Date}2025-12-11T13:50:41.051Z"
                subLink_x0040_LastModifiedBy="amaidheen@eand.com"/>
        </data>
        <indexedData jcr:primaryType="nt:unstructured">
            <master
                jcr:mixinTypes="[dam:IndexedFragmentData]"
                jcr:primaryType="nt:unstructured"
                jcr:uuid="7b74aa67-1e0e-431d-81a0-3d7015c4b89b"
                _x0040_string_x0040_model="/conf/daas/settings/dam/cfm/models/business-menu-generic-link"
                _x0040_stringArray_x0040_variations="[ar]"
                string_x0040_sameTabOrNewTab="_self"
                string_x0040_subHeading="Quickpay &amp; Recharge"
                string_x0040_subLink="https://www.etisalat.ae/b2bportal/quick-payment.html?locale=en"/>
            <ar
                jcr:mixinTypes="[dam:IndexedFragmentData]"
                jcr:primaryType="nt:unstructured"
                jcr:uuid="74be6880-796b-4b96-928b-7874b8175a37"
                _x0040_string_x0040_model="/conf/daas/settings/dam/cfm/models/business-menu-generic-link"
                string_x0040_sameTabOrNewTab="_self"
                string_x0040_subHeading="الدفع السريع"
                string_x0040_subLink="https://www.etisalat.ae/b2bportal/quick-payment.html?locale=ar"/>
        </indexedData>
        <metadata
            jcr:mixinTypes="[cq:Taggable]"
            jcr:primaryType="nt:unstructured">
            <dam:cfVariations jcr:primaryType="nt:unstructured">
                <ar
                    jcr:mixinTypes="[cq:Taggable]"
                    jcr:primaryType="nt:unstructured"/>
            </dam:cfVariations>
        </metadata>
        <model jcr:primaryType="nt:unstructured">
            <variations jcr:primaryType="nt:unstructured">
                <ar
                    jcr:description="\0"
                    jcr:mixinTypes="[cq:Taggable]"
                    jcr:primaryType="nt:unstructured"
                    jcr:title="Ar"
                    name="ar">
                    <properties
                        jcr:primaryType="nt:unstructured"
                        synchronizeWithVersion="[subHeading:09a19402-8adb-4234-a097-79df3709c0e6,subDescription:09a19402-8adb-4234-a097-79df3709c0e6,linkType:09a19402-8adb-4234-a097-79df3709c0e6,ctaText:09a19402-8adb-4234-a097-79df3709c0e6,subLink:09a19402-8adb-4234-a097-79df3709c0e6,sameTabOrNewTab:09a19402-8adb-4234-a097-79df3709c0e6,actionImage:09a19402-8adb-4234-a097-79df3709c0e6]"/>
                </ar>
            </variations>
        </model>
        <related jcr:primaryType="nt:unstructured"/>
    </jcr:content>
</jcr:root>
