<?xml version="1.0" encoding="UTF-8"?>
<jcr:root xmlns:jcr="http://www.jcp.org/jcr/1.0" xmlns:dam="http://www.day.com/dam/1.0" xmlns:nt="http://www.jcp.org/jcr/nt/1.0" xmlns:mix="http://www.jcp.org/jcr/mix/1.0" xmlns:cq="http://www.day.com/jcr/cq/1.0"
    jcr:isCheckedOut="{Boolean}true"
    jcr:mixinTypes="[mix:referenceable,mix:versionable]"
    jcr:primaryType="dam:Asset"
    jcr:uuid="97436f36-263b-49ec-bb1f-f3013c8be670">
    <jcr:content
        cq:isDelivered="{Boolean}false"
        cq:lastModified="{Date}2025-11-28T15:48:23.186+05:30"
        cq:lastModifiedBy="admin"
        cq:lastReplicationAction_publish="Activate"
        cq:name="payment-4"
        cq:parentPath="/content/dam/daas/cfm/footer-quicklinks/patners"
        jcr:lastModified="{Date}2025-03-13T06:00:20.756Z"
        jcr:lastModifiedBy="suvenkatachalam@eand.com"
        jcr:mixinTypes="[cq:ReplicationStatus,cq:ReplicationStatus2]"
        jcr:primaryType="dam:AssetContent"
        jcr:title="Payment 4"
        contentFragment="{Boolean}true"
        lastFragmentSave="{Date}2025-03-13T06:00:20.756Z">
        <data
            cq:model="/conf/daas/settings/dam/cfm/models/business-menu-generic-link"
            jcr:primaryType="nt:unstructured"
            _strucVersion="{Long}1">
            <master
                jcr:mixinTypes="[cq:Taggable,dam:cfVariationNode]"
                jcr:primaryType="nt:unstructured"
                actionImage="/content/dam/etisalat/business-images/smb/2023/footer/footer-icons/etisalat-credit-card.svg"
                actionImage_x0040_LastModified="{Date}2025-03-13T06:00:13.884Z"
                actionImage_x0040_LastModifiedBy="suvenkatachalam@eand.com"
                ctaText_x0040_LastModified="{Date}2023-10-22T10:26:59.350Z"
                linkType_x0040_LastModified="{Date}2023-10-22T10:26:59.350Z"
                sameTabOrNewTab_x0040_LastModified="{Date}2023-10-22T10:26:59.350Z"
                subDescription_x0040_LastModified="{Date}2023-10-22T10:26:59.350Z"
                subHeading_x0040_LastModified="{Date}2023-10-22T10:26:59.350Z"
                subLink_x0040_LastModified="{Date}2023-10-22T10:26:59.350Z"/>
            <ar
                jcr:mixinTypes="[cq:Taggable,dam:cfVariationNode]"
                jcr:primaryType="nt:unstructured"
                _x0040_variationCreationDate="{Date}2023-10-22T10:27:19.815Z"
                actionImage="/content/dam/etisalat/business-images/smb/2023/footer/footer-icons/etisalat-credit-card.svg"
                actionImage_x0040_LastModified="{Date}2025-03-13T06:00:20.502Z"
                actionImage_x0040_LastModifiedBy="suvenkatachalam@eand.com"
                ctaText_x0040_LastModified="{Date}2023-10-22T10:27:19.816Z"
                linkType_x0040_LastModified="{Date}2023-10-22T10:27:19.816Z"
                sameTabOrNewTab_x0040_LastModified="{Date}2023-10-22T10:27:19.817Z"
                subDescription_x0040_LastModified="{Date}2023-10-22T10:27:19.816Z"
                subHeading_x0040_LastModified="{Date}2023-10-22T10:27:19.816Z"
                subLink_x0040_LastModified="{Date}2023-10-22T10:27:19.817Z"/>
        </data>
        <indexedData jcr:primaryType="nt:unstructured">
            <master
                jcr:mixinTypes="[dam:IndexedFragmentData]"
                jcr:primaryType="nt:unstructured"
                jcr:uuid="4157358b-8d5d-4197-8520-5070f39d4196"
                _x0040_string_x0040_model="/conf/daas/settings/dam/cfm/models/business-menu-generic-link"
                _x0040_stringArray_x0040_variations="[ar]"/>
            <ar
                jcr:mixinTypes="[dam:IndexedFragmentData]"
                jcr:primaryType="nt:unstructured"
                jcr:uuid="37f30130-0861-4b90-a0b1-afd11daa1c9b"
                _x0040_string_x0040_model="/conf/daas/settings/dam/cfm/models/business-menu-generic-link"/>
        </indexedData>
        <metadata
            jcr:mixinTypes="[cq:Taggable]"
            jcr:primaryType="nt:unstructured">
            <dam:cfVariations jcr:primaryType="nt:unstructured">
                <ar
                    jcr:mixinTypes="[cq:Taggable]"
                    jcr:primaryType="nt:unstructured"/>
            </dam:cfVariations>
        </metadata>
        <model jcr:primaryType="nt:unstructured">
            <variations jcr:primaryType="nt:unstructured">
                <ar
                    jcr:description="\0"
                    jcr:mixinTypes="[cq:Taggable]"
                    jcr:primaryType="nt:unstructured"
                    jcr:title="Ar"
                    name="ar">
                    <properties
                        jcr:primaryType="nt:unstructured"
                        synchronizeWithVersion="[subHeading:ff6bf5a6-576b-418b-af2f-cd5112fcdc3f,subDescription:ff6bf5a6-576b-418b-af2f-cd5112fcdc3f,linkType:ff6bf5a6-576b-418b-af2f-cd5112fcdc3f,ctaText:ff6bf5a6-576b-418b-af2f-cd5112fcdc3f,subLink:ff6bf5a6-576b-418b-af2f-cd5112fcdc3f,sameTabOrNewTab:ff6bf5a6-576b-418b-af2f-cd5112fcdc3f,actionImage:ff6bf5a6-576b-418b-af2f-cd5112fcdc3f]"/>
                </ar>
            </variations>
        </model>
        <related jcr:primaryType="nt:unstructured"/>
    </jcr:content>
</jcr:root>
