<?xml version="1.0" encoding="UTF-8"?>
<jcr:root xmlns:jcr="http://www.jcp.org/jcr/1.0" xmlns:dam="http://www.day.com/dam/1.0" xmlns:nt="http://www.jcp.org/jcr/nt/1.0" xmlns:mix="http://www.jcp.org/jcr/mix/1.0" xmlns:cq="http://www.day.com/jcr/cq/1.0"
    jcr:isCheckedOut="{Boolean}true"
    jcr:mixinTypes="[cq:contentFragment,mix:referenceable,mix:versionable]"
    jcr:primaryType="dam:Asset"
    jcr:uuid="3bc8c1ae-5674-431c-983b-958e8394fbe3">
    <jcr:content
        cq:isDelivered="{Boolean}false"
        cq:lastModified="{Date}2025-11-28T12:13:53.625Z"
        cq:lastModifiedBy="maripaul@eand.com"
        cq:lastReplicated="{Date}2025-12-12T11:08:37.533Z"
        cq:lastReplicated_publish="{Date}2025-12-12T11:08:37.533Z"
        cq:lastReplicatedBy="workflow-process-service"
        cq:lastReplicatedBy_publish="workflow-process-service"
        cq:lastReplicationAction="Activate"
        cq:lastReplicationAction_publish="Activate"
        cq:name="do-not-call-registry"
        cq:parentPath="/content/dam/daas/cfm/header/mega-menu/mega-menu-footer"
        jcr:lastModified="{Date}2023-10-21T18:26:31.974Z"
        jcr:lastModifiedBy="azaraheem@etisalat.ae"
        jcr:mixinTypes="[cq:ReplicationStatus,cq:ReplicationStatus2]"
        jcr:primaryType="dam:AssetContent"
        jcr:title="Do Not Call Registry"
        contentFragment="{Boolean}true"
        lastFragmentSave="{Date}2023-10-21T18:26:31.974Z">
        <data
            cq:model="/conf/daas/settings/dam/cfm/models/business-menu-generic-link"
            jcr:primaryType="nt:unstructured"
            _strucVersion="{Long}1">
            <master
                jcr:mixinTypes="[cq:Taggable,dam:cfVariationNode]"
                jcr:primaryType="nt:unstructured"
                actionImage_x0040_LastModified="{Date}2023-10-21T18:25:53.890Z"
                ctaText_x0040_LastModified="{Date}2023-10-21T18:25:53.890Z"
                linkType_x0040_LastModified="{Date}2023-10-21T18:25:53.890Z"
                sameTabOrNewTab="_self"
                sameTabOrNewTab_x0040_LastModified="{Date}2023-10-21T18:26:12.296Z"
                subDescription_x0040_LastModified="{Date}2023-10-21T18:25:53.890Z"
                subHeading="Do Not Call Registry"
                subHeading_x0040_LastModified="{Date}2023-10-21T18:26:12.294Z"
                subLink="#"
                subLink_x0040_LastModified="{Date}2023-10-21T18:26:12.295Z"/>
            <ar
                jcr:mixinTypes="[cq:Taggable,dam:cfVariationNode]"
                jcr:primaryType="nt:unstructured"
                _x0040_variationCreationDate="{Date}2023-10-21T18:26:17.296Z"
                actionImage_x0040_LastModified="{Date}2023-10-21T18:26:17.298Z"
                ctaText_x0040_LastModified="{Date}2023-10-21T18:26:17.297Z"
                linkType_x0040_LastModified="{Date}2023-10-21T18:26:17.297Z"
                sameTabOrNewTab="_self"
                sameTabOrNewTab_x0040_LastModified="{Date}2023-10-21T18:26:17.298Z"
                subDescription_x0040_LastModified="{Date}2023-10-21T18:26:17.297Z"
                subHeading="سجل عدم الاتصال"
                subHeading_x0040_LastModified="{Date}2023-10-21T18:26:31.756Z"
                subLink="#"
                subLink_x0040_LastModified="{Date}2023-10-21T18:26:31.757Z"/>
        </data>
        <indexedData jcr:primaryType="nt:unstructured">
            <master
                jcr:mixinTypes="[dam:IndexedFragmentData]"
                jcr:primaryType="nt:unstructured"
                jcr:uuid="bc17b882-bd55-4063-a4b2-d623929a93b2"
                _x0040_string_x0040_model="/conf/daas/settings/dam/cfm/models/business-menu-generic-link"
                _x0040_stringArray_x0040_variations="[ar]"
                string_x0040_sameTabOrNewTab="_self"
                string_x0040_subHeading="Do Not Call Registry"
                string_x0040_subLink="#"/>
            <ar
                jcr:mixinTypes="[dam:IndexedFragmentData]"
                jcr:primaryType="nt:unstructured"
                jcr:uuid="1ec7e506-d3b9-43e4-82e3-fd6338ac73ac"
                _x0040_string_x0040_model="/conf/daas/settings/dam/cfm/models/business-menu-generic-link"
                string_x0040_sameTabOrNewTab="_self"
                string_x0040_subHeading="سجل عدم الاتصال"
                string_x0040_subLink="#"/>
        </indexedData>
        <metadata
            jcr:mixinTypes="[cq:Taggable]"
            jcr:primaryType="nt:unstructured"/>
        <model jcr:primaryType="nt:unstructured">
            <variations jcr:primaryType="nt:unstructured">
                <ar
                    jcr:description="\0"
                    jcr:mixinTypes="[cq:Taggable]"
                    jcr:primaryType="nt:unstructured"
                    jcr:title="Ar"
                    name="ar">
                    <properties
                        jcr:primaryType="nt:unstructured"
                        synchronizeWithVersion="[subHeading:371c76cd-b97e-4ed0-be02-777da1b2747b,subDescription:371c76cd-b97e-4ed0-be02-777da1b2747b,linkType:371c76cd-b97e-4ed0-be02-777da1b2747b,ctaText:371c76cd-b97e-4ed0-be02-777da1b2747b,subLink:371c76cd-b97e-4ed0-be02-777da1b2747b,sameTabOrNewTab:371c76cd-b97e-4ed0-be02-777da1b2747b,actionImage:371c76cd-b97e-4ed0-be02-777da1b2747b]"/>
                </ar>
            </variations>
        </model>
        <related jcr:primaryType="nt:unstructured"/>
    </jcr:content>
</jcr:root>
