<?xml version="1.0" encoding="UTF-8"?>
<jcr:root xmlns:jcr="http://www.jcp.org/jcr/1.0" xmlns:dam="http://www.day.com/dam/1.0" xmlns:nt="http://www.jcp.org/jcr/nt/1.0" xmlns:mix="http://www.jcp.org/jcr/mix/1.0" xmlns:cq="http://www.day.com/jcr/cq/1.0"
    jcr:isCheckedOut="{Boolean}true"
    jcr:mixinTypes="[cq:contentFragment,mix:referenceable,mix:versionable]"
    jcr:primaryType="dam:Asset"
    jcr:uuid="6ab198c4-6683-4aaf-b0e1-de03be4128ac">
    <jcr:content
        cq:isDelivered="{Boolean}false"
        cq:lastModified="{Date}2025-11-28T12:13:41.451Z"
        cq:lastModifiedBy="maripaul@eand.com"
        cq:lastReplicated="{Date}2025-12-12T11:08:27.477Z"
        cq:lastReplicated_publish="{Date}2025-12-12T11:08:27.477Z"
        cq:lastReplicatedBy="workflow-process-service"
        cq:lastReplicatedBy_publish="workflow-process-service"
        cq:lastReplicationAction="Activate"
        cq:lastReplicationAction_publish="Activate"
        cq:name="healthcare-management"
        cq:parentPath="/content/dam/daas/cfm/header/mega-menu/customer-management"
        jcr:lastModified="{Date}2025-03-11T23:11:56.314Z"
        jcr:lastModifiedBy="suvenkatachalam@eand.com"
        jcr:mixinTypes="[cq:ReplicationStatus,cq:ReplicationStatus2]"
        jcr:primaryType="dam:AssetContent"
        jcr:title="Healthcare Management"
        contentFragment="{Boolean}true"
        lastFragmentSave="{Date}2025-03-11T23:11:56.314Z">
        <data
            cq:model="/conf/daas/settings/dam/cfm/models/business-menu-generic-link"
            jcr:primaryType="nt:unstructured"
            _strucVersion="{Long}1">
            <master
                jcr:mixinTypes="[cq:Taggable,dam:cfVariationNode]"
                jcr:primaryType="nt:unstructured"
                actionImage_x0040_LastModified="{Date}2023-10-21T19:42:48.795Z"
                ctaText_x0040_LastModified="{Date}2023-10-21T19:42:48.795Z"
                linkType_x0040_LastModified="{Date}2023-10-21T19:42:48.795Z"
                sameTabOrNewTab="_self"
                sameTabOrNewTab_x0040_LastModified="{Date}2023-10-21T19:43:12.915Z"
                subDescription_x0040_LastModified="{Date}2023-10-21T19:42:48.795Z"
                subHeading="Healthcare"
                subHeading_x0040_LastModified="{Date}2023-10-21T19:43:12.914Z"
                subLink="#?##2"
                subLink_x0040_LastModified="{Date}2025-03-11T23:11:19.102Z"
                subLink_x0040_LastModifiedBy="suvenkatachalam@eand.com"/>
            <ar
                jcr:mixinTypes="[cq:Taggable,dam:cfVariationNode]"
                jcr:primaryType="nt:unstructured"
                _x0040_variationCreationDate="{Date}2023-10-21T19:43:17.363Z"
                actionImage_x0040_LastModified="{Date}2023-10-21T19:43:17.365Z"
                ctaText_x0040_LastModified="{Date}2023-10-21T19:43:17.364Z"
                linkType_x0040_LastModified="{Date}2023-10-21T19:43:17.364Z"
                sameTabOrNewTab="_self"
                sameTabOrNewTab_x0040_LastModified="{Date}2023-10-21T19:43:17.365Z"
                subDescription_x0040_LastModified="{Date}2023-10-21T19:43:17.364Z"
                subHeading="الرعاية الصحية"
                subHeading_x0040_LastModified="{Date}2023-10-21T19:43:41.508Z"
                subLink="#?##2"
                subLink_x0040_LastModified="{Date}2025-03-11T23:11:48.197Z"
                subLink_x0040_LastModifiedBy="suvenkatachalam@eand.com"/>
        </data>
        <indexedData jcr:primaryType="nt:unstructured">
            <master
                jcr:mixinTypes="[dam:IndexedFragmentData]"
                jcr:primaryType="nt:unstructured"
                jcr:uuid="c688f3f1-9159-48df-990f-a9b845f4804a"
                _x0040_string_x0040_model="/conf/daas/settings/dam/cfm/models/business-menu-generic-link"
                _x0040_stringArray_x0040_variations="[ar]"
                string_x0040_sameTabOrNewTab="_self"
                string_x0040_subHeading="Healthcare"
                string_x0040_subLink="#?##2"/>
            <ar
                jcr:mixinTypes="[dam:IndexedFragmentData]"
                jcr:primaryType="nt:unstructured"
                jcr:uuid="6df0e40c-395e-4069-ac5c-9f6209d54dd8"
                _x0040_string_x0040_model="/conf/daas/settings/dam/cfm/models/business-menu-generic-link"
                string_x0040_sameTabOrNewTab="_self"
                string_x0040_subHeading="الرعاية الصحية"
                string_x0040_subLink="#?##2"/>
        </indexedData>
        <metadata
            jcr:mixinTypes="[cq:Taggable]"
            jcr:primaryType="nt:unstructured">
            <dam:cfVariations jcr:primaryType="nt:unstructured">
                <ar
                    jcr:mixinTypes="[cq:Taggable]"
                    jcr:primaryType="nt:unstructured"/>
            </dam:cfVariations>
        </metadata>
        <model jcr:primaryType="nt:unstructured">
            <variations jcr:primaryType="nt:unstructured">
                <ar
                    jcr:description="\0"
                    jcr:mixinTypes="[cq:Taggable]"
                    jcr:primaryType="nt:unstructured"
                    jcr:title="Ar"
                    name="ar">
                    <properties
                        jcr:primaryType="nt:unstructured"
                        synchronizeWithVersion="[subHeading:a1b3b90a-3107-4c23-8c3b-72c7401efa57,subDescription:a1b3b90a-3107-4c23-8c3b-72c7401efa57,linkType:a1b3b90a-3107-4c23-8c3b-72c7401efa57,ctaText:a1b3b90a-3107-4c23-8c3b-72c7401efa57,subLink:a1b3b90a-3107-4c23-8c3b-72c7401efa57,sameTabOrNewTab:a1b3b90a-3107-4c23-8c3b-72c7401efa57,actionImage:a1b3b90a-3107-4c23-8c3b-72c7401efa57]"/>
                </ar>
            </variations>
        </model>
        <related jcr:primaryType="nt:unstructured"/>
    </jcr:content>
</jcr:root>
