<?xml version="1.0" encoding="UTF-8"?>
<jcr:root xmlns:jcr="http://www.jcp.org/jcr/1.0" xmlns:dam="http://www.day.com/dam/1.0" xmlns:nt="http://www.jcp.org/jcr/nt/1.0" xmlns:mix="http://www.jcp.org/jcr/mix/1.0" xmlns:cq="http://www.day.com/jcr/cq/1.0"
    jcr:isCheckedOut="{Boolean}true"
    jcr:mixinTypes="[cq:contentFragment,mix:referenceable,mix:versionable]"
    jcr:primaryType="dam:Asset"
    jcr:uuid="b377a7aa-fc4e-4f7f-83de-9ace7f601e35">
    <jcr:content
        cq:isDelivered="{Boolean}false"
        cq:lastModified="{Date}2025-11-28T12:13:53.032Z"
        cq:lastModifiedBy="maripaul@eand.com"
        cq:lastReplicated="{Date}2025-12-12T11:08:37.533Z"
        cq:lastReplicated_publish="{Date}2025-12-12T11:08:37.533Z"
        cq:lastReplicatedBy="workflow-process-service"
        cq:lastReplicatedBy_publish="workflow-process-service"
        cq:lastReplicationAction="Activate"
        cq:lastReplicationAction_publish="Activate"
        cq:name="resources-promo-text-sec"
        cq:parentPath="/content/dam/daas/cfm/header/mega-menu/promo-section"
        jcr:lastModified="{Date}2025-03-11T23:23:36.611Z"
        jcr:lastModifiedBy="suvenkatachalam@eand.com"
        jcr:mixinTypes="[cq:ReplicationStatus,cq:ReplicationStatus2]"
        jcr:primaryType="dam:AssetContent"
        jcr:title="Resources Promo Text Sec"
        contentFragment="{Boolean}true"
        lastFragmentSave="{Date}2025-03-11T23:23:36.611Z">
        <data
            cq:model="/conf/daas/settings/dam/cfm/models/business-menu-generic-link"
            jcr:primaryType="nt:unstructured"
            _strucVersion="{Long}1">
            <master
                jcr:mixinTypes="[cq:Taggable,dam:cfVariationNode]"
                jcr:primaryType="nt:unstructured"
                actionImage_x0040_LastModified="{Date}2023-10-21T20:10:53.588Z"
                ctaText="VIEW ALL"
                ctaText_x0040_LastModified="{Date}2023-10-21T20:11:47.785Z"
                linkType_x0040_LastModified="{Date}2023-10-21T20:10:53.588Z"
                sameTabOrNewTab="_self"
                sameTabOrNewTab_x0040_LastModified="{Date}2023-10-21T20:11:47.786Z"
                subDescription_x0040_LastModified="{Date}2023-10-21T20:10:53.588Z"
                subHeading="Discover the latest business events!"
                subHeading_x0040_LastModified="{Date}2023-10-21T20:11:47.785Z"
                subLink="#"
                subLink_x0040_LastModified="{Date}2023-10-21T20:11:47.786Z"/>
            <ar
                jcr:mixinTypes="[cq:Taggable,dam:cfVariationNode]"
                jcr:primaryType="nt:unstructured"
                _x0040_variationCreationDate="{Date}2023-10-21T20:11:53.289Z"
                actionImage_x0040_LastModified="{Date}2023-10-21T20:11:53.292Z"
                ctaText="عرض المزيد"
                ctaText_x0040_LastModified="{Date}2023-10-21T20:13:03.211Z"
                linkType_x0040_LastModified="{Date}2023-10-21T20:11:53.291Z"
                sameTabOrNewTab="_self"
                sameTabOrNewTab_x0040_LastModified="{Date}2023-10-21T20:11:53.292Z"
                subDescription_x0040_LastModified="{Date}2023-10-21T20:11:53.290Z"
                subHeading="سجل للحصول على أخر الأحداث التجارية!"
                subHeading_x0040_LastModified="{Date}2023-10-21T20:13:03.210Z"
                subLink="#"
                subLink_x0040_LastModified="{Date}2023-10-21T20:13:03.211Z"/>
        </data>
        <indexedData jcr:primaryType="nt:unstructured">
            <master
                jcr:mixinTypes="[dam:IndexedFragmentData]"
                jcr:primaryType="nt:unstructured"
                jcr:uuid="312affb4-3d0f-439d-8025-330d3602d3f6"
                _x0040_string_x0040_model="/conf/daas/settings/dam/cfm/models/business-menu-generic-link"
                _x0040_stringArray_x0040_variations="[ar]"
                string_x0040_ctaText="VIEW ALL"
                string_x0040_sameTabOrNewTab="_self"
                string_x0040_subHeading="Discover the latest business events!"
                string_x0040_subLink="#"/>
            <ar
                jcr:mixinTypes="[dam:IndexedFragmentData]"
                jcr:primaryType="nt:unstructured"
                jcr:uuid="79d1d6ec-4725-481d-abf8-d9ff99450127"
                _x0040_string_x0040_model="/conf/daas/settings/dam/cfm/models/business-menu-generic-link"
                string_x0040_ctaText="عرض المزيد"
                string_x0040_sameTabOrNewTab="_self"
                string_x0040_subHeading="سجل للحصول على أخر الأحداث التجارية!"
                string_x0040_subLink="#"/>
        </indexedData>
        <metadata
            jcr:mixinTypes="[cq:Taggable]"
            jcr:primaryType="nt:unstructured">
            <dam:cfVariations jcr:primaryType="nt:unstructured">
                <ar
                    jcr:mixinTypes="[cq:Taggable]"
                    jcr:primaryType="nt:unstructured"/>
            </dam:cfVariations>
        </metadata>
        <model jcr:primaryType="nt:unstructured">
            <variations jcr:primaryType="nt:unstructured">
                <ar
                    jcr:description="\0"
                    jcr:mixinTypes="[cq:Taggable]"
                    jcr:primaryType="nt:unstructured"
                    jcr:title="Ar"
                    name="ar">
                    <properties
                        jcr:primaryType="nt:unstructured"
                        synchronizeWithVersion="[subHeading:508810f8-9dd5-48f1-bcf4-f2113ecbc7b1,subDescription:508810f8-9dd5-48f1-bcf4-f2113ecbc7b1,linkType:508810f8-9dd5-48f1-bcf4-f2113ecbc7b1,ctaText:508810f8-9dd5-48f1-bcf4-f2113ecbc7b1,subLink:508810f8-9dd5-48f1-bcf4-f2113ecbc7b1,sameTabOrNewTab:508810f8-9dd5-48f1-bcf4-f2113ecbc7b1,actionImage:508810f8-9dd5-48f1-bcf4-f2113ecbc7b1]"/>
                </ar>
            </variations>
        </model>
        <related jcr:primaryType="nt:unstructured"/>
    </jcr:content>
</jcr:root>
