<?xml version="1.0" encoding="UTF-8"?>
<jcr:root xmlns:jcr="http://www.jcp.org/jcr/1.0" xmlns:dam="http://www.day.com/dam/1.0" xmlns:nt="http://www.jcp.org/jcr/nt/1.0" xmlns:mix="http://www.jcp.org/jcr/mix/1.0" xmlns:cq="http://www.day.com/jcr/cq/1.0"
    jcr:isCheckedOut="{Boolean}true"
    jcr:mixinTypes="[cq:contentFragment,mix:referenceable,mix:versionable]"
    jcr:primaryType="dam:Asset"
    jcr:uuid="be375705-3767-4698-9922-c8eda6c9d0dc">
    <jcr:content
        cq:isDelivered="{Boolean}false"
        cq:lastModified="{Date}2025-11-28T12:13:42.807Z"
        cq:lastModifiedBy="maripaul@eand.com"
        cq:lastReplicated="{Date}2025-12-12T11:08:27.477Z"
        cq:lastReplicated_publish="{Date}2025-12-12T11:08:27.477Z"
        cq:lastReplicatedBy="workflow-process-service"
        cq:lastReplicatedBy_publish="workflow-process-service"
        cq:lastReplicationAction="Activate"
        cq:lastReplicationAction_publish="Activate"
        cq:name="digital-signage"
        cq:parentPath="/content/dam/daas/cfm/header/mega-menu"
        jcr:lastModified="{Date}2025-03-11T23:06:59.562Z"
        jcr:lastModifiedBy="suvenkatachalam@eand.com"
        jcr:mixinTypes="[cq:ReplicationStatus,cq:ReplicationStatus2]"
        jcr:primaryType="dam:AssetContent"
        jcr:title="Digital Signage"
        contentFragment="{Boolean}true"
        lastFragmentSave="{Date}2025-03-11T23:06:59.562Z">
        <data
            cq:model="/conf/daas/settings/dam/cfm/models/business-menu-generic-link"
            jcr:primaryType="nt:unstructured"
            _strucVersion="{Long}1">
            <master
                jcr:mixinTypes="[cq:Taggable,dam:cfVariationNode]"
                jcr:primaryType="nt:unstructured"
                actionImage_x0040_LastModified="{Date}2023-10-21T17:26:09.476Z"
                ctaText_x0040_LastModified="{Date}2023-10-21T17:26:09.476Z"
                linkType_x0040_LastModified="{Date}2023-10-21T17:26:09.476Z"
                sameTabOrNewTab="_self"
                sameTabOrNewTab_x0040_LastModified="{Date}2023-10-21T17:26:38.968Z"
                subDescription_x0040_LastModified="{Date}2023-10-21T17:26:09.476Z"
                subHeading="Digital Signage"
                subHeading_x0040_LastModified="{Date}2023-10-21T17:26:38.968Z"
                subLink="#"
                subLink_x0040_LastModified="{Date}2023-10-21T17:26:38.968Z"/>
            <ar
                jcr:mixinTypes="[cq:Taggable,dam:cfVariationNode]"
                jcr:primaryType="nt:unstructured"
                _x0040_variationCreationDate="{Date}2023-10-21T17:26:50.900Z"
                actionImage_x0040_LastModified="{Date}2023-10-21T17:26:50.903Z"
                ctaText_x0040_LastModified="{Date}2023-10-21T17:26:50.902Z"
                linkType_x0040_LastModified="{Date}2023-10-21T17:26:50.902Z"
                sameTabOrNewTab="_self"
                sameTabOrNewTab_x0040_LastModified="{Date}2023-10-21T17:26:50.902Z"
                subDescription_x0040_LastModified="{Date}2023-10-21T17:26:50.902Z"
                subHeading="اللافتات الرقمية"
                subHeading_x0040_LastModified="{Date}2023-10-21T17:27:11.284Z"
                subLink="#"
                subLink_x0040_LastModified="{Date}2023-10-21T17:27:11.285Z"/>
        </data>
        <indexedData jcr:primaryType="nt:unstructured">
            <master
                jcr:mixinTypes="[dam:IndexedFragmentData]"
                jcr:primaryType="nt:unstructured"
                jcr:uuid="e4d41834-dbaa-448b-b39d-209738077664"
                _x0040_string_x0040_model="/conf/daas/settings/dam/cfm/models/business-menu-generic-link"
                _x0040_stringArray_x0040_variations="[ar]"
                string_x0040_sameTabOrNewTab="_self"
                string_x0040_subHeading="Digital Signage"
                string_x0040_subLink="#"/>
            <ar
                jcr:mixinTypes="[dam:IndexedFragmentData]"
                jcr:primaryType="nt:unstructured"
                jcr:uuid="c603d4d4-ba97-4ddb-a56e-494925d36532"
                _x0040_string_x0040_model="/conf/daas/settings/dam/cfm/models/business-menu-generic-link"
                string_x0040_sameTabOrNewTab="_self"
                string_x0040_subHeading="اللافتات الرقمية"
                string_x0040_subLink="#"/>
        </indexedData>
        <metadata
            jcr:mixinTypes="[cq:Taggable]"
            jcr:primaryType="nt:unstructured">
            <dam:cfVariations jcr:primaryType="nt:unstructured">
                <ar
                    jcr:mixinTypes="[cq:Taggable]"
                    jcr:primaryType="nt:unstructured"/>
            </dam:cfVariations>
        </metadata>
        <model jcr:primaryType="nt:unstructured">
            <variations jcr:primaryType="nt:unstructured">
                <ar
                    jcr:description="\0"
                    jcr:mixinTypes="[cq:Taggable]"
                    jcr:primaryType="nt:unstructured"
                    jcr:title="Ar"
                    name="ar">
                    <properties
                        jcr:primaryType="nt:unstructured"
                        synchronizeWithVersion="[subHeading:7eac83ac-71b7-44d7-8548-fb8164c772ee,subDescription:7eac83ac-71b7-44d7-8548-fb8164c772ee,linkType:7eac83ac-71b7-44d7-8548-fb8164c772ee,ctaText:7eac83ac-71b7-44d7-8548-fb8164c772ee,subLink:7eac83ac-71b7-44d7-8548-fb8164c772ee,sameTabOrNewTab:7eac83ac-71b7-44d7-8548-fb8164c772ee,actionImage:7eac83ac-71b7-44d7-8548-fb8164c772ee]"/>
                </ar>
            </variations>
        </model>
        <related jcr:primaryType="nt:unstructured"/>
    </jcr:content>
</jcr:root>
