<?xml version="1.0" encoding="UTF-8"?>
<jcr:root xmlns:jcr="http://www.jcp.org/jcr/1.0" xmlns:dam="http://www.day.com/dam/1.0" xmlns:nt="http://www.jcp.org/jcr/nt/1.0" xmlns:mix="http://www.jcp.org/jcr/mix/1.0" xmlns:cq="http://www.day.com/jcr/cq/1.0"
    jcr:isCheckedOut="{Boolean}true"
    jcr:mixinTypes="[mix:referenceable,mix:versionable]"
    jcr:primaryType="dam:Asset"
    jcr:uuid="f101edc6-8465-48ac-a330-97d978cbd77f">
    <jcr:content
        cq:isDelivered="{Boolean}false"
        cq:lastReplicated="{Date}2025-04-08T09:50:50.047Z"
        cq:lastReplicated_publish="{Date}2025-04-08T09:50:50.047Z"
        cq:lastReplicatedBy="workflow-process-service"
        cq:lastReplicatedBy_publish="workflow-process-service"
        cq:lastReplicationAction="Activate"
        cq:lastReplicationAction_publish="Activate"
        cq:name="e&amp;enterprise"
        cq:parentPath="/content/dam/cfm-etisalat/smb/footer-quicklinks/quick-links"
        jcr:lastModified="{Date}2023-10-22T09:50:06.073Z"
        jcr:lastModifiedBy="azaraheem@etisalat.ae"
        jcr:mixinTypes="[cq:ReplicationStatus,cq:ReplicationStatus2]"
        jcr:primaryType="dam:AssetContent"
        jcr:title="e&amp;enterprise "
        contentFragment="{Boolean}true"
        lastFragmentSave="{Date}2023-10-22T09:50:06.073Z">
        <data
            cq:model="/conf/etisalat-business/settings/dam/cfm/models/business-menu-generic-link"
            jcr:primaryType="nt:unstructured"
            _strucVersion="{Long}1">
            <master
                jcr:mixinTypes="[cq:Taggable,dam:cfVariationNode]"
                jcr:primaryType="nt:unstructured"
                actionImage="/content/dam/cfm-etisalat/smb/images/actions-open-link.svg"
                actionImage_x0040_LastModified="{Date}2023-10-22T09:49:45.237Z"
                ctaText_x0040_LastModified="{Date}2023-10-22T09:27:33.203Z"
                linkType="[absolute]"
                linkType_x0040_LastModified="{Date}2023-10-22T09:28:00.018Z"
                sameTabOrNewTab="_blank"
                sameTabOrNewTab_x0040_LastModified="{Date}2023-10-22T09:28:00.019Z"
                subDescription_x0040_LastModified="{Date}2023-10-22T09:27:33.203Z"
                subHeading="e&amp;enterprise "
                subHeading_x0040_LastModified="{Date}2023-10-22T09:28:00.017Z"
                subLink="https://www.eand.com/en/etisalat-enterprise.html"
                subLink_x0040_LastModified="{Date}2023-10-22T09:28:00.018Z"/>
            <ar
                jcr:mixinTypes="[cq:Taggable,dam:cfVariationNode]"
                jcr:primaryType="nt:unstructured"
                _x0040_variationCreationDate="{Date}2023-10-22T09:28:06.096Z"
                actionImage="/content/dam/cfm-etisalat/smb/images/actions-open-link.svg"
                actionImage_x0040_LastModified="{Date}2023-10-22T09:50:05.725Z"
                ctaText_x0040_LastModified="{Date}2023-10-22T09:28:06.099Z"
                linkType="[absolute]"
                linkType_x0040_LastModified="{Date}2023-10-22T09:28:06.099Z"
                sameTabOrNewTab="_blank"
                sameTabOrNewTab_x0040_LastModified="{Date}2023-10-22T09:28:06.099Z"
                subDescription_x0040_LastModified="{Date}2023-10-22T09:28:06.098Z"
                subHeading="المؤسسات &amp;e "
                subHeading_x0040_LastModified="{Date}2023-10-22T09:29:10.108Z"
                subLink="https://www.eand.com/ar/etisalat-enterprise.html"
                subLink_x0040_LastModified="{Date}2023-10-22T09:29:10.108Z"/>
        </data>
        <indexedData jcr:primaryType="nt:unstructured">
            <master
                jcr:mixinTypes="[dam:IndexedFragmentData]"
                jcr:primaryType="nt:unstructured"
                jcr:uuid="ecced3bf-0f75-4bd4-aa05-a36a681c5d71"
                _x0040_string_x0040_model="/conf/etisalat-business/settings/dam/cfm/models/business-menu-generic-link"
                _x0040_stringArray_x0040_variations="[ar]"
                string_x0040_sameTabOrNewTab="_blank"
                string_x0040_subHeading="e&amp;enterprise "
                string_x0040_subLink="https://www.eand.com/en/etisalat-enterprise.html"
                stringArray_x0040_linkType="[absolute]"/>
            <ar
                jcr:mixinTypes="[dam:IndexedFragmentData]"
                jcr:primaryType="nt:unstructured"
                jcr:uuid="b6011402-5500-474a-bed1-9168385d2cff"
                _x0040_string_x0040_model="/conf/etisalat-business/settings/dam/cfm/models/business-menu-generic-link"
                string_x0040_sameTabOrNewTab="_blank"
                string_x0040_subHeading="المؤسسات &amp;e "
                string_x0040_subLink="https://www.eand.com/ar/etisalat-enterprise.html"
                stringArray_x0040_linkType="[absolute]"/>
        </indexedData>
        <metadata
            jcr:mixinTypes="[cq:Taggable]"
            jcr:primaryType="nt:unstructured"/>
        <model jcr:primaryType="nt:unstructured">
            <variations jcr:primaryType="nt:unstructured">
                <ar
                    jcr:description="\0"
                    jcr:mixinTypes="[cq:Taggable]"
                    jcr:primaryType="nt:unstructured"
                    jcr:title="Ar"
                    name="ar">
                    <properties
                        jcr:primaryType="nt:unstructured"
                        synchronizeWithVersion="[subHeading:0ead7cc3-5522-4617-a8f9-59fe6d1edd23,subDescription:0ead7cc3-5522-4617-a8f9-59fe6d1edd23,linkType:0ead7cc3-5522-4617-a8f9-59fe6d1edd23,ctaText:0ead7cc3-5522-4617-a8f9-59fe6d1edd23,subLink:0ead7cc3-5522-4617-a8f9-59fe6d1edd23,sameTabOrNewTab:0ead7cc3-5522-4617-a8f9-59fe6d1edd23,actionImage:0ead7cc3-5522-4617-a8f9-59fe6d1edd23]"/>
                </ar>
            </variations>
        </model>
        <related jcr:primaryType="nt:unstructured"/>
    </jcr:content>
</jcr:root>
