<?xml version="1.0" encoding="UTF-8"?>
<jcr:root xmlns:jcr="http://www.jcp.org/jcr/1.0" xmlns:dam="http://www.day.com/dam/1.0" xmlns:nt="http://www.jcp.org/jcr/nt/1.0" xmlns:mix="http://www.jcp.org/jcr/mix/1.0" xmlns:cq="http://www.day.com/jcr/cq/1.0"
    jcr:isCheckedOut="{Boolean}true"
    jcr:mixinTypes="[cq:contentFragment,mix:referenceable,mix:versionable]"
    jcr:primaryType="dam:Asset"
    jcr:uuid="757e6bcb-d148-4a29-b436-099d8641c5d1">
    <jcr:content
        cq:isDelivered="{Boolean}false"
        cq:lastModified="{Date}2025-11-28T12:13:48.974Z"
        cq:lastModifiedBy="maripaul@eand.com"
        cq:lastReplicated="{Date}2025-12-12T11:08:27.477Z"
        cq:lastReplicated_publish="{Date}2025-12-12T11:08:27.477Z"
        cq:lastReplicatedBy="workflow-process-service"
        cq:lastReplicatedBy_publish="workflow-process-service"
        cq:lastReplicationAction="Activate"
        cq:lastReplicationAction_publish="Activate"
        cq:name="payment-solution"
        cq:parentPath="/content/dam/daas/cfm/header/mega-menu/finance"
        jcr:lastModified="{Date}2025-03-11T22:43:01.717Z"
        jcr:lastModifiedBy="suvenkatachalam@eand.com"
        jcr:mixinTypes="[cq:ReplicationStatus,cq:ReplicationStatus2]"
        jcr:primaryType="dam:AssetContent"
        jcr:title="Payment Solution"
        contentFragment="{Boolean}true"
        lastFragmentSave="{Date}2025-03-11T22:43:01.717Z">
        <data
            cq:model="/conf/daas/settings/dam/cfm/models/business-menu-generic-link"
            jcr:primaryType="nt:unstructured"
            _strucVersion="{Long}1">
            <master
                jcr:mixinTypes="[cq:Taggable,dam:cfVariationNode]"
                jcr:primaryType="nt:unstructured"
                actionImage_x0040_LastModified="{Date}2023-10-21T19:29:38.482Z"
                ctaText_x0040_LastModified="{Date}2023-10-21T19:29:38.482Z"
                linkType_x0040_LastModified="{Date}2023-10-21T19:29:38.482Z"
                sameTabOrNewTab="_self"
                sameTabOrNewTab_x0040_LastModified="{Date}2023-10-21T19:29:55.919Z"
                subDescription_x0040_LastModified="{Date}2023-10-21T19:29:38.482Z"
                subHeading="Payment Solution"
                subHeading_x0040_LastModified="{Date}2023-10-21T19:29:55.918Z"
                subLink="#"
                subLink_x0040_LastModified="{Date}2025-03-11T22:41:53.856Z"
                subLink_x0040_LastModifiedBy="suvenkatachalam@eand.com"/>
            <ar
                jcr:mixinTypes="[cq:Taggable,dam:cfVariationNode]"
                jcr:primaryType="nt:unstructured"
                _x0040_variationCreationDate="{Date}2023-10-21T19:30:00.858Z"
                actionImage_x0040_LastModified="{Date}2023-10-21T19:30:00.860Z"
                ctaText_x0040_LastModified="{Date}2023-10-21T19:30:00.860Z"
                linkType_x0040_LastModified="{Date}2023-10-21T19:30:00.860Z"
                sameTabOrNewTab="_self"
                sameTabOrNewTab_x0040_LastModified="{Date}2023-10-21T19:30:00.860Z"
                subDescription_x0040_LastModified="{Date}2023-10-21T19:30:00.859Z"
                subHeading="حلول الدفع"
                subHeading_x0040_LastModified="{Date}2023-10-21T19:30:16.774Z"
                subLink="#?##3"
                subLink_x0040_LastModified="{Date}2025-03-11T22:42:28.317Z"
                subLink_x0040_LastModifiedBy="suvenkatachalam@eand.com"/>
        </data>
        <indexedData jcr:primaryType="nt:unstructured">
            <master
                jcr:mixinTypes="[dam:IndexedFragmentData]"
                jcr:primaryType="nt:unstructured"
                jcr:uuid="45d8eac3-b842-4dcf-bbef-ddf038e0f1fb"
                _x0040_string_x0040_model="/conf/daas/settings/dam/cfm/models/business-menu-generic-link"
                _x0040_stringArray_x0040_variations="[ar]"
                string_x0040_sameTabOrNewTab="_self"
                string_x0040_subHeading="Payment Solution"
                string_x0040_subLink="#"/>
            <ar
                jcr:mixinTypes="[dam:IndexedFragmentData]"
                jcr:primaryType="nt:unstructured"
                jcr:uuid="84ee8f00-39ee-4c3b-949f-f3be4559cf0c"
                _x0040_string_x0040_model="/conf/daas/settings/dam/cfm/models/business-menu-generic-link"
                string_x0040_sameTabOrNewTab="_self"
                string_x0040_subHeading="حلول الدفع"
                string_x0040_subLink="#?##3"/>
        </indexedData>
        <metadata
            jcr:mixinTypes="[cq:Taggable]"
            jcr:primaryType="nt:unstructured">
            <dam:cfVariations jcr:primaryType="nt:unstructured">
                <ar
                    jcr:mixinTypes="[cq:Taggable]"
                    jcr:primaryType="nt:unstructured"/>
            </dam:cfVariations>
        </metadata>
        <model jcr:primaryType="nt:unstructured">
            <variations jcr:primaryType="nt:unstructured">
                <ar
                    jcr:description="\0"
                    jcr:mixinTypes="[cq:Taggable]"
                    jcr:primaryType="nt:unstructured"
                    jcr:title="Ar"
                    name="ar">
                    <properties
                        jcr:primaryType="nt:unstructured"
                        synchronizeWithVersion="[subHeading:f556ae83-0951-4cee-83a7-840586b77363,subDescription:f556ae83-0951-4cee-83a7-840586b77363,linkType:f556ae83-0951-4cee-83a7-840586b77363,ctaText:f556ae83-0951-4cee-83a7-840586b77363,subLink:f556ae83-0951-4cee-83a7-840586b77363,sameTabOrNewTab:f556ae83-0951-4cee-83a7-840586b77363,actionImage:f556ae83-0951-4cee-83a7-840586b77363]"/>
                </ar>
            </variations>
        </model>
        <related jcr:primaryType="nt:unstructured"/>
    </jcr:content>
</jcr:root>
