<?xml version="1.0" encoding="UTF-8"?>
<jcr:root xmlns:jcr="http://www.jcp.org/jcr/1.0" xmlns:dam="http://www.day.com/dam/1.0" xmlns:nt="http://www.jcp.org/jcr/nt/1.0" xmlns:mix="http://www.jcp.org/jcr/mix/1.0" xmlns:cq="http://www.day.com/jcr/cq/1.0"
    jcr:isCheckedOut="{Boolean}true"
    jcr:mixinTypes="[cq:contentFragment,mix:referenceable,mix:versionable]"
    jcr:primaryType="dam:Asset"
    jcr:uuid="04ceff53-6338-48c2-bc66-4dee885e4880">
    <jcr:content
        cq:isDelivered="{Boolean}false"
        cq:lastReplicated="{Date}2025-12-12T11:11:25.622Z"
        cq:lastReplicated_publish="{Date}2025-12-12T11:11:25.622Z"
        cq:lastReplicatedBy="workflow-process-service"
        cq:lastReplicatedBy_publish="workflow-process-service"
        cq:lastReplicationAction="Activate"
        cq:lastReplicationAction_publish="Activate"
        cq:name="hello-business-hub"
        cq:parentPath="/content/dam/daas/cfm/footer-quicklinks/quick-links"
        jcr:lastModified="{Date}2025-11-28T13:56:46.362Z"
        jcr:lastModifiedBy="maripaul@eand.com"
        jcr:mixinTypes="[cq:ReplicationStatus,cq:ReplicationStatus2]"
        jcr:primaryType="dam:AssetContent"
        jcr:title="Hello Business Hub"
        contentFragment="{Boolean}true"
        lastFragmentSave="{Date}2025-11-28T13:56:46.362Z">
        <data
            cq:model="/conf/daas/settings/dam/cfm/models/business-menu-generic-link"
            jcr:primaryType="nt:unstructured"
            _strucVersion="{Long}1">
            <master
                jcr:mixinTypes="[cq:Taggable,dam:cfVariationNode]"
                jcr:primaryType="nt:unstructured"
                actionImage_x0040_LastModified="{Date}2025-11-28T13:55:46.757Z"
                ctaText_x0040_LastModified="{Date}2025-11-28T13:55:46.757Z"
                linkType_x0040_LastModified="{Date}2025-11-28T13:55:46.757Z"
                sameTabOrNewTab="_self"
                sameTabOrNewTab_x0040_LastModified="{Date}2025-11-28T13:56:18.087Z"
                sameTabOrNewTab_x0040_LastModifiedBy="maripaul@eand.com"
                subDescription_x0040_LastModified="{Date}2025-11-28T13:55:46.757Z"
                subHeading="Hello Business Hub"
                subHeading_x0040_LastModified="{Date}2025-11-28T13:56:18.085Z"
                subHeading_x0040_LastModifiedBy="maripaul@eand.com"
                subLink="#"
                subLink_x0040_LastModified="{Date}2025-11-28T13:56:18.086Z"
                subLink_x0040_LastModifiedBy="maripaul@eand.com">
                <card
                    jcr:primaryType="nt:unstructured"
                    assets="[]"
                    texts="[]"/>
            </master>
            <ar
                jcr:mixinTypes="[cq:Taggable,dam:cfVariationNode]"
                jcr:primaryType="nt:unstructured"
                _x0040_variationCreationDate="{Date}2025-11-28T13:56:23.914Z"
                actionImage_x0040_LastModified="{Date}2025-11-28T13:56:23.920Z"
                actionImage_x0040_LastModifiedBy="maripaul@eand.com"
                ctaText_x0040_LastModified="{Date}2025-11-28T13:56:23.918Z"
                ctaText_x0040_LastModifiedBy="maripaul@eand.com"
                linkType_x0040_LastModified="{Date}2025-11-28T13:56:23.917Z"
                linkType_x0040_LastModifiedBy="maripaul@eand.com"
                sameTabOrNewTab="_self"
                sameTabOrNewTab_x0040_LastModified="{Date}2025-11-28T13:56:23.920Z"
                sameTabOrNewTab_x0040_LastModifiedBy="maripaul@eand.com"
                subDescription_x0040_LastModified="{Date}2025-11-28T13:56:23.917Z"
                subDescription_x0040_LastModifiedBy="maripaul@eand.com"
                subHeading="مرحبًا مركز الأعمال"
                subHeading_x0040_LastModified="{Date}2025-11-28T13:56:46.168Z"
                subHeading_x0040_LastModifiedBy="maripaul@eand.com"
                subLink="#"
                subLink_x0040_LastModified="{Date}2025-11-28T13:56:23.919Z"
                subLink_x0040_LastModifiedBy="maripaul@eand.com"/>
        </data>
        <indexedData jcr:primaryType="nt:unstructured">
            <master
                jcr:mixinTypes="[dam:IndexedFragmentData]"
                jcr:primaryType="nt:unstructured"
                jcr:uuid="a09442e5-a930-42dc-b6f5-a258a83144f6"
                _x0040_string_x0040_model="/conf/daas/settings/dam/cfm/models/business-menu-generic-link"
                _x0040_stringArray_x0040_variations="[ar]"
                string_x0040_sameTabOrNewTab="_self"
                string_x0040_subHeading="Hello Business Hub"
                string_x0040_subLink="#"/>
            <ar
                jcr:mixinTypes="[dam:IndexedFragmentData]"
                jcr:primaryType="nt:unstructured"
                jcr:uuid="d3c0ed53-cd5a-4081-ae42-0e35c9e94588"
                _x0040_string_x0040_model="/conf/daas/settings/dam/cfm/models/business-menu-generic-link"
                string_x0040_sameTabOrNewTab="_self"
                string_x0040_subHeading="مرحبًا مركز الأعمال"
                string_x0040_subLink="#"/>
        </indexedData>
        <metadata
            jcr:mixinTypes="[cq:Taggable]"
            jcr:primaryType="nt:unstructured">
            <dam:cfVariations jcr:primaryType="nt:unstructured">
                <ar
                    jcr:mixinTypes="[cq:Taggable]"
                    jcr:primaryType="nt:unstructured"/>
            </dam:cfVariations>
        </metadata>
        <model jcr:primaryType="nt:unstructured">
            <variations jcr:primaryType="nt:unstructured">
                <ar
                    jcr:description="\0"
                    jcr:mixinTypes="[cq:Taggable]"
                    jcr:primaryType="nt:unstructured"
                    jcr:title="Ar"
                    name="ar">
                    <properties
                        jcr:primaryType="nt:unstructured"
                        synchronizeWithVersion="[subHeading:34f011f1-e3c6-427c-b954-5f98cff1ff11,subDescription:34f011f1-e3c6-427c-b954-5f98cff1ff11,linkType:34f011f1-e3c6-427c-b954-5f98cff1ff11,ctaText:34f011f1-e3c6-427c-b954-5f98cff1ff11,subLink:34f011f1-e3c6-427c-b954-5f98cff1ff11,sameTabOrNewTab:34f011f1-e3c6-427c-b954-5f98cff1ff11,actionImage:34f011f1-e3c6-427c-b954-5f98cff1ff11]"/>
                </ar>
            </variations>
        </model>
        <related jcr:primaryType="nt:unstructured"/>
    </jcr:content>
</jcr:root>
