<?xml version="1.0" encoding="UTF-8"?>
<jcr:root xmlns:jcr="http://www.jcp.org/jcr/1.0" xmlns:dam="http://www.day.com/dam/1.0" xmlns:nt="http://www.jcp.org/jcr/nt/1.0" xmlns:mix="http://www.jcp.org/jcr/mix/1.0" xmlns:cq="http://www.day.com/jcr/cq/1.0"
    jcr:isCheckedOut="{Boolean}true"
    jcr:mixinTypes="[cq:contentFragment,mix:referenceable,mix:versionable]"
    jcr:primaryType="dam:Asset"
    jcr:uuid="51dbcd84-6f3f-4051-9e9e-1ba49bcfc2cb">
    <jcr:content
        cq:isDelivered="{Boolean}false"
        cq:lastModified="{Date}2025-11-28T12:13:40.540Z"
        cq:lastModifiedBy="maripaul@eand.com"
        cq:lastReplicated="{Date}2025-12-12T11:08:27.477Z"
        cq:lastReplicated_publish="{Date}2025-12-12T11:08:27.477Z"
        cq:lastReplicatedBy="workflow-process-service"
        cq:lastReplicatedBy_publish="workflow-process-service"
        cq:lastReplicationAction="Activate"
        cq:lastReplicationAction_publish="Activate"
        cq:name="retail"
        cq:parentPath="/content/dam/daas/cfm/header/mega-menu"
        jcr:lastModified="{Date}2025-03-11T22:00:15.907Z"
        jcr:lastModifiedBy="suvenkatachalam@eand.com"
        jcr:mixinTypes="[cq:ReplicationStatus,cq:ReplicationStatus2]"
        jcr:primaryType="dam:AssetContent"
        jcr:title="Retail"
        contentFragment="{Boolean}true"
        lastFragmentSave="{Date}2025-03-11T22:00:15.907Z">
        <data
            cq:model="/conf/daas/settings/dam/cfm/models/business-menu-generic-link"
            jcr:primaryType="nt:unstructured"
            _strucVersion="{Long}1">
            <master
                jcr:mixinTypes="[cq:Taggable,dam:cfVariationNode]"
                jcr:primaryType="nt:unstructured"
                actionImage_x0040_LastModified="{Date}2023-10-21T19:00:34.781Z"
                ctaText_x0040_LastModified="{Date}2023-10-21T19:00:34.781Z"
                linkType_x0040_LastModified="{Date}2023-10-21T19:00:34.781Z"
                sameTabOrNewTab="_self"
                sameTabOrNewTab_x0040_LastModified="{Date}2023-10-21T19:00:58.622Z"
                subDescription_x0040_LastModified="{Date}2023-10-21T19:00:34.781Z"
                subHeading="Retail"
                subHeading_x0040_LastModified="{Date}2023-10-21T19:00:58.621Z"
                subLink="#"
                subLink_x0040_LastModified="{Date}2023-10-21T19:00:58.622Z"/>
            <ar
                jcr:mixinTypes="[cq:Taggable,dam:cfVariationNode]"
                jcr:primaryType="nt:unstructured"
                _x0040_variationCreationDate="{Date}2023-10-21T19:01:05.178Z"
                actionImage_x0040_LastModified="{Date}2023-10-21T19:01:05.180Z"
                ctaText_x0040_LastModified="{Date}2023-10-21T19:01:05.179Z"
                linkType_x0040_LastModified="{Date}2023-10-21T19:01:05.179Z"
                sameTabOrNewTab="_self"
                sameTabOrNewTab_x0040_LastModified="{Date}2023-10-21T19:01:05.180Z"
                subDescription_x0040_LastModified="{Date}2023-10-21T19:01:05.179Z"
                subHeading="مراكز البيع بالتجزئة"
                subHeading_x0040_LastModified="{Date}2023-10-21T19:01:20.443Z"
                subLink="#"
                subLink_x0040_LastModified="{Date}2023-10-21T19:01:20.443Z"/>
        </data>
        <indexedData jcr:primaryType="nt:unstructured">
            <master
                jcr:mixinTypes="[dam:IndexedFragmentData]"
                jcr:primaryType="nt:unstructured"
                jcr:uuid="ba24ac61-0dfb-4460-a306-bf0f7808324c"
                _x0040_string_x0040_model="/conf/daas/settings/dam/cfm/models/business-menu-generic-link"
                _x0040_stringArray_x0040_variations="[ar]"
                string_x0040_sameTabOrNewTab="_self"
                string_x0040_subHeading="Retail"
                string_x0040_subLink="#"/>
            <ar
                jcr:mixinTypes="[dam:IndexedFragmentData]"
                jcr:primaryType="nt:unstructured"
                jcr:uuid="1c4c2630-e16c-435e-a5ba-94ffd6bca709"
                _x0040_string_x0040_model="/conf/daas/settings/dam/cfm/models/business-menu-generic-link"
                string_x0040_sameTabOrNewTab="_self"
                string_x0040_subHeading="مراكز البيع بالتجزئة"
                string_x0040_subLink="#"/>
        </indexedData>
        <metadata
            jcr:mixinTypes="[cq:Taggable]"
            jcr:primaryType="nt:unstructured">
            <dam:cfVariations jcr:primaryType="nt:unstructured">
                <ar
                    jcr:mixinTypes="[cq:Taggable]"
                    jcr:primaryType="nt:unstructured"/>
            </dam:cfVariations>
        </metadata>
        <model jcr:primaryType="nt:unstructured">
            <variations jcr:primaryType="nt:unstructured">
                <ar
                    jcr:description="\0"
                    jcr:mixinTypes="[cq:Taggable]"
                    jcr:primaryType="nt:unstructured"
                    jcr:title="Ar"
                    name="ar">
                    <properties
                        jcr:primaryType="nt:unstructured"
                        synchronizeWithVersion="[subHeading:0fabb32e-1905-4861-ab58-c551f2b395a6,subDescription:0fabb32e-1905-4861-ab58-c551f2b395a6,linkType:0fabb32e-1905-4861-ab58-c551f2b395a6,ctaText:0fabb32e-1905-4861-ab58-c551f2b395a6,subLink:0fabb32e-1905-4861-ab58-c551f2b395a6,sameTabOrNewTab:0fabb32e-1905-4861-ab58-c551f2b395a6,actionImage:0fabb32e-1905-4861-ab58-c551f2b395a6]"/>
                </ar>
            </variations>
        </model>
        <related jcr:primaryType="nt:unstructured"/>
    </jcr:content>
</jcr:root>
