<?xml version="1.0" encoding="UTF-8"?>
<jcr:root xmlns:jcr="http://www.jcp.org/jcr/1.0" xmlns:dam="http://www.day.com/dam/1.0" xmlns:nt="http://www.jcp.org/jcr/nt/1.0" xmlns:mix="http://www.jcp.org/jcr/mix/1.0" xmlns:cq="http://www.day.com/jcr/cq/1.0"
    jcr:isCheckedOut="{Boolean}true"
    jcr:mixinTypes="[cq:contentFragment,mix:referenceable,mix:versionable]"
    jcr:primaryType="dam:Asset"
    jcr:uuid="08f7c42f-5699-4418-875e-06dcb003b19e">
    <jcr:content
        cq:isDelivered="{Boolean}false"
        cq:lastModified="{Date}2025-11-28T12:13:44.959Z"
        cq:lastModifiedBy="maripaul@eand.com"
        cq:lastReplicated="{Date}2025-12-12T11:08:27.477Z"
        cq:lastReplicated_publish="{Date}2025-12-12T11:08:27.477Z"
        cq:lastReplicatedBy="workflow-process-service"
        cq:lastReplicatedBy_publish="workflow-process-service"
        cq:lastReplicationAction="Activate"
        cq:lastReplicationAction_publish="Activate"
        cq:name="build-your-app"
        cq:parentPath="/content/dam/daas/cfm/header/mega-menu"
        jcr:lastModified="{Date}2023-10-21T17:57:45.591Z"
        jcr:lastModifiedBy="azaraheem@etisalat.ae"
        jcr:mixinTypes="[cq:ReplicationStatus,cq:ReplicationStatus2]"
        jcr:primaryType="dam:AssetContent"
        jcr:title="Build Your App"
        contentFragment="{Boolean}true"
        lastFragmentSave="{Date}2023-10-21T17:57:45.591Z">
        <data
            cq:model="/conf/daas/settings/dam/cfm/models/business-menu-generic-link"
            jcr:primaryType="nt:unstructured"
            _strucVersion="{Long}1">
            <master
                jcr:mixinTypes="[cq:Taggable,dam:cfVariationNode]"
                jcr:primaryType="nt:unstructured"
                actionImage_x0040_LastModified="{Date}2023-10-21T17:56:50.723Z"
                ctaText_x0040_LastModified="{Date}2023-10-21T17:56:50.723Z"
                linkType_x0040_LastModified="{Date}2023-10-21T17:56:50.723Z"
                sameTabOrNewTab="_self"
                sameTabOrNewTab_x0040_LastModified="{Date}2023-10-21T17:57:23.850Z"
                subDescription_x0040_LastModified="{Date}2023-10-21T17:56:50.723Z"
                subHeading="Build Your App"
                subHeading_x0040_LastModified="{Date}2023-10-21T17:57:23.849Z"
                subLink="#"
                subLink_x0040_LastModified="{Date}2023-10-21T17:57:23.849Z"/>
            <ar
                jcr:mixinTypes="[cq:Taggable,dam:cfVariationNode]"
                jcr:primaryType="nt:unstructured"
                _x0040_variationCreationDate="{Date}2023-10-21T17:57:28.561Z"
                actionImage_x0040_LastModified="{Date}2023-10-21T17:57:28.563Z"
                ctaText_x0040_LastModified="{Date}2023-10-21T17:57:28.563Z"
                linkType_x0040_LastModified="{Date}2023-10-21T17:57:28.562Z"
                sameTabOrNewTab="_self"
                sameTabOrNewTab_x0040_LastModified="{Date}2023-10-21T17:57:28.563Z"
                subDescription_x0040_LastModified="{Date}2023-10-21T17:57:28.562Z"
                subHeading="إنشاء التطبيقات"
                subHeading_x0040_LastModified="{Date}2023-10-21T17:57:45.335Z"
                subLink="#"
                subLink_x0040_LastModified="{Date}2023-10-21T17:57:45.335Z"/>
        </data>
        <indexedData jcr:primaryType="nt:unstructured">
            <master
                jcr:mixinTypes="[dam:IndexedFragmentData]"
                jcr:primaryType="nt:unstructured"
                jcr:uuid="b7d2da05-e26a-4383-8d05-d9e71705700a"
                _x0040_string_x0040_model="/conf/daas/settings/dam/cfm/models/business-menu-generic-link"
                _x0040_stringArray_x0040_variations="[ar]"
                string_x0040_sameTabOrNewTab="_self"
                string_x0040_subHeading="Build Your App"
                string_x0040_subLink="#"/>
            <ar
                jcr:mixinTypes="[dam:IndexedFragmentData]"
                jcr:primaryType="nt:unstructured"
                jcr:uuid="80156232-6bd6-4bc8-9a7b-52846a845638"
                _x0040_string_x0040_model="/conf/daas/settings/dam/cfm/models/business-menu-generic-link"
                string_x0040_sameTabOrNewTab="_self"
                string_x0040_subHeading="إنشاء التطبيقات"
                string_x0040_subLink="#"/>
        </indexedData>
        <metadata
            jcr:mixinTypes="[cq:Taggable]"
            jcr:primaryType="nt:unstructured"/>
        <model jcr:primaryType="nt:unstructured">
            <variations jcr:primaryType="nt:unstructured">
                <ar
                    jcr:description="\0"
                    jcr:mixinTypes="[cq:Taggable]"
                    jcr:primaryType="nt:unstructured"
                    jcr:title="Ar"
                    name="ar">
                    <properties
                        jcr:primaryType="nt:unstructured"
                        synchronizeWithVersion="[subHeading:1693a6f0-ec16-43e6-a6ea-740c1a3385fc,subDescription:1693a6f0-ec16-43e6-a6ea-740c1a3385fc,linkType:1693a6f0-ec16-43e6-a6ea-740c1a3385fc,ctaText:1693a6f0-ec16-43e6-a6ea-740c1a3385fc,subLink:1693a6f0-ec16-43e6-a6ea-740c1a3385fc,sameTabOrNewTab:1693a6f0-ec16-43e6-a6ea-740c1a3385fc,actionImage:1693a6f0-ec16-43e6-a6ea-740c1a3385fc]"/>
                </ar>
            </variations>
        </model>
        <related jcr:primaryType="nt:unstructured"/>
    </jcr:content>
</jcr:root>
