<?xml version="1.0" encoding="UTF-8"?>
<jcr:root xmlns:jcr="http://www.jcp.org/jcr/1.0" xmlns:dam="http://www.day.com/dam/1.0" xmlns:nt="http://www.jcp.org/jcr/nt/1.0" xmlns:mix="http://www.jcp.org/jcr/mix/1.0" xmlns:cq="http://www.day.com/jcr/cq/1.0"
    jcr:isCheckedOut="{Boolean}true"
    jcr:mixinTypes="[cq:contentFragment,mix:referenceable,mix:versionable]"
    jcr:primaryType="dam:Asset"
    jcr:uuid="d7a8bf67-9e60-4c9e-bd96-0764857189b9">
    <jcr:content
        cq:isDelivered="{Boolean}false"
        cq:lastModified="{Date}2025-11-28T12:13:35.975Z"
        cq:lastModifiedBy="maripaul@eand.com"
        cq:lastReplicated="{Date}2025-12-12T11:08:37.533Z"
        cq:lastReplicated_publish="{Date}2025-12-12T11:08:37.533Z"
        cq:lastReplicatedBy="workflow-process-service"
        cq:lastReplicatedBy_publish="workflow-process-service"
        cq:lastReplicationAction="Activate"
        cq:lastReplicationAction_publish="Activate"
        cq:name="carrier-and-wholesale"
        cq:parentPath="/content/dam/daas/cfm/header/top-navigation"
        jcr:lastModified="{Date}2025-12-11T13:43:54.739Z"
        jcr:lastModifiedBy="amaidheen@eand.com"
        jcr:mixinTypes="[cq:ReplicationStatus,cq:ReplicationStatus2]"
        jcr:primaryType="dam:AssetContent"
        jcr:title="Carrier &amp; Wholesale"
        contentFragment="{Boolean}true"
        lastFragmentSave="{Date}2025-12-11T13:43:54.739Z">
        <data
            cq:model="/conf/daas/settings/dam/cfm/models/business-menu-generic-link"
            jcr:primaryType="nt:unstructured"
            _strucVersion="{Long}1">
            <master
                jcr:mixinTypes="[cq:Taggable,dam:cfVariationNode]"
                jcr:primaryType="nt:unstructured"
                actionImage_x0040_LastModified="{Date}2023-10-21T12:02:02.438Z"
                ctaText_x0040_LastModified="{Date}2023-10-21T12:02:02.438Z"
                linkType_x0040_LastModified="{Date}2025-12-11T13:43:45.030Z"
                linkType_x0040_LastModifiedBy="amaidheen@eand.com"
                sameTabOrNewTab="_self"
                sameTabOrNewTab_x0040_LastModified="{Date}2023-10-21T12:02:31.812Z"
                subDescription_x0040_LastModified="{Date}2023-10-21T12:02:02.438Z"
                subHeading="Carrier &amp; Wholesale"
                subHeading_x0040_LastModified="{Date}2023-10-21T12:02:31.811Z"
                subLink="https://www.etisalat.ae/en/carrier-and-wholesale/index.html"
                subLink_x0040_LastModified="{Date}2025-12-11T13:43:45.029Z"
                subLink_x0040_LastModifiedBy="amaidheen@eand.com">
                <card
                    jcr:primaryType="nt:unstructured"
                    assets="[]"
                    texts="[Carrier &amp; Wholesale,https:#]"/>
            </master>
            <ar
                jcr:mixinTypes="[cq:Taggable,dam:cfVariationNode]"
                jcr:primaryType="nt:unstructured"
                _x0040_variationCreationDate="{Date}2023-10-21T12:02:37.787Z"
                actionImage_x0040_LastModified="{Date}2023-10-21T12:02:37.790Z"
                ctaText_x0040_LastModified="{Date}2023-10-21T12:02:37.789Z"
                linkType_x0040_LastModified="{Date}2025-12-11T13:43:54.564Z"
                linkType_x0040_LastModifiedBy="amaidheen@eand.com"
                sameTabOrNewTab="_self"
                sameTabOrNewTab_x0040_LastModified="{Date}2023-10-21T12:02:37.789Z"
                subDescription_x0040_LastModified="{Date}2023-10-21T12:02:37.788Z"
                subHeading="المشغلين"
                subHeading_x0040_LastModified="{Date}2023-10-21T12:02:56.284Z"
                subLink="https://www.etisalat.ae/ar/carrier-and-wholesale/index.html"
                subLink_x0040_LastModified="{Date}2025-12-11T13:43:52.310Z"
                subLink_x0040_LastModifiedBy="amaidheen@eand.com"/>
        </data>
        <indexedData jcr:primaryType="nt:unstructured">
            <master
                jcr:mixinTypes="[dam:IndexedFragmentData]"
                jcr:primaryType="nt:unstructured"
                jcr:uuid="8fff9993-5e7e-4a29-bb94-e9d20d64dce3"
                _x0040_string_x0040_model="/conf/daas/settings/dam/cfm/models/business-menu-generic-link"
                _x0040_stringArray_x0040_variations="[ar]"
                string_x0040_sameTabOrNewTab="_self"
                string_x0040_subHeading="Carrier &amp; Wholesale"
                string_x0040_subLink="https://www.etisalat.ae/en/carrier-and-wholesale/index.html"/>
            <ar
                jcr:mixinTypes="[dam:IndexedFragmentData]"
                jcr:primaryType="nt:unstructured"
                jcr:uuid="f134817f-b700-4b55-9c8d-f498035ea0ef"
                _x0040_string_x0040_model="/conf/daas/settings/dam/cfm/models/business-menu-generic-link"
                string_x0040_sameTabOrNewTab="_self"
                string_x0040_subHeading="المشغلين"
                string_x0040_subLink="https://www.etisalat.ae/ar/carrier-and-wholesale/index.html"/>
        </indexedData>
        <metadata
            jcr:mixinTypes="[cq:Taggable]"
            jcr:primaryType="nt:unstructured">
            <dam:cfVariations jcr:primaryType="nt:unstructured">
                <ar
                    jcr:mixinTypes="[cq:Taggable]"
                    jcr:primaryType="nt:unstructured"/>
            </dam:cfVariations>
        </metadata>
        <model jcr:primaryType="nt:unstructured">
            <variations jcr:primaryType="nt:unstructured">
                <ar
                    jcr:description="\0"
                    jcr:mixinTypes="[cq:Taggable]"
                    jcr:primaryType="nt:unstructured"
                    jcr:title="Ar"
                    name="ar">
                    <properties
                        jcr:primaryType="nt:unstructured"
                        synchronizeWithVersion="[subHeading:7be497b3-8530-49c8-a7c7-2dc603f9d694,subDescription:7be497b3-8530-49c8-a7c7-2dc603f9d694,linkType:7be497b3-8530-49c8-a7c7-2dc603f9d694,ctaText:7be497b3-8530-49c8-a7c7-2dc603f9d694,subLink:7be497b3-8530-49c8-a7c7-2dc603f9d694,sameTabOrNewTab:7be497b3-8530-49c8-a7c7-2dc603f9d694,actionImage:7be497b3-8530-49c8-a7c7-2dc603f9d694]"/>
                </ar>
            </variations>
        </model>
        <related jcr:primaryType="nt:unstructured"/>
    </jcr:content>
</jcr:root>
