<?xml version="1.0" encoding="UTF-8"?>
<jcr:root xmlns:jcr="http://www.jcp.org/jcr/1.0" xmlns:dam="http://www.day.com/dam/1.0" xmlns:nt="http://www.jcp.org/jcr/nt/1.0" xmlns:mix="http://www.jcp.org/jcr/mix/1.0" xmlns:cq="http://www.day.com/jcr/cq/1.0"
    jcr:isCheckedOut="{Boolean}true"
    jcr:mixinTypes="[cq:contentFragment,mix:referenceable,mix:versionable]"
    jcr:primaryType="dam:Asset"
    jcr:uuid="023e448a-1903-4314-ab4c-d4dcdb20c31b">
    <jcr:content
        cq:isDelivered="{Boolean}false"
        cq:lastModified="{Date}2025-11-28T12:13:42.925Z"
        cq:lastModifiedBy="maripaul@eand.com"
        cq:lastReplicated="{Date}2025-12-12T11:08:27.477Z"
        cq:lastReplicated_publish="{Date}2025-12-12T11:08:27.477Z"
        cq:lastReplicatedBy="workflow-process-service"
        cq:lastReplicatedBy_publish="workflow-process-service"
        cq:lastReplicationAction="Activate"
        cq:lastReplicationAction_publish="Activate"
        cq:name="paid-media"
        cq:parentPath="/content/dam/daas/cfm/header/mega-menu/digital-marketing"
        jcr:lastModified="{Date}2025-03-11T23:04:40.015Z"
        jcr:lastModifiedBy="suvenkatachalam@eand.com"
        jcr:mixinTypes="[cq:ReplicationStatus,cq:ReplicationStatus2]"
        jcr:primaryType="dam:AssetContent"
        jcr:title="Paid Media"
        contentFragment="{Boolean}true"
        lastFragmentSave="{Date}2025-03-11T23:04:40.015Z">
        <data
            cq:model="/conf/daas/settings/dam/cfm/models/business-menu-generic-link"
            jcr:primaryType="nt:unstructured"
            _strucVersion="{Long}1">
            <master
                jcr:mixinTypes="[cq:Taggable,dam:cfVariationNode]"
                jcr:primaryType="nt:unstructured"
                actionImage_x0040_LastModified="{Date}2023-10-21T19:35:27.080Z"
                ctaText_x0040_LastModified="{Date}2023-10-21T19:35:27.080Z"
                linkType_x0040_LastModified="{Date}2023-10-21T19:35:27.080Z"
                sameTabOrNewTab="_self"
                sameTabOrNewTab_x0040_LastModified="{Date}2023-10-21T19:35:48.771Z"
                subDescription_x0040_LastModified="{Date}2023-10-21T19:35:27.080Z"
                subHeading="Paid Media"
                subHeading_x0040_LastModified="{Date}2023-10-21T19:35:48.771Z"
                subLink="#?##2"
                subLink_x0040_LastModified="{Date}2025-03-11T22:53:35.971Z"
                subLink_x0040_LastModifiedBy="suvenkatachalam@eand.com"/>
            <ar
                jcr:mixinTypes="[cq:Taggable,dam:cfVariationNode]"
                jcr:primaryType="nt:unstructured"
                _x0040_variationCreationDate="{Date}2023-10-21T19:35:53.948Z"
                actionImage_x0040_LastModified="{Date}2023-10-21T19:35:53.950Z"
                ctaText_x0040_LastModified="{Date}2023-10-21T19:35:53.949Z"
                linkType_x0040_LastModified="{Date}2023-10-21T19:35:53.949Z"
                sameTabOrNewTab="_self"
                sameTabOrNewTab_x0040_LastModified="{Date}2023-10-21T19:35:53.950Z"
                subDescription_x0040_LastModified="{Date}2023-10-21T19:35:53.949Z"
                subHeading="أدوات انشاء المواقع"
                subHeading_x0040_LastModified="{Date}2023-10-21T19:36:34.649Z"
                subLink="#?##2"
                subLink_x0040_LastModified="{Date}2025-03-11T22:54:16.071Z"
                subLink_x0040_LastModifiedBy="suvenkatachalam@eand.com"/>
        </data>
        <indexedData jcr:primaryType="nt:unstructured">
            <master
                jcr:mixinTypes="[dam:IndexedFragmentData]"
                jcr:primaryType="nt:unstructured"
                jcr:uuid="51c59ec2-1e68-422c-96d9-41c6b4e78f2c"
                _x0040_string_x0040_model="/conf/daas/settings/dam/cfm/models/business-menu-generic-link"
                _x0040_stringArray_x0040_variations="[ar]"
                string_x0040_sameTabOrNewTab="_self"
                string_x0040_subHeading="Paid Media"
                string_x0040_subLink="#?##2"/>
            <ar
                jcr:mixinTypes="[dam:IndexedFragmentData]"
                jcr:primaryType="nt:unstructured"
                jcr:uuid="48357d27-3622-4802-91be-7ef2cfe84a67"
                _x0040_string_x0040_model="/conf/daas/settings/dam/cfm/models/business-menu-generic-link"
                string_x0040_sameTabOrNewTab="_self"
                string_x0040_subHeading="أدوات انشاء المواقع"
                string_x0040_subLink="#?##2"/>
        </indexedData>
        <metadata
            jcr:mixinTypes="[cq:Taggable]"
            jcr:primaryType="nt:unstructured">
            <dam:cfVariations jcr:primaryType="nt:unstructured">
                <ar
                    jcr:mixinTypes="[cq:Taggable]"
                    jcr:primaryType="nt:unstructured"/>
            </dam:cfVariations>
        </metadata>
        <model jcr:primaryType="nt:unstructured">
            <variations jcr:primaryType="nt:unstructured">
                <ar
                    jcr:description="\0"
                    jcr:mixinTypes="[cq:Taggable]"
                    jcr:primaryType="nt:unstructured"
                    jcr:title="Ar"
                    name="ar">
                    <properties
                        jcr:primaryType="nt:unstructured"
                        synchronizeWithVersion="[subHeading:d3543730-592c-4ebd-bdf9-ca793fee3f31,subDescription:d3543730-592c-4ebd-bdf9-ca793fee3f31,linkType:d3543730-592c-4ebd-bdf9-ca793fee3f31,ctaText:d3543730-592c-4ebd-bdf9-ca793fee3f31,subLink:d3543730-592c-4ebd-bdf9-ca793fee3f31,sameTabOrNewTab:d3543730-592c-4ebd-bdf9-ca793fee3f31,actionImage:d3543730-592c-4ebd-bdf9-ca793fee3f31]"/>
                </ar>
            </variations>
        </model>
        <related jcr:primaryType="nt:unstructured"/>
    </jcr:content>
</jcr:root>
