<?xml version="1.0" encoding="UTF-8"?>
<jcr:root xmlns:jcr="http://www.jcp.org/jcr/1.0" xmlns:dam="http://www.day.com/dam/1.0" xmlns:nt="http://www.jcp.org/jcr/nt/1.0" xmlns:mix="http://www.jcp.org/jcr/mix/1.0" xmlns:cq="http://www.day.com/jcr/cq/1.0"
    jcr:isCheckedOut="{Boolean}true"
    jcr:mixinTypes="[cq:contentFragment,mix:referenceable,mix:versionable]"
    jcr:primaryType="dam:Asset"
    jcr:uuid="629ebb56-e14e-44b6-b6e9-bec7bcb973e7">
    <jcr:content
        cq:isDelivered="{Boolean}false"
        cq:lastModified="{Date}2025-11-28T12:13:33.514Z"
        cq:lastModifiedBy="maripaul@eand.com"
        cq:lastReplicated="{Date}2025-12-12T11:08:37.533Z"
        cq:lastReplicated_publish="{Date}2025-12-12T11:08:37.533Z"
        cq:lastReplicatedBy="workflow-process-service"
        cq:lastReplicatedBy_publish="workflow-process-service"
        cq:lastReplicationAction="Activate"
        cq:lastReplicationAction_publish="Activate"
        cq:name="product-sub-sec-4"
        cq:parentPath="/content/dam/daas/cfm/header/top-navigation"
        jcr:lastModified="{Date}2025-03-11T12:16:23.974Z"
        jcr:lastModifiedBy="suvenkatachalam@eand.com"
        jcr:mixinTypes="[cq:ReplicationStatus,cq:ReplicationStatus2]"
        jcr:primaryType="dam:AssetContent"
        jcr:title="Product Sub Sec 4"
        contentFragment="{Boolean}true"
        lastFragmentSave="{Date}2025-03-11T12:16:23.974Z">
        <data
            cq:model="/conf/daas/settings/dam/cfm/models/business-mega-menu-sub-section"
            jcr:primaryType="nt:unstructured"
            _strucVersion="{Long}1">
            <master
                jcr:mixinTypes="[cq:Taggable,dam:cfVariationNode]"
                jcr:primaryType="nt:unstructured"
                menuHeading="Devices"
                menuHeading_x0040_LastModified="{Date}2023-10-21T18:33:05.227Z"
                menuSubSection="[/content/dam/daas/cfm/header/mega-menu/devices/mobile,/content/dam/daas/cfm/header/mega-menu/devices/tablets,/content/dam/daas/cfm/header/mega-menu/devices/laptops,/content/dam/daas/cfm/header/mega-menu/devices/printers,/content/dam/daas/cfm/header/mega-menu/devices/displays,/content/dam/daas/cfm/header/mega-menu/devices/wearables,/content/dam/daas/cfm/header/mega-menu/devices/accessories,/content/dam/daas/cfm/header/mega-menu/devices/bundled-devices]"
                menuSubSection_x0040_LastModified="{Date}2025-03-11T11:49:53.432Z"
                menuSubSection_x0040_LastModifiedBy="suvenkatachalam@eand.com"/>
            <ar
                jcr:mixinTypes="[cq:Taggable,dam:cfVariationNode]"
                jcr:primaryType="nt:unstructured"
                _x0040_variationCreationDate="{Date}2023-10-21T18:33:10.338Z"
                menuHeading="الأجهزة"
                menuHeading_x0040_LastModified="{Date}2023-10-21T18:33:20.943Z"
                menuSubSection="[/content/dam/daas/cfm/header/mega-menu/devices/mobile,/content/dam/daas/cfm/header/mega-menu/devices/tablets,/content/dam/daas/cfm/header/mega-menu/devices/laptops,/content/dam/daas/cfm/header/mega-menu/devices/printers,/content/dam/daas/cfm/header/mega-menu/devices/displays,/content/dam/daas/cfm/header/mega-menu/devices/wearables,/content/dam/daas/cfm/header/mega-menu/devices/accessories,/content/dam/daas/cfm/header/mega-menu/devices/bundled-devices]"
                menuSubSection_x0040_LastModified="{Date}2025-03-11T11:51:27.982Z"
                menuSubSection_x0040_LastModifiedBy="suvenkatachalam@eand.com"/>
        </data>
        <indexedData jcr:primaryType="nt:unstructured">
            <master
                jcr:mixinTypes="[dam:IndexedFragmentData]"
                jcr:primaryType="nt:unstructured"
                jcr:uuid="750852aa-559e-42bd-ad26-a2222760c74b"
                _x0040_string_x0040_model="/conf/daas/settings/dam/cfm/models/business-mega-menu-sub-section"
                _x0040_stringArray_x0040_variations="[ar]"
                string_x0040_menuHeading="Devices"/>
            <ar
                jcr:mixinTypes="[dam:IndexedFragmentData]"
                jcr:primaryType="nt:unstructured"
                jcr:uuid="e6e7577c-1a10-45e0-bd50-4ba358833bae"
                _x0040_string_x0040_model="/conf/daas/settings/dam/cfm/models/business-mega-menu-sub-section"
                string_x0040_menuHeading="الأجهزة"/>
        </indexedData>
        <metadata
            jcr:mixinTypes="[cq:Taggable]"
            jcr:primaryType="nt:unstructured">
            <dam:cfVariations jcr:primaryType="nt:unstructured">
                <ar
                    jcr:mixinTypes="[cq:Taggable]"
                    jcr:primaryType="nt:unstructured"/>
            </dam:cfVariations>
        </metadata>
        <model jcr:primaryType="nt:unstructured">
            <variations jcr:primaryType="nt:unstructured">
                <ar
                    jcr:description="\0"
                    jcr:mixinTypes="[cq:Taggable]"
                    jcr:primaryType="nt:unstructured"
                    jcr:title="Ar"
                    name="ar">
                    <properties
                        jcr:primaryType="nt:unstructured"
                        synchronizeWithVersion="[menuHeading:ea879809-d8b3-439c-8fb2-ef703608566f,menuSubSection:ea879809-d8b3-439c-8fb2-ef703608566f]"/>
                </ar>
            </variations>
        </model>
        <related jcr:primaryType="nt:unstructured"/>
    </jcr:content>
</jcr:root>
