<?xml version="1.0" encoding="UTF-8"?>
<jcr:root xmlns:jcr="http://www.jcp.org/jcr/1.0" xmlns:dam="http://www.day.com/dam/1.0" xmlns:nt="http://www.jcp.org/jcr/nt/1.0" xmlns:mix="http://www.jcp.org/jcr/mix/1.0" xmlns:cq="http://www.day.com/jcr/cq/1.0"
    jcr:isCheckedOut="{Boolean}true"
    jcr:mixinTypes="[cq:contentFragment,mix:referenceable,mix:versionable]"
    jcr:primaryType="dam:Asset"
    jcr:uuid="a3aadf37-d5f6-484c-8d85-6a7f0b48dd3c">
    <jcr:content
        cq:isDelivered="{Boolean}false"
        cq:lastModified="{Date}2025-11-28T12:13:31.765Z"
        cq:lastModifiedBy="maripaul@eand.com"
        cq:lastReplicated="{Date}2025-12-12T11:08:37.533Z"
        cq:lastReplicated_publish="{Date}2025-12-12T11:08:37.533Z"
        cq:lastReplicatedBy="workflow-process-service"
        cq:lastReplicatedBy_publish="workflow-process-service"
        cq:lastReplicationAction="Activate"
        cq:lastReplicationAction_publish="Activate"
        cq:name="e&amp;-universe"
        cq:parentPath="/content/dam/daas/cfm/header/top-navigation/eand-topnav"
        jcr:lastModified="{Date}2023-10-24T12:46:48.215Z"
        jcr:lastModifiedBy="azaraheem@etisalat.ae"
        jcr:mixinTypes="[cq:ReplicationStatus,cq:ReplicationStatus2]"
        jcr:primaryType="dam:AssetContent"
        jcr:title="e&amp; universe"
        contentFragment="{Boolean}true"
        lastFragmentSave="{Date}2023-10-24T12:46:48.215Z">
        <data
            cq:model="/conf/daas/settings/dam/cfm/models/business-menu-generic-link"
            jcr:primaryType="nt:unstructured"
            _strucVersion="{Long}1">
            <master
                jcr:mixinTypes="[cq:Taggable,dam:cfVariationNode]"
                jcr:primaryType="nt:unstructured"
                actionImage_x0040_LastModified="{Date}2023-10-21T13:03:15.337Z"
                ctaText_x0040_LastModified="{Date}2023-10-21T13:03:15.337Z"
                linkType="[absolute]"
                linkType_x0040_LastModified="{Date}2023-10-21T13:03:50.285Z"
                sameTabOrNewTab="_blank"
                sameTabOrNewTab_x0040_LastModified="{Date}2023-10-21T13:03:50.286Z"
                subDescription_x0040_LastModified="{Date}2023-10-21T13:03:15.337Z"
                subHeading="e&amp; universe"
                subHeading_x0040_LastModified="{Date}2023-10-21T13:03:50.284Z"
                subLink="https:#"
                subLink_x0040_LastModified="{Date}2023-10-24T12:46:37.745Z"/>
            <ar
                jcr:mixinTypes="[cq:Taggable,dam:cfVariationNode]"
                jcr:primaryType="nt:unstructured"
                _x0040_variationCreationDate="{Date}2023-10-21T13:03:55.585Z"
                actionImage_x0040_LastModified="{Date}2023-10-21T13:03:55.589Z"
                ctaText_x0040_LastModified="{Date}2023-10-21T13:03:55.588Z"
                linkType="[absolute]"
                linkType_x0040_LastModified="{Date}2023-10-21T13:03:55.587Z"
                sameTabOrNewTab="_blank"
                sameTabOrNewTab_x0040_LastModified="{Date}2023-10-21T13:03:55.588Z"
                subDescription_x0040_LastModified="{Date}2023-10-21T13:03:55.587Z"
                subHeading="&amp;e يونيفرس"
                subHeading_x0040_LastModified="{Date}2023-10-21T13:04:19.019Z"
                subLink="https:#"
                subLink_x0040_LastModified="{Date}2023-10-24T12:46:47.998Z"/>
        </data>
        <indexedData jcr:primaryType="nt:unstructured">
            <master
                jcr:mixinTypes="[dam:IndexedFragmentData]"
                jcr:primaryType="nt:unstructured"
                jcr:uuid="9cc227f5-d8ae-4694-8063-fed8b4845ef6"
                _x0040_string_x0040_model="/conf/daas/settings/dam/cfm/models/business-menu-generic-link"
                _x0040_stringArray_x0040_variations="[ar]"
                string_x0040_sameTabOrNewTab="_blank"
                string_x0040_subHeading="e&amp; universe"
                string_x0040_subLink="https:#"
                stringArray_x0040_linkType="[absolute]"/>
            <ar
                jcr:mixinTypes="[dam:IndexedFragmentData]"
                jcr:primaryType="nt:unstructured"
                jcr:uuid="fec9fdad-919a-41df-be88-124d7c92c8ed"
                _x0040_string_x0040_model="/conf/daas/settings/dam/cfm/models/business-menu-generic-link"
                string_x0040_sameTabOrNewTab="_blank"
                string_x0040_subHeading="&amp;e يونيفرس"
                string_x0040_subLink="https:#"
                stringArray_x0040_linkType="[absolute]"/>
        </indexedData>
        <metadata
            jcr:mixinTypes="[cq:Taggable]"
            jcr:primaryType="nt:unstructured"/>
        <model jcr:primaryType="nt:unstructured">
            <variations jcr:primaryType="nt:unstructured">
                <ar
                    jcr:description="\0"
                    jcr:mixinTypes="[cq:Taggable]"
                    jcr:primaryType="nt:unstructured"
                    jcr:title="Ar"
                    name="ar">
                    <properties
                        jcr:primaryType="nt:unstructured"
                        synchronizeWithVersion="[subHeading:8a22ffbe-64e5-4e1b-b088-bb35520089ac,subDescription:8a22ffbe-64e5-4e1b-b088-bb35520089ac,linkType:8a22ffbe-64e5-4e1b-b088-bb35520089ac,ctaText:8a22ffbe-64e5-4e1b-b088-bb35520089ac,subLink:8a22ffbe-64e5-4e1b-b088-bb35520089ac,sameTabOrNewTab:8a22ffbe-64e5-4e1b-b088-bb35520089ac,actionImage:8a22ffbe-64e5-4e1b-b088-bb35520089ac]"/>
                </ar>
            </variations>
        </model>
        <related jcr:primaryType="nt:unstructured"/>
    </jcr:content>
</jcr:root>
