<?xml version="1.0" encoding="UTF-8"?>
<jcr:root xmlns:jcr="http://www.jcp.org/jcr/1.0" xmlns:dam="http://www.day.com/dam/1.0" xmlns:nt="http://www.jcp.org/jcr/nt/1.0" xmlns:mix="http://www.jcp.org/jcr/mix/1.0" xmlns:cq="http://www.day.com/jcr/cq/1.0"
    jcr:isCheckedOut="{Boolean}true"
    jcr:mixinTypes="[cq:contentFragment,mix:referenceable,mix:versionable]"
    jcr:primaryType="dam:Asset"
    jcr:uuid="9154b550-e6d5-4c42-ae23-0f9102f2e832">
    <jcr:content
        cq:isDelivered="{Boolean}false"
        cq:lastReplicated="{Date}2025-12-12T11:11:25.622Z"
        cq:lastReplicated_publish="{Date}2025-12-12T11:11:25.622Z"
        cq:lastReplicatedBy="workflow-process-service"
        cq:lastReplicatedBy_publish="workflow-process-service"
        cq:lastReplicationAction="Activate"
        cq:lastReplicationAction_publish="Activate"
        cq:name="ishare"
        cq:parentPath="/content/dam/daas/cfm/footer-quicklinks/quick-links"
        jcr:lastModified="{Date}2025-11-28T13:48:06.921Z"
        jcr:lastModifiedBy="maripaul@eand.com"
        jcr:mixinTypes="[cq:ReplicationStatus,cq:ReplicationStatus2]"
        jcr:primaryType="dam:AssetContent"
        jcr:title="iShare"
        contentFragment="{Boolean}true"
        lastFragmentSave="{Date}2025-11-28T13:48:06.921Z">
        <data
            cq:model="/conf/daas/settings/dam/cfm/models/business-menu-generic-link"
            jcr:primaryType="nt:unstructured"
            _strucVersion="{Long}1">
            <master
                jcr:mixinTypes="[cq:Taggable,dam:cfVariationNode]"
                jcr:primaryType="nt:unstructured"
                actionImage_x0040_LastModified="{Date}2025-11-28T13:46:57.304Z"
                ctaText_x0040_LastModified="{Date}2025-11-28T13:46:57.304Z"
                linkType_x0040_LastModified="{Date}2025-11-28T13:46:57.304Z"
                sameTabOrNewTab="_self"
                sameTabOrNewTab_x0040_LastModified="{Date}2025-11-28T13:47:35.264Z"
                sameTabOrNewTab_x0040_LastModifiedBy="maripaul@eand.com"
                subDescription_x0040_LastModified="{Date}2025-11-28T13:46:57.304Z"
                subHeading="iShare"
                subHeading_x0040_LastModified="{Date}2025-11-28T13:47:35.263Z"
                subHeading_x0040_LastModifiedBy="maripaul@eand.com"
                subLink="#"
                subLink_x0040_LastModified="{Date}2025-11-28T13:47:35.264Z"
                subLink_x0040_LastModifiedBy="maripaul@eand.com">
                <card
                    jcr:primaryType="nt:unstructured"
                    assets="[]"
                    texts="[]"/>
            </master>
            <ar
                jcr:mixinTypes="[cq:Taggable,dam:cfVariationNode]"
                jcr:primaryType="nt:unstructured"
                _x0040_variationCreationDate="{Date}2025-11-28T13:47:45.961Z"
                actionImage_x0040_LastModified="{Date}2025-11-28T13:47:45.966Z"
                actionImage_x0040_LastModifiedBy="maripaul@eand.com"
                ctaText_x0040_LastModified="{Date}2025-11-28T13:47:45.964Z"
                ctaText_x0040_LastModifiedBy="maripaul@eand.com"
                linkType_x0040_LastModified="{Date}2025-11-28T13:47:45.964Z"
                linkType_x0040_LastModifiedBy="maripaul@eand.com"
                sameTabOrNewTab="_self"
                sameTabOrNewTab_x0040_LastModified="{Date}2025-11-28T13:47:45.966Z"
                sameTabOrNewTab_x0040_LastModifiedBy="maripaul@eand.com"
                subDescription_x0040_LastModified="{Date}2025-11-28T13:47:45.963Z"
                subDescription_x0040_LastModifiedBy="maripaul@eand.com"
                subHeading="iShare"
                subHeading_x0040_LastModified="{Date}2025-11-28T13:47:45.963Z"
                subHeading_x0040_LastModifiedBy="maripaul@eand.com"
                subLink="#"
                subLink_x0040_LastModified="{Date}2025-11-28T13:47:45.965Z"
                subLink_x0040_LastModifiedBy="maripaul@eand.com"/>
        </data>
        <indexedData jcr:primaryType="nt:unstructured">
            <master
                jcr:mixinTypes="[dam:IndexedFragmentData]"
                jcr:primaryType="nt:unstructured"
                jcr:uuid="8bbb3e1d-d556-40b8-8b68-85037609183d"
                _x0040_string_x0040_model="/conf/daas/settings/dam/cfm/models/business-menu-generic-link"
                _x0040_stringArray_x0040_variations="[ar]"
                string_x0040_sameTabOrNewTab="_self"
                string_x0040_subHeading="iShare"
                string_x0040_subLink="#"/>
            <ar
                jcr:mixinTypes="[dam:IndexedFragmentData]"
                jcr:primaryType="nt:unstructured"
                jcr:uuid="006958a1-ef37-4edf-bfad-74c562b44c92"
                _x0040_string_x0040_model="/conf/daas/settings/dam/cfm/models/business-menu-generic-link"
                string_x0040_sameTabOrNewTab="_self"
                string_x0040_subHeading="iShare"
                string_x0040_subLink="#"/>
        </indexedData>
        <metadata
            jcr:mixinTypes="[cq:Taggable]"
            jcr:primaryType="nt:unstructured">
            <dam:cfVariations jcr:primaryType="nt:unstructured">
                <ar
                    jcr:mixinTypes="[cq:Taggable]"
                    jcr:primaryType="nt:unstructured"/>
            </dam:cfVariations>
        </metadata>
        <model jcr:primaryType="nt:unstructured">
            <variations jcr:primaryType="nt:unstructured">
                <ar
                    jcr:description="\0"
                    jcr:mixinTypes="[cq:Taggable]"
                    jcr:primaryType="nt:unstructured"
                    jcr:title="ar"
                    name="ar">
                    <properties
                        jcr:primaryType="nt:unstructured"
                        synchronizeWithVersion="[subHeading:094d10b9-4694-43cb-a9bf-e8631a3fb644,subDescription:094d10b9-4694-43cb-a9bf-e8631a3fb644,linkType:094d10b9-4694-43cb-a9bf-e8631a3fb644,ctaText:094d10b9-4694-43cb-a9bf-e8631a3fb644,subLink:094d10b9-4694-43cb-a9bf-e8631a3fb644,sameTabOrNewTab:094d10b9-4694-43cb-a9bf-e8631a3fb644,actionImage:094d10b9-4694-43cb-a9bf-e8631a3fb644]"/>
                </ar>
            </variations>
        </model>
        <related jcr:primaryType="nt:unstructured"/>
    </jcr:content>
</jcr:root>
