<?xml version="1.0" encoding="UTF-8"?>
<jcr:root xmlns:jcr="http://www.jcp.org/jcr/1.0" xmlns:nt="http://www.jcp.org/jcr/nt/1.0" xmlns:cq="http://www.day.com/jcr/cq/1.0" xmlns:sling="http://sling.apache.org/jcr/sling/1.0"
    jcr:primaryType="nt:unstructured"
    jcr:title="Special Feature Banner"
    sling:resourceType="cq/gui/components/authoring/dialog">
    <content
        jcr:primaryType="nt:unstructured"
        sling:resourceType="granite/ui/components/coral/foundation/container">
        <items jcr:primaryType="nt:unstructured">
            <tabs
                jcr:primaryType="nt:unstructured"
                sling:resourceType="granite/ui/components/coral/foundation/tabs"
                maximized="{Boolean}true">
                <items jcr:primaryType="nt:unstructured">
                    <properties
                        jcr:primaryType="nt:unstructured"
                        jcr:title="Properties"
                        sling:resourceType="granite/ui/components/coral/foundation/container"
                        margin="{Boolean}true">
                        <items jcr:primaryType="nt:unstructured">
                            <columns
                                jcr:primaryType="nt:unstructured"
                                sling:resourceType="granite/ui/components/coral/foundation/fixedcolumns"
                                margin="{Boolean}true">
                                <items jcr:primaryType="nt:unstructured">
                                    <column
                                        jcr:primaryType="nt:unstructured"
                                        sling:resourceType="granite/ui/components/coral/foundation/container">
                                        <items jcr:primaryType="nt:unstructured">
                                            <heading
                                                jcr:primaryType="nt:unstructured"
                                                sling:resourceType="granite/ui/components/coral/foundation/form/textfield"
                                                fieldLabel="Heading"
                                                name="./heading"/>
                                            <headingElement
                                                jcr:primaryType="nt:unstructured"
                                                sling:resourceType="granite/ui/components/coral/foundation/form/select"
                                                fieldLabel="Heading Element"
                                                name="./headingElement">
                                                <items jcr:primaryType="nt:unstructured">
                                                    <default
                                                        jcr:primaryType="nt:unstructured"
                                                        text="\0"
                                                        value="\0"/>
                                                    <h1
                                                        jcr:primaryType="nt:unstructured"
                                                        text="h1"
                                                        value="h1"/>
                                                    <h2
                                                        jcr:primaryType="nt:unstructured"
                                                        text="h2"
                                                        value="h2"/>
                                                    <h3
                                                        jcr:primaryType="nt:unstructured"
                                                        text="h3"
                                                        value="h3"/>
                                                    <h4
                                                        jcr:primaryType="nt:unstructured"
                                                        text="h4"
                                                        value="h4"/>
                                                    <h5
                                                        jcr:primaryType="nt:unstructured"
                                                        text="h5"
                                                        value="h5"/>
                                                    <h6
                                                        jcr:primaryType="nt:unstructured"
                                                        text="h6"
                                                        value="h6"/>
                                                </items>
                                            </headingElement>
                                            <description
                                                jcr:primaryType="nt:unstructured"
                                                sling:resourceType="cq/gui/components/authoring/dialog/richtext"
                                                fieldDescription="A description to display as the subheadline for the teaser."
                                                fieldLabel="Description"
                                                name="./description"
                                                useFixedInlineToolbar="{Boolean}true">
                                                <rtePlugins jcr:primaryType="nt:unstructured">
                                                    <format
                                                        jcr:primaryType="nt:unstructured"
                                                        features="bold,italic"/>
                                                    <justify
                                                        jcr:primaryType="nt:unstructured"
                                                        features="-"/>
                                                    <links
                                                        jcr:primaryType="nt:unstructured"
                                                        features="modifylink,unlink"/>
                                                    <lists
                                                        jcr:primaryType="nt:unstructured"
                                                        features="*"/>
                                                    <misctools jcr:primaryType="nt:unstructured">
                                                        <specialCharsConfig jcr:primaryType="nt:unstructured">
                                                            <chars jcr:primaryType="nt:unstructured">
                                                                <default_copyright
                                                                    jcr:primaryType="nt:unstructured"
                                                                    entity="&amp;copy;"
                                                                    name="copyright"/>
                                                                <default_euro
                                                                    jcr:primaryType="nt:unstructured"
                                                                    entity="&amp;euro;"
                                                                    name="euro"/>
                                                                <default_registered
                                                                    jcr:primaryType="nt:unstructured"
                                                                    entity="&amp;reg;"
                                                                    name="registered"/>
                                                                <default_trademark
                                                                    jcr:primaryType="nt:unstructured"
                                                                    entity="&amp;trade;"
                                                                    name="trademark"/>
                                                            </chars>
                                                        </specialCharsConfig>
                                                    </misctools>
                                                    <paraformat
                                                        jcr:primaryType="nt:unstructured"
                                                        features="*">
                                                        <formats jcr:primaryType="nt:unstructured">
                                                            <default_p
                                                                jcr:primaryType="nt:unstructured"
                                                                description="Paragraph"
                                                                tag="p"/>
                                                            <default_h1
                                                                jcr:primaryType="nt:unstructured"
                                                                description="Heading 1"
                                                                tag="h1"/>
                                                            <default_h2
                                                                jcr:primaryType="nt:unstructured"
                                                                description="Heading 2"
                                                                tag="h2"/>
                                                            <default_h3
                                                                jcr:primaryType="nt:unstructured"
                                                                description="Heading 3"
                                                                tag="h3"/>
                                                            <default_h4
                                                                jcr:primaryType="nt:unstructured"
                                                                description="Heading 4"
                                                                tag="h4"/>
                                                            <default_h5
                                                                jcr:primaryType="nt:unstructured"
                                                                description="Heading 5"
                                                                tag="h5"/>
                                                            <default_h6
                                                                jcr:primaryType="nt:unstructured"
                                                                description="Heading 6"
                                                                tag="h6"/>
                                                            <default_blockquote
                                                                jcr:primaryType="nt:unstructured"
                                                                description="Quote"
                                                                tag="blockquote"/>
                                                            <default_pre
                                                                jcr:primaryType="nt:unstructured"
                                                                description="Preformatted"
                                                                tag="pre"/>
                                                        </formats>
                                                    </paraformat>
                                                    <table
                                                        jcr:primaryType="nt:unstructured"
                                                        features="-">
                                                        <hiddenHeaderConfig
                                                            jcr:primaryType="nt:unstructured"
                                                            hiddenHeaderClassName="cq-wcm-foundation-aria-visuallyhidden"
                                                            hiddenHeaderEditingCSS="cq-RichText-hiddenHeader--editing"/>
                                                    </table>
                                                    <tracklinks
                                                        jcr:primaryType="nt:unstructured"
                                                        features="*"/>
                                                </rtePlugins>
                                                <uiSettings jcr:primaryType="nt:unstructured">
                                                    <cui jcr:primaryType="nt:unstructured">
                                                        <inline
                                                            jcr:primaryType="nt:unstructured"
                                                            toolbar="[format#bold,format#italic,format#underline,#justify,#lists,links#modifylink,links#unlink,#paraformat]">
                                                            <popovers jcr:primaryType="nt:unstructured">
                                                                <justify
                                                                    jcr:primaryType="nt:unstructured"
                                                                    items="[justify#justifyleft,justify#justifycenter,justify#justifyright]"
                                                                    ref="justify"/>
                                                                <lists
                                                                    jcr:primaryType="nt:unstructured"
                                                                    items="[lists#unordered,lists#ordered,lists#outdent,lists#indent]"
                                                                    ref="lists"/>
                                                                <paraformat
                                                                    jcr:primaryType="nt:unstructured"
                                                                    items="paraformat:getFormats:paraformat-pulldown"
                                                                    ref="paraformat"/>
                                                            </popovers>
                                                        </inline>
                                                        <dialogFullScreen
                                                            jcr:primaryType="nt:unstructured"
                                                            toolbar="[format#bold,format#italic,format#underline,justify#justifyleft,justify#justifycenter,justify#justifyright,lists#unordered,lists#ordered,lists#outdent,lists#indent,links#modifylink,links#unlink,table#createoredit,#paraformat,image#imageProps]">
                                                            <popovers jcr:primaryType="nt:unstructured">
                                                                <paraformat
                                                                    jcr:primaryType="nt:unstructured"
                                                                    items="paraformat:getFormats:paraformat-pulldown"
                                                                    ref="paraformat"/>
                                                            </popovers>
                                                        </dialogFullScreen>
                                                        <tableEditOptions
                                                            jcr:primaryType="nt:unstructured"
                                                            toolbar="[table#insertcolumn-before,table#insertcolumn-after,table#removecolumn,-,table#insertrow-before,table#insertrow-after,table#removerow,-,table#mergecells-right,table#mergecells-down,table#mergecells,table#splitcell-horizontal,table#splitcell-vertical,-,table#selectrow,table#selectcolumn,-,table#ensureparagraph,-,table#modifytableandcell,table#removetable,-,undo#undo,undo#redo,-,table#exitTableEditing,-]"/>
                                                    </cui>
                                                </uiSettings>
                                            </description>
                                            <descriptionType
                                                jcr:primaryType="nt:unstructured"
                                                sling:resourceType="granite/ui/components/coral/foundation/form/select"
                                                fieldLabel="Description Type"
                                                name="./descriptionType">
                                                <items jcr:primaryType="nt:unstructured">
                                                    <default
                                                        jcr:primaryType="nt:unstructured"
                                                        text="(default)"
                                                        value="p1"/>
                                                    <p1
                                                        jcr:primaryType="nt:unstructured"
                                                        text="P1"
                                                        value="p1"/>
                                                    <p2
                                                        jcr:primaryType="nt:unstructured"
                                                        text="P2"
                                                        value="p2"/>
                                                    <p3
                                                        jcr:primaryType="nt:unstructured"
                                                        text="P3"
                                                        value="p3"/>
                                                    <p4
                                                        jcr:primaryType="nt:unstructured"
                                                        text="P4"
                                                        value="p4"/>
                                                </items>
                                            </descriptionType>
                                            <mainContentAnimationType
                                                jcr:primaryType="nt:unstructured"
                                                sling:resourceType="granite/ui/components/coral/foundation/form/select"
                                                fieldLabel="Animation Type"
                                                name="./mainContentAnimationType">
                                                <items jcr:primaryType="nt:unstructured">
                                                    <default
                                                        jcr:primaryType="nt:unstructured"
                                                        text="\0"
                                                        value="\0"/>
                                                    <fadeup
                                                        jcr:primaryType="nt:unstructured"
                                                        text="fade-up"
                                                        value="fade-up"/>
                                                    <fadeleft
                                                        jcr:primaryType="nt:unstructured"
                                                        text="fade-left"
                                                        value="fade-left"/>
                                                    <faderight
                                                        jcr:primaryType="nt:unstructured"
                                                        text="fade-right"
                                                        value="fade-right"/>
                                                </items>
                                            </mainContentAnimationType>
                                            <mainContentAnimationDelay
                                                jcr:primaryType="nt:unstructured"
                                                sling:resourceType="granite/ui/components/coral/foundation/form/numberfield"
                                                emptyText="Use '0' or leave empty if not required..."
                                                fieldDescription="Select the delay for the animation. Should be multiple of 100 only."
                                                fieldLabel="Animation Delay (Optional)"
                                                min="{Long}0"
                                                name="./mainContentAnimationDelay"
                                                step="100"
                                                value="{Long}0"/>
                                        </items>
                                    </column>
                                </items>
                            </columns>
                        </items>
                    </properties>
                    <topFeatures
                        jcr:primaryType="nt:unstructured"
                        jcr:title="Top Features"
                        sling:resourceType="granite/ui/components/coral/foundation/container"
                        margin="{Boolean}true">
                        <items jcr:primaryType="nt:unstructured">
                            <columns
                                jcr:primaryType="nt:unstructured"
                                sling:resourceType="granite/ui/components/coral/foundation/fixedcolumns"
                                margin="{Boolean}true">
                                <items jcr:primaryType="nt:unstructured">
                                    <column
                                        jcr:primaryType="nt:unstructured"
                                        sling:resourceType="granite/ui/components/coral/foundation/container">
                                        <items jcr:primaryType="nt:unstructured">
                                            <topFeaturesAnimationType
                                                jcr:primaryType="nt:unstructured"
                                                sling:resourceType="granite/ui/components/coral/foundation/form/select"
                                                fieldLabel="Animation Type"
                                                name="./topFeaturesAnimationType">
                                                <items jcr:primaryType="nt:unstructured">
                                                    <default
                                                        jcr:primaryType="nt:unstructured"
                                                        text="\0"
                                                        value="\0"/>
                                                    <fadeup
                                                        jcr:primaryType="nt:unstructured"
                                                        text="fade-up"
                                                        value="fade-up"/>
                                                    <fadeleft
                                                        jcr:primaryType="nt:unstructured"
                                                        text="fade-left"
                                                        value="fade-left"/>
                                                    <faderight
                                                        jcr:primaryType="nt:unstructured"
                                                        text="fade-right"
                                                        value="fade-right"/>
                                                </items>
                                            </topFeaturesAnimationType>
                                            <topFeaturesAnimationDelay
                                                jcr:primaryType="nt:unstructured"
                                                sling:resourceType="granite/ui/components/coral/foundation/form/numberfield"
                                                emptyText="Use '0' or leave empty if not required..."
                                                fieldDescription="Select the delay for the animation. Should be multiple of 100 only."
                                                fieldLabel="Animation Delay (Optional)"
                                                min="{Long}0"
                                                name="./topFeaturesAnimationDelay"
                                                step="100"
                                                value="{Long}0"/>
                                            <topFeatureMultifield
                                                jcr:primaryType="nt:unstructured"
                                                sling:resourceType="granite/ui/components/coral/foundation/form/multifield"
                                                composite="{Boolean}true"
                                                fieldLabel="Feature Details">
                                                <field
                                                    jcr:primaryType="nt:unstructured"
                                                    sling:resourceType="granite/ui/components/coral/foundation/container"
                                                    name="./topFeatureMultifield">
                                                    <items jcr:primaryType="nt:unstructured">
                                                        <specialTopFeatureCol
                                                            jcr:primaryType="nt:unstructured"
                                                            sling:resourceType="granite/ui/components/coral/foundation/form/checkbox"
                                                            name="./specialTopFeatureCol"
                                                            text="Enable Special Top Feature Column"
                                                            uncheckedValue="{Boolean}false"
                                                            value="{Boolean}true"/>
                                                        <topHeading
                                                            jcr:primaryType="nt:unstructured"
                                                            sling:resourceType="granite/ui/components/coral/foundation/form/textfield"
                                                            fieldLabel="Top Heading"
                                                            name="./topHeading"/>
                                                        <topSpanHeading
                                                            jcr:primaryType="nt:unstructured"
                                                            sling:resourceType="granite/ui/components/coral/foundation/form/textfield"
                                                            fieldLabel="Top Span Heading"
                                                            name="./topSpanHeading"/>
                                                        <topHeadingElement
                                                            jcr:primaryType="nt:unstructured"
                                                            sling:resourceType="granite/ui/components/coral/foundation/form/select"
                                                            fieldLabel="Top Heading Element"
                                                            name="./topHeadingElement">
                                                            <items jcr:primaryType="nt:unstructured">
                                                                <default
                                                                    jcr:primaryType="nt:unstructured"
                                                                    text="\0"
                                                                    value="\0"/>
                                                                <h1
                                                                    jcr:primaryType="nt:unstructured"
                                                                    text="h1"
                                                                    value="h1"/>
                                                                <h2
                                                                    jcr:primaryType="nt:unstructured"
                                                                    text="h2"
                                                                    value="h2"/>
                                                                <h3
                                                                    jcr:primaryType="nt:unstructured"
                                                                    text="h3"
                                                                    value="h3"/>
                                                                <h4
                                                                    jcr:primaryType="nt:unstructured"
                                                                    text="h4"
                                                                    value="h4"/>
                                                                <h5
                                                                    jcr:primaryType="nt:unstructured"
                                                                    text="h5"
                                                                    value="h5"/>
                                                                <h6
                                                                    jcr:primaryType="nt:unstructured"
                                                                    text="h6"
                                                                    value="h6"/>
                                                            </items>
                                                        </topHeadingElement>
                                                        <topText
                                                            jcr:primaryType="nt:unstructured"
                                                            sling:resourceType="cq/gui/components/authoring/dialog/richtext"
                                                            fieldLabel="Top Text"
                                                            name="./topText"
                                                            useFixedInlineToolbar="{Boolean}true"/>
                                                        <topTextElement
                                                            jcr:primaryType="nt:unstructured"
                                                            sling:resourceType="granite/ui/components/coral/foundation/form/select"
                                                            fieldLabel="Top Text Element"
                                                            name="./topTextElement">
                                                            <items jcr:primaryType="nt:unstructured">
                                                                <default
                                                                    jcr:primaryType="nt:unstructured"
                                                                    text="(default)"
                                                                    value="p1"/>
                                                                <p1
                                                                    jcr:primaryType="nt:unstructured"
                                                                    text="P1"
                                                                    value="p1"/>
                                                                <p2
                                                                    jcr:primaryType="nt:unstructured"
                                                                    text="P2"
                                                                    value="p2"/>
                                                                <p3
                                                                    jcr:primaryType="nt:unstructured"
                                                                    text="P3"
                                                                    value="p3"/>
                                                                <p4
                                                                    jcr:primaryType="nt:unstructured"
                                                                    text="P4"
                                                                    value="p4"/>
                                                            </items>
                                                        </topTextElement>
                                                        <images
                                                            jcr:primaryType="nt:unstructured"
                                                            sling:resourceType="granite/ui/components/coral/foundation/include"
                                                            path="/mnt/overlay/etisalat/components/moi-revamp/common/dialog/threeimages"/>
                                                    </items>
                                                </field>
                                            </topFeatureMultifield>
                                        </items>
                                    </column>
                                </items>
                            </columns>
                        </items>
                    </topFeatures>
                    <middleFeatures
                        jcr:primaryType="nt:unstructured"
                        jcr:title="Middle Features"
                        sling:resourceType="granite/ui/components/coral/foundation/container"
                        margin="{Boolean}true">
                        <items jcr:primaryType="nt:unstructured">
                            <columns
                                jcr:primaryType="nt:unstructured"
                                sling:resourceType="granite/ui/components/coral/foundation/fixedcolumns"
                                margin="{Boolean}true">
                                <items jcr:primaryType="nt:unstructured">
                                    <column
                                        jcr:primaryType="nt:unstructured"
                                        sling:resourceType="granite/ui/components/coral/foundation/container">
                                        <items jcr:primaryType="nt:unstructured">
                                            <leftBoxTitle
                                                jcr:primaryType="nt:unstructured"
                                                sling:resourceType="granite/ui/components/coral/foundation/form/textfield"
                                                fieldLabel="Left Box Title"
                                                name="./leftBoxTitle"/>
                                            <leftBoxIcon
                                                jcr:primaryType="nt:unstructured"
                                                sling:resourceType="granite/ui/components/coral/foundation/form/pathfield"
                                                fieldLabel="Left Box Icon"
                                                name="./leftBoxIcon"/>
                                            <leftBoxDesc
                                                jcr:primaryType="nt:unstructured"
                                                sling:resourceType="granite/ui/components/coral/foundation/form/textfield"
                                                fieldLabel="Left Box Desc"
                                                name="./leftBoxDesc"/>
                                            <leftBoxCtaText
                                                jcr:primaryType="nt:unstructured"
                                                sling:resourceType="granite/ui/components/coral/foundation/form/textfield"
                                                fieldLabel="Left Box CTA Text"
                                                name="./leftBoxCtaText"/>
                                            <leftBoxCtaLink
                                                jcr:primaryType="nt:unstructured"
                                                sling:resourceType="granite/ui/components/coral/foundation/form/pathfield"
                                                fieldLabel="Left Box CTA Link"
                                                name="./leftBoxCtaLink"/>
                                            <remoteBoxIconLeft
                                                jcr:primaryType="nt:unstructured"
                                                sling:resourceType="granite/ui/components/coral/foundation/form/pathfield"
                                                fieldLabel="Remote Box Icon Left"
                                                name="./remoteBoxIconLeft"/>
                                            <remoteBoxDescLeft
                                                jcr:primaryType="nt:unstructured"
                                                sling:resourceType="granite/ui/components/coral/foundation/form/textfield"
                                                fieldLabel="Remote Box Desc Left"
                                                name="./remoteBoxDescLeft"/>
                                            <centerImage
                                                jcr:primaryType="nt:unstructured"
                                                sling:resourceType="granite/ui/components/coral/foundation/form/pathfield"
                                                fieldLabel="Center Box Image"
                                                name="./centerImage"/>
                                            <rightBoxTopImage
                                                jcr:primaryType="nt:unstructured"
                                                sling:resourceType="granite/ui/components/coral/foundation/form/pathfield"
                                                fieldLabel="Right Box Top Image"
                                                name="./rightBoxTopImage"/>
                                            <remoteBoxIconRight
                                                jcr:primaryType="nt:unstructured"
                                                sling:resourceType="granite/ui/components/coral/foundation/form/pathfield"
                                                fieldLabel="Remote Box Icon Right"
                                                name="./remoteBoxIconRight"/>
                                            <remoteBoxDescRight
                                                jcr:primaryType="nt:unstructured"
                                                sling:resourceType="granite/ui/components/coral/foundation/form/textfield"
                                                fieldLabel="Remote Box Desc Right"
                                                name="./remoteBoxDescRight"/>
                                            <rightBoxIcon
                                                jcr:primaryType="nt:unstructured"
                                                sling:resourceType="granite/ui/components/coral/foundation/form/pathfield"
                                                fieldLabel="Right Box Icon"
                                                name="./rightBoxIcon"/>
                                            <rightBoxTitle
                                                jcr:primaryType="nt:unstructured"
                                                sling:resourceType="granite/ui/components/coral/foundation/form/textfield"
                                                fieldLabel="Right Box Title"
                                                name="./rightBoxTitle"/>
                                            <rightBoxDesc
                                                jcr:primaryType="nt:unstructured"
                                                sling:resourceType="granite/ui/components/coral/foundation/form/textfield"
                                                fieldLabel="Right Box Desc"
                                                name="./rightBoxDesc"/>
                                            <rightBoxCtaText
                                                jcr:primaryType="nt:unstructured"
                                                sling:resourceType="granite/ui/components/coral/foundation/form/textfield"
                                                fieldLabel="Right Box CTA Text"
                                                name="./rightBoxCtaText"/>
                                            <rightBoxCtaLink
                                                jcr:primaryType="nt:unstructured"
                                                sling:resourceType="granite/ui/components/coral/foundation/form/pathfield"
                                                fieldLabel="Right Box CTA Link"
                                                name="./rightBoxCtaLink"/>
                                            <centerMainHeading
                                                jcr:primaryType="nt:unstructured"
                                                sling:resourceType="granite/ui/components/coral/foundation/form/textfield"
                                                fieldLabel="Center Main Heading"
                                                name="./centerMainHeading"/>
                                            <centerSpanHeading
                                                jcr:primaryType="nt:unstructured"
                                                sling:resourceType="granite/ui/components/coral/foundation/form/textfield"
                                                fieldLabel="Center Span Heading"
                                                name="./centerSpanHeading"/>
                                            <centerMainDesc
                                                jcr:primaryType="nt:unstructured"
                                                sling:resourceType="granite/ui/components/coral/foundation/form/textfield"
                                                fieldLabel="Center Main Desc"
                                                name="./centerMainDesc"/>
                                            <centerMainDownloadCtaText
                                                jcr:primaryType="nt:unstructured"
                                                sling:resourceType="granite/ui/components/coral/foundation/form/textfield"
                                                fieldLabel="Center Main Download CTA Text"
                                                name="./centerMainDownloadCtaText"/>
                                            <centerMainDownloadCtaLink
                                                jcr:primaryType="nt:unstructured"
                                                sling:resourceType="granite/ui/components/coral/foundation/form/pathfield"
                                                fieldLabel="Center Main Download CTA Link"
                                                name="./centerMainDownloadCtaLink"/>
                                            <centerLearnMoreCtaText
                                                jcr:primaryType="nt:unstructured"
                                                sling:resourceType="granite/ui/components/coral/foundation/form/textfield"
                                                fieldLabel="Center Main Learn More CTA Text"
                                                name="./centerLearnMoreCtaText"/>
                                            <centerLearnMoreCtaLink
                                                jcr:primaryType="nt:unstructured"
                                                sling:resourceType="granite/ui/components/coral/foundation/form/pathfield"
                                                fieldLabel="Center Main Learn More CTA Link"
                                                name="./centerLearnMoreCtaLink"/>
                                            <middleFeaturesAnimationType
                                                jcr:primaryType="nt:unstructured"
                                                sling:resourceType="granite/ui/components/coral/foundation/form/select"
                                                fieldLabel="Animation Type"
                                                name="./middleFeaturesAnimationType">
                                                <items jcr:primaryType="nt:unstructured">
                                                    <default
                                                        jcr:primaryType="nt:unstructured"
                                                        text="\0"
                                                        value="\0"/>
                                                    <fadeup
                                                        jcr:primaryType="nt:unstructured"
                                                        text="fade-up"
                                                        value="fade-up"/>
                                                    <fadeleft
                                                        jcr:primaryType="nt:unstructured"
                                                        text="fade-left"
                                                        value="fade-left"/>
                                                    <faderight
                                                        jcr:primaryType="nt:unstructured"
                                                        text="fade-right"
                                                        value="fade-right"/>
                                                </items>
                                            </middleFeaturesAnimationType>
                                            <middleFeaturesAnimationDelay
                                                jcr:primaryType="nt:unstructured"
                                                sling:resourceType="granite/ui/components/coral/foundation/form/numberfield"
                                                emptyText="Use '0' or leave empty if not required..."
                                                fieldDescription="Select the delay for the animation. Should be multiple of 100 only."
                                                fieldLabel="Animation Delay (Optional)"
                                                min="{Long}0"
                                                name="./middleFeaturesAnimationDelay"
                                                step="100"
                                                value="{Long}0"/>
                                        </items>
                                    </column>
                                </items>
                            </columns>
                        </items>
                    </middleFeatures>
                    <bottomFeatures
                        jcr:primaryType="nt:unstructured"
                        jcr:title="Bottom Features"
                        sling:resourceType="granite/ui/components/coral/foundation/container"
                        margin="{Boolean}true">
                        <items jcr:primaryType="nt:unstructured">
                            <columns
                                jcr:primaryType="nt:unstructured"
                                sling:resourceType="granite/ui/components/coral/foundation/fixedcolumns"
                                margin="{Boolean}true">
                                <items jcr:primaryType="nt:unstructured">
                                    <column
                                        jcr:primaryType="nt:unstructured"
                                        sling:resourceType="granite/ui/components/coral/foundation/container">
                                        <items jcr:primaryType="nt:unstructured">
                                            <bottomFeaturesAnimationType
                                                jcr:primaryType="nt:unstructured"
                                                sling:resourceType="granite/ui/components/coral/foundation/form/select"
                                                fieldLabel="Animation Type"
                                                name="./bottomFeaturesAnimationType">
                                                <items jcr:primaryType="nt:unstructured">
                                                    <default
                                                        jcr:primaryType="nt:unstructured"
                                                        text="\0"
                                                        value="\0"/>
                                                    <fadeup
                                                        jcr:primaryType="nt:unstructured"
                                                        text="fade-up"
                                                        value="fade-up"/>
                                                    <fadeleft
                                                        jcr:primaryType="nt:unstructured"
                                                        text="fade-left"
                                                        value="fade-left"/>
                                                    <faderight
                                                        jcr:primaryType="nt:unstructured"
                                                        text="fade-right"
                                                        value="fade-right"/>
                                                </items>
                                            </bottomFeaturesAnimationType>
                                            <bottomFeaturesAnimationDelay
                                                jcr:primaryType="nt:unstructured"
                                                sling:resourceType="granite/ui/components/coral/foundation/form/numberfield"
                                                emptyText="Use '0' or leave empty if not required..."
                                                fieldDescription="Select the delay for the animation. Should be multiple of 100 only."
                                                fieldLabel="Animation Delay (Optional)"
                                                min="{Long}0"
                                                name="./bottomFeaturesAnimationDelay"
                                                step="100"
                                                value="{Long}0"/>
                                            <bottomFeatureMultifield
                                                jcr:primaryType="nt:unstructured"
                                                sling:resourceType="granite/ui/components/coral/foundation/form/multifield"
                                                composite="{Boolean}true"
                                                fieldLabel="Feature Details">
                                                <field
                                                    jcr:primaryType="nt:unstructured"
                                                    sling:resourceType="granite/ui/components/coral/foundation/container"
                                                    name="./bottomFeatureMultifield">
                                                    <items jcr:primaryType="nt:unstructured">
                                                        <bottomHeading
                                                            jcr:primaryType="nt:unstructured"
                                                            sling:resourceType="granite/ui/components/coral/foundation/form/textfield"
                                                            fieldLabel="Bottom Heading"
                                                            name="./bottomHeading"/>
                                                        <bottomSpanHeading
                                                            jcr:primaryType="nt:unstructured"
                                                            sling:resourceType="granite/ui/components/coral/foundation/form/textfield"
                                                            fieldLabel="Bottom Span Heading"
                                                            name="./bottomSpanHeading"/>
                                                        <bottomHeadingElement
                                                            jcr:primaryType="nt:unstructured"
                                                            sling:resourceType="granite/ui/components/coral/foundation/form/select"
                                                            fieldLabel="Bottom Heading Element"
                                                            name="./bottomHeadingElement">
                                                            <items jcr:primaryType="nt:unstructured">
                                                                <default
                                                                    jcr:primaryType="nt:unstructured"
                                                                    text="\0"
                                                                    value="\0"/>
                                                                <h1
                                                                    jcr:primaryType="nt:unstructured"
                                                                    text="h1"
                                                                    value="h1"/>
                                                                <h2
                                                                    jcr:primaryType="nt:unstructured"
                                                                    text="h2"
                                                                    value="h2"/>
                                                                <h3
                                                                    jcr:primaryType="nt:unstructured"
                                                                    text="h3"
                                                                    value="h3"/>
                                                                <h4
                                                                    jcr:primaryType="nt:unstructured"
                                                                    text="h4"
                                                                    value="h4"/>
                                                                <h5
                                                                    jcr:primaryType="nt:unstructured"
                                                                    text="h5"
                                                                    value="h5"/>
                                                                <h6
                                                                    jcr:primaryType="nt:unstructured"
                                                                    text="h6"
                                                                    value="h6"/>
                                                            </items>
                                                        </bottomHeadingElement>
                                                        <bottomText
                                                            jcr:primaryType="nt:unstructured"
                                                            sling:resourceType="cq/gui/components/authoring/dialog/richtext"
                                                            fieldLabel="Bottom Text"
                                                            name="./bottomText"
                                                            useFixedInlineToolbar="{Boolean}true"/>
                                                        <bottomTextElement
                                                            jcr:primaryType="nt:unstructured"
                                                            sling:resourceType="granite/ui/components/coral/foundation/form/select"
                                                            fieldLabel="Bootom Text Element"
                                                            name="./bottomTextElement">
                                                            <items jcr:primaryType="nt:unstructured">
                                                                <default
                                                                    jcr:primaryType="nt:unstructured"
                                                                    text="(default)"
                                                                    value="p2"/>
                                                                <p1
                                                                    jcr:primaryType="nt:unstructured"
                                                                    text="P1"
                                                                    value="p1"/>
                                                                <p2
                                                                    jcr:primaryType="nt:unstructured"
                                                                    text="P2"
                                                                    value="p2"/>
                                                                <p3
                                                                    jcr:primaryType="nt:unstructured"
                                                                    text="P3"
                                                                    value="p3"/>
                                                                <p4
                                                                    jcr:primaryType="nt:unstructured"
                                                                    text="P4"
                                                                    value="p4"/>
                                                            </items>
                                                        </bottomTextElement>
                                                        <bottomImage
                                                            jcr:primaryType="nt:unstructured"
                                                            sling:resourceType="granite/ui/components/coral/foundation/form/pathfield"
                                                            fieldLabel="Bottom Image"
                                                            name="./bottomImage"
                                                            rootPath="/content/dam"/>
                                                        <imageColumnLayout
                                                            jcr:primaryType="nt:unstructured"
                                                            sling:resourceType="granite/ui/components/coral/foundation/form/select"
                                                            fieldLabel="Image Column Layout"
                                                            name="./imageColumnLayout">
                                                            <items jcr:primaryType="nt:unstructured">
                                                                <col-lg-3
                                                                    jcr:primaryType="nt:unstructured"
                                                                    text="col-lg-3"
                                                                    value="col-lg-3"/>
                                                                <col-lg-5
                                                                    jcr:primaryType="nt:unstructured"
                                                                    text="col-lg-5"
                                                                    value="col-lg-5"/>
                                                            </items>
                                                        </imageColumnLayout>
                                                    </items>
                                                </field>
                                            </bottomFeatureMultifield>
                                        </items>
                                    </column>
                                </items>
                            </columns>
                        </items>
                    </bottomFeatures>
                </items>
            </tabs>
        </items>
    </content>
</jcr:root>
