<?xml version="1.0" encoding="UTF-8"?>
<jcr:root xmlns:jcr="http://www.jcp.org/jcr/1.0" xmlns:nt="http://www.jcp.org/jcr/nt/1.0" xmlns:cq="http://www.day.com/jcr/cq/1.0" xmlns:sling="http://sling.apache.org/jcr/sling/1.0"
    jcr:primaryType="cq:Page">
    <etisalat jcr:primaryType="nt:unstructured">
        <components jcr:primaryType="nt:unstructured">
            <daas jcr:primaryType="nt:unstructured">
                <dass-page jcr:primaryType="nt:unstructured">
                    <policy_1764240107560
                        jcr:lastModified="{Date}2025-11-27T11:10:48.443Z"
                        jcr:lastModifiedBy="kannadurai@eand.com"
                        jcr:primaryType="nt:unstructured"
                        jcr:title="Demo123"
                        sling:resourceType="wcm/core/components/policy/policy"
                        clientlibs="dass-site"
                        clientlibsAsync="false"
                        clientlibsJsHead="nwt-global">
                        <jcr:content jcr:primaryType="nt:unstructured"/>
                    </policy_1764240107560>
                </dass-page>
                <container jcr:primaryType="nt:unstructured">
                    <policy_1764241437062
                        jcr:lastModified="{Date}2025-11-27T17:16:57.115+04:00"
                        jcr:lastModifiedBy="admin"
                        jcr:primaryType="nt:unstructured"
                        jcr:title="DASS Container Policy"
                        sling:resourceType="wcm/core/components/policy/policy"
                        components="[group:DASS-Content,group:ETISALAT - Core,group:NWT-SMB]"
                        layoutDisabled="false">
                        <jcr:content jcr:primaryType="nt:unstructured"/>
                    </policy_1764241437062>
                </container>
                <daas-page jcr:primaryType="nt:unstructured">
                    <policy_1764249522766
                        jcr:lastModified="{Date}2025-11-27T17:19:28.038+04:00"
                        jcr:lastModifiedBy="admin"
                        jcr:primaryType="nt:unstructured"
                        jcr:title="DAAS-Content-Page"
                        sling:resourceType="wcm/core/components/policy/policy"
                        clientlibs="daas-site"
                        clientlibsAsync="false"
                        clientlibsJsHead="nwt-global">
                        <jcr:content jcr:primaryType="nt:unstructured"/>
                    </policy_1764249522766>
                </daas-page>
            </daas>
        </components>
    </etisalat>
    <wcm jcr:primaryType="nt:unstructured">
        <foundation jcr:primaryType="nt:unstructured">
            <components jcr:primaryType="nt:unstructured">
                <page jcr:primaryType="nt:unstructured">
                    <jcr:content
                        jcr:primaryType="nt:unstructured"
                        mergeList="{Boolean}true"/>
                    <default
                        jcr:description="Policy of the default page"
                        jcr:primaryType="nt:unstructured"
                        jcr:title="Default Page"
                        sling:resourceType="wcm/core/components/policy/policy"
                        clientlibs="[wcm.foundation.components.page.responsive]">
                        <jcr:content
                            jcr:primaryType="nt:unstructured"
                            mergeList="{Boolean}true"/>
                    </default>
                    <policy_1764239059450
                        jcr:lastModified="{Date}2025-11-27T10:24:49.967Z"
                        jcr:lastModifiedBy="kannadurai@eand.com"
                        jcr:primaryType="nt:unstructured"
                        jcr:title="Demo DASS"
                        sling:resourceType="wcm/core/components/policy/policy"
                        clientlibs="dass-site">
                        <jcr:content jcr:primaryType="nt:unstructured"/>
                    </policy_1764239059450>
                </page>
                <responsivegrid jcr:primaryType="nt:unstructured">
                    <jcr:content
                        jcr:primaryType="nt:unstructured"
                        mergeList="{Boolean}true"/>
                    <default
                        jcr:description="Policy of the default root parsys"
                        jcr:primaryType="nt:unstructured"
                        jcr:title="Default Layout Container"
                        sling:resourceType="wcm/core/components/policy/policy"
                        components="[/libs/dam/cfm/components/contentfragment,/libs/foundation/components/download,/libs/wcm/foundation/components/image,/libs/wcm/foundation/components/responsivegrid,/libs/wcm/foundation/components/list,/libs/foundation/components/reference,/libs/foundation/components/table,/libs/wcm/foundation/components/text,/libs/wcm/foundation/components/textimage,/libs/wcm/foundation/components/title,/libs/foundation/components/video,/libs/cq/experience-fragments/editor/components/experiencefragment]">
                        <cq:authoring jcr:primaryType="nt:unstructured">
                            <assetToComponentMapping jcr:primaryType="nt:unstructured">
                                <image
                                    jcr:primaryType="nt:unstructured"
                                    assetGroup="media"
                                    assetMimetype="image/*"
                                    droptarget="image"
                                    resourceType="wcm/foundation/components/image"
                                    type="Images"/>
                                <product
                                    jcr:primaryType="nt:unstructured"
                                    assetGroup="product"
                                    droptarget="product-data-reference"
                                    resourceType="commerce/components/product"
                                    type="Products"/>
                                <document
                                    jcr:primaryType="nt:unstructured"
                                    assetGroup="media"
                                    assetMimetype="[application/vnd.openxmlformats,application/msword,application/vnd.ms-powerpoint,application/mspowerpoint,application/powerpoint,application/x-mspowerpoint,application/x-msexcel,application/x-excel,application/excel,application/vnd.ms-excel,application/pdf,application/vnd.openxmlformats-officedocument.wordprocessingml.document]"
                                    droptarget="file"
                                    resourceType="foundation/components/download"
                                    type="Images"/>
                                <video
                                    jcr:primaryType="nt:unstructured"
                                    assetGroup="media"
                                    assetMimetype="video/*"
                                    droptarget="video"
                                    resourceType="foundation/components/video"
                                    type="Images"/>
                                <fragment
                                    jcr:primaryType="nt:unstructured"
                                    assetGroup="media"
                                    assetMimetype="text/html"
                                    droptarget="fragment"
                                    resourceType="dam/cfm/components/contentfragment"
                                    type="Content Fragment"/>
                                <experiencefragment
                                    jcr:primaryType="nt:unstructured"
                                    assetGroup="content"
                                    assetMimetype="text/html"
                                    droptarget="experiencefragment"
                                    resourceType="cq/experience-fragments/editor/components/experiencefragment"
                                    type="experiencefragment"/>
                            </assetToComponentMapping>
                        </cq:authoring>
                        <jcr:content
                            jcr:primaryType="nt:unstructured"
                            mergeList="{Boolean}true"/>
                    </default>
                    <policy_1764240180491
                        jcr:lastModified="{Date}2025-11-27T11:50:11.638Z"
                        jcr:lastModifiedBy="kannadurai@eand.com"
                        jcr:primaryType="nt:unstructured"
                        jcr:title="DASS Template Container policy"
                        sling:resourceType="wcm/core/components/policy/policy"
                        components="[group:DASS-Content,group:ETISALAT - Core,group:NWT-SMB]">
                        <jcr:content jcr:primaryType="nt:unstructured"/>
                    </policy_1764240180491>
                </responsivegrid>
            </components>
        </foundation>
    </wcm>
</jcr:root>
