<?xml version="1.0" encoding="UTF-8"?>
<jcr:root xmlns:jcr="http://www.jcp.org/jcr/1.0" xmlns:dam="http://www.day.com/dam/1.0" xmlns:nt="http://www.jcp.org/jcr/nt/1.0" xmlns:mix="http://www.jcp.org/jcr/mix/1.0" xmlns:cq="http://www.day.com/jcr/cq/1.0"
    jcr:isCheckedOut="{Boolean}true"
    jcr:mixinTypes="[cq:contentFragment,mix:referenceable,mix:versionable]"
    jcr:primaryType="dam:Asset"
    jcr:uuid="092a571c-e83c-4ed5-9dec-4639ee3475a5">
    <jcr:content
        cq:isDelivered="{Boolean}false"
        cq:lastModified="{Date}2025-11-28T12:13:32.177Z"
        cq:lastModifiedBy="maripaul@eand.com"
        cq:lastReplicated="{Date}2025-12-12T11:08:37.533Z"
        cq:lastReplicated_publish="{Date}2025-12-12T11:08:37.533Z"
        cq:lastReplicatedBy="workflow-process-service"
        cq:lastReplicatedBy_publish="workflow-process-service"
        cq:lastReplicationAction="Activate"
        cq:lastReplicationAction_publish="Activate"
        cq:name="solutions"
        cq:parentPath="/content/dam/daas/cfm/header/top-navigation/enterprise-solutions"
        jcr:lastModified="{Date}2025-03-12T00:50:00.090Z"
        jcr:lastModifiedBy="suvenkatachalam@eand.com"
        jcr:mixinTypes="[cq:ReplicationStatus,cq:ReplicationStatus2]"
        jcr:primaryType="dam:AssetContent"
        jcr:title="Solutions"
        contentFragment="{Boolean}true"
        lastFragmentSave="{Date}2025-03-12T00:50:00.090Z">
        <data
            cq:model="/conf/daas/settings/dam/cfm/models/business-mega-menu-main-section"
            jcr:primaryType="nt:unstructured"
            _strucVersion="{Long}1">
            <master
                jcr:mixinTypes="[cq:Taggable,dam:cfVariationNode]"
                jcr:primaryType="nt:unstructured"
                mainSection="[/content/dam/daas/cfm/header/top-navigation/enterprise-solutions/solutions-sub-sec-1,/content/dam/daas/cfm/header/top-navigation/enterprise-solutions/solutions-sub-sec-2]"
                mainSection_x0040_LastModified="{Date}2025-03-12T00:38:43.327Z"
                mainSection_x0040_LastModifiedBy="suvenkatachalam@eand.com"
                mainSectionTitle="Solutions"
                mainSectionTitle_x0040_LastModified="{Date}2023-10-21T19:17:30.102Z"
                menuFooterSection_x0040_LastModified="{Date}2023-10-21T18:52:24.020Z"
                promoSection_x0040_LastModified="{Date}2025-03-12T00:49:31.526Z"
                promoSection_x0040_LastModifiedBy="suvenkatachalam@eand.com"/>
            <ar
                jcr:mixinTypes="[cq:Taggable,dam:cfVariationNode]"
                jcr:primaryType="nt:unstructured"
                _x0040_variationCreationDate="{Date}2023-10-21T19:17:35.684Z"
                mainSection="[/content/dam/daas/cfm/header/top-navigation/enterprise-solutions/solutions-sub-sec-1,/content/dam/daas/cfm/header/top-navigation/enterprise-solutions/solutions-sub-sec-2]"
                mainSection_x0040_LastModified="{Date}2025-03-12T00:39:04.903Z"
                mainSection_x0040_LastModifiedBy="suvenkatachalam@eand.com"
                mainSectionTitle="الحلول"
                mainSectionTitle_x0040_LastModified="{Date}2025-03-12T00:40:43.428Z"
                mainSectionTitle_x0040_LastModifiedBy="suvenkatachalam@eand.com"
                menuFooterSection_x0040_LastModified="{Date}2023-10-21T19:17:35.686Z"
                promoSection_x0040_LastModified="{Date}2025-03-12T00:49:39.489Z"
                promoSection_x0040_LastModifiedBy="suvenkatachalam@eand.com"/>
        </data>
        <indexedData jcr:primaryType="nt:unstructured">
            <master
                jcr:mixinTypes="[dam:IndexedFragmentData]"
                jcr:primaryType="nt:unstructured"
                jcr:uuid="af5a36e6-2200-40f4-b68d-bce08d7f412a"
                _x0040_string_x0040_model="/conf/daas/settings/dam/cfm/models/business-mega-menu-main-section"
                _x0040_stringArray_x0040_variations="[ar]"
                string_x0040_mainSectionTitle="Solutions"/>
            <ar
                jcr:mixinTypes="[dam:IndexedFragmentData]"
                jcr:primaryType="nt:unstructured"
                jcr:uuid="8bf822e8-6431-4132-9121-0129f4781e5c"
                _x0040_string_x0040_model="/conf/daas/settings/dam/cfm/models/business-mega-menu-main-section"
                string_x0040_mainSectionTitle="الحلول"/>
        </indexedData>
        <metadata
            jcr:mixinTypes="[cq:Taggable]"
            jcr:primaryType="nt:unstructured">
            <dam:cfVariations jcr:primaryType="nt:unstructured">
                <ar
                    jcr:mixinTypes="[cq:Taggable]"
                    jcr:primaryType="nt:unstructured"/>
            </dam:cfVariations>
        </metadata>
        <model jcr:primaryType="nt:unstructured">
            <variations jcr:primaryType="nt:unstructured">
                <ar
                    jcr:description="\0"
                    jcr:mixinTypes="[cq:Taggable]"
                    jcr:primaryType="nt:unstructured"
                    jcr:title="Ar"
                    name="ar">
                    <properties
                        jcr:primaryType="nt:unstructured"
                        synchronizeWithVersion="[mainSectionTitle:97133e3f-a615-4974-a8c8-f0a9e2c2aafa,mainSection:97133e3f-a615-4974-a8c8-f0a9e2c2aafa,promoSection:97133e3f-a615-4974-a8c8-f0a9e2c2aafa,menuFooterSection:97133e3f-a615-4974-a8c8-f0a9e2c2aafa]"/>
                </ar>
            </variations>
        </model>
        <related jcr:primaryType="nt:unstructured"/>
    </jcr:content>
</jcr:root>
