<?xml version="1.0" encoding="UTF-8"?>
<jcr:root xmlns:jcr="http://www.jcp.org/jcr/1.0" xmlns:dam="http://www.day.com/dam/1.0" xmlns:nt="http://www.jcp.org/jcr/nt/1.0" xmlns:mix="http://www.jcp.org/jcr/mix/1.0" xmlns:cq="http://www.day.com/jcr/cq/1.0"
    jcr:isCheckedOut="{Boolean}true"
    jcr:mixinTypes="[cq:contentFragment,mix:referenceable,mix:versionable]"
    jcr:primaryType="dam:Asset"
    jcr:uuid="2565f7ba-c0f2-4b49-8c8f-895677829aa4">
    <jcr:content
        cq:isDelivered="{Boolean}false"
        cq:lastModified="{Date}2025-11-28T12:13:45.429Z"
        cq:lastModifiedBy="maripaul@eand.com"
        cq:lastReplicated="{Date}2025-12-12T11:08:27.477Z"
        cq:lastReplicated_publish="{Date}2025-12-12T11:08:27.477Z"
        cq:lastReplicatedBy="workflow-process-service"
        cq:lastReplicatedBy_publish="workflow-process-service"
        cq:lastReplicationAction="Activate"
        cq:lastReplicationAction_publish="Activate"
        cq:name="cyber-security"
        cq:parentPath="/content/dam/daas/cfm/header/mega-menu"
        jcr:lastModified="{Date}2025-03-11T09:55:15.575Z"
        jcr:lastModifiedBy="suvenkatachalam@eand.com"
        jcr:mixinTypes="[cq:ReplicationStatus,cq:ReplicationStatus2]"
        jcr:primaryType="dam:AssetContent"
        jcr:title="Cyber Security"
        contentFragment="{Boolean}true"
        lastFragmentSave="{Date}2025-03-11T09:55:15.575Z">
        <data
            cq:model="/conf/daas/settings/dam/cfm/models/business-menu-generic-link"
            jcr:primaryType="nt:unstructured"
            _strucVersion="{Long}1">
            <master
                jcr:mixinTypes="[cq:Taggable,dam:cfVariationNode]"
                jcr:primaryType="nt:unstructured"
                actionImage_x0040_LastModified="{Date}2023-10-21T18:00:05.483Z"
                ctaText_x0040_LastModified="{Date}2023-10-21T18:00:05.483Z"
                linkType_x0040_LastModified="{Date}2023-10-21T18:00:05.483Z"
                sameTabOrNewTab="_self"
                sameTabOrNewTab_x0040_LastModified="{Date}2023-10-21T18:00:22.533Z"
                subDescription_x0040_LastModified="{Date}2023-10-21T18:00:05.483Z"
                subHeading="Cyber Security"
                subHeading_x0040_LastModified="{Date}2023-10-21T18:00:22.531Z"
                subLink="#"
                subLink_x0040_LastModified="{Date}2023-10-21T18:00:22.532Z"/>
            <ar
                jcr:mixinTypes="[cq:Taggable,dam:cfVariationNode]"
                jcr:primaryType="nt:unstructured"
                _x0040_variationCreationDate="{Date}2023-10-21T18:00:27.411Z"
                actionImage_x0040_LastModified="{Date}2023-10-21T18:00:27.413Z"
                ctaText_x0040_LastModified="{Date}2023-10-21T18:00:27.413Z"
                linkType_x0040_LastModified="{Date}2023-10-21T18:00:27.412Z"
                sameTabOrNewTab="_self"
                sameTabOrNewTab_x0040_LastModified="{Date}2023-10-21T18:00:27.413Z"
                subDescription_x0040_LastModified="{Date}2023-10-21T18:00:27.412Z"
                subHeading="الأمن السيبراني"
                subHeading_x0040_LastModified="{Date}2023-10-21T18:00:38.243Z"
                subLink="#"
                subLink_x0040_LastModified="{Date}2023-10-21T18:02:48.538Z"/>
        </data>
        <indexedData jcr:primaryType="nt:unstructured">
            <master
                jcr:mixinTypes="[dam:IndexedFragmentData]"
                jcr:primaryType="nt:unstructured"
                jcr:uuid="5c30b45a-44bd-4c7c-bab9-846b0108f04c"
                _x0040_string_x0040_model="/conf/daas/settings/dam/cfm/models/business-menu-generic-link"
                _x0040_stringArray_x0040_variations="[ar]"
                string_x0040_sameTabOrNewTab="_self"
                string_x0040_subHeading="Cyber Security"
                string_x0040_subLink="#"/>
            <ar
                jcr:mixinTypes="[dam:IndexedFragmentData]"
                jcr:primaryType="nt:unstructured"
                jcr:uuid="37c086a5-8cbf-4ff0-b74c-8e01328d0ff9"
                _x0040_string_x0040_model="/conf/daas/settings/dam/cfm/models/business-menu-generic-link"
                string_x0040_sameTabOrNewTab="_self"
                string_x0040_subHeading="الأمن السيبراني"
                string_x0040_subLink="#"/>
        </indexedData>
        <metadata
            jcr:mixinTypes="[cq:Taggable]"
            jcr:primaryType="nt:unstructured">
            <dam:cfVariations jcr:primaryType="nt:unstructured">
                <ar
                    jcr:mixinTypes="[cq:Taggable]"
                    jcr:primaryType="nt:unstructured"/>
            </dam:cfVariations>
        </metadata>
        <model jcr:primaryType="nt:unstructured">
            <variations jcr:primaryType="nt:unstructured">
                <ar
                    jcr:description="\0"
                    jcr:mixinTypes="[cq:Taggable]"
                    jcr:primaryType="nt:unstructured"
                    jcr:title="Ar"
                    name="ar">
                    <properties
                        jcr:primaryType="nt:unstructured"
                        synchronizeWithVersion="[subHeading:eb0385e1-1622-44c7-9896-e4f5660dee7b,subDescription:eb0385e1-1622-44c7-9896-e4f5660dee7b,linkType:eb0385e1-1622-44c7-9896-e4f5660dee7b,ctaText:eb0385e1-1622-44c7-9896-e4f5660dee7b,subLink:eb0385e1-1622-44c7-9896-e4f5660dee7b,sameTabOrNewTab:eb0385e1-1622-44c7-9896-e4f5660dee7b,actionImage:eb0385e1-1622-44c7-9896-e4f5660dee7b]"/>
                </ar>
            </variations>
        </model>
        <related jcr:primaryType="nt:unstructured"/>
    </jcr:content>
</jcr:root>
