<?xml version="1.0" encoding="UTF-8"?>
<jcr:root xmlns:jcr="http://www.jcp.org/jcr/1.0" xmlns:dam="http://www.day.com/dam/1.0" xmlns:nt="http://www.jcp.org/jcr/nt/1.0" xmlns:mix="http://www.jcp.org/jcr/mix/1.0" xmlns:cq="http://www.day.com/jcr/cq/1.0"
    jcr:isCheckedOut="{Boolean}true"
    jcr:mixinTypes="[cq:contentFragment,mix:referenceable,mix:versionable]"
    jcr:primaryType="dam:Asset"
    jcr:uuid="a598dd3d-5d87-4f6b-8856-7926b01fedbb">
    <jcr:content
        cq:isDelivered="{Boolean}false"
        cq:lastModified="{Date}2025-11-28T15:19:27.408+05:30"
        cq:lastModifiedBy="admin"
        cq:lastReplicated="{Date}2025-12-12T11:09:27.723Z"
        cq:lastReplicated_publish="{Date}2025-12-12T11:09:27.723Z"
        cq:lastReplicatedBy="workflow-process-service"
        cq:lastReplicatedBy_publish="workflow-process-service"
        cq:lastReplicationAction="Activate"
        cq:lastReplicationAction_publish="Activate"
        cq:name="e&amp;"
        cq:parentPath="/content/dam/daas/cfm/footer"
        jcr:lastModified="{Date}2023-10-24T10:10:23.810Z"
        jcr:lastModifiedBy="azaraheem@etisalat.ae"
        jcr:mixinTypes="[cq:ReplicationStatus,cq:ReplicationStatus2]"
        jcr:primaryType="dam:AssetContent"
        jcr:title="e&amp;"
        contentFragment="{Boolean}true"
        lastFragmentSave="{Date}2023-10-24T10:10:23.810Z">
        <data
            cq:model="/conf/daas/settings/dam/cfm/models/business-footer-maintitle-section"
            jcr:primaryType="nt:unstructured"
            _strucVersion="{Long}1">
            <master
                jcr:mixinTypes="[cq:Taggable,dam:cfVariationNode]"
                jcr:primaryType="nt:unstructured"
                mainTitle="e&amp;"
                mainTitle_x0040_LastModified="{Date}2023-10-22T11:06:22.797Z"
                subsection="[/content/dam/daas/cfm/footer-quicklinks/quick-links/e&amp;,/content/dam/daas/cfm/footer-quicklinks/quick-links/e&amp;life,/content/dam/daas/cfm/footer-quicklinks/quick-links/e&amp;enterprise,/content/dam/daas/cfm/footer-quicklinks/quick-links/e&amp;capital,/content/dam/daas/cfm/footer-quicklinks/quick-links/telecoms]"
                subsection_x0040_LastModified="{Date}2023-10-22T11:06:22.798Z">
                <card
                    jcr:primaryType="nt:unstructured"
                    assets="[]"
                    texts="[e&amp;]"/>
            </master>
            <ar
                jcr:mixinTypes="[cq:Taggable,dam:cfVariationNode]"
                jcr:primaryType="nt:unstructured"
                _x0040_variationCreationDate="{Date}2023-10-22T11:07:05.453Z"
                mainTitle="e&amp;"
                mainTitle_x0040_LastModified="{Date}2023-10-22T11:07:05.454Z"
                subsection="[/content/dam/daas/cfm/footer-quicklinks/quick-links/e&amp;,/content/dam/daas/cfm/footer-quicklinks/quick-links/e&amp;life,/content/dam/daas/cfm/footer-quicklinks/quick-links/e&amp;enterprise,/content/dam/daas/cfm/footer-quicklinks/quick-links/e&amp;capital,/content/dam/daas/cfm/footer-quicklinks/quick-links/telecoms]"
                subsection_x0040_LastModified="{Date}2023-10-22T11:07:05.454Z"/>
        </data>
        <indexedData jcr:primaryType="nt:unstructured">
            <master
                jcr:mixinTypes="[dam:IndexedFragmentData]"
                jcr:primaryType="nt:unstructured"
                jcr:uuid="9c396f27-77fb-41e3-b63a-27e834b8419a"
                _x0040_string_x0040_model="/conf/daas/settings/dam/cfm/models/business-footer-maintitle-section"
                _x0040_stringArray_x0040_variations="[ar]"
                string_x0040_mainTitle="e&amp;"/>
            <ar
                jcr:mixinTypes="[dam:IndexedFragmentData]"
                jcr:primaryType="nt:unstructured"
                jcr:uuid="a244643b-b5a6-4e1a-9740-ad16dfbf2090"
                _x0040_string_x0040_model="/conf/daas/settings/dam/cfm/models/business-footer-maintitle-section"
                string_x0040_mainTitle="e&amp;"/>
        </indexedData>
        <metadata
            jcr:mixinTypes="[cq:Taggable]"
            jcr:primaryType="nt:unstructured"/>
        <model jcr:primaryType="nt:unstructured">
            <variations jcr:primaryType="nt:unstructured">
                <ar
                    jcr:description="\0"
                    jcr:mixinTypes="[cq:Taggable]"
                    jcr:primaryType="nt:unstructured"
                    jcr:title="Ar"
                    name="ar">
                    <properties
                        jcr:primaryType="nt:unstructured"
                        synchronizeWithVersion="[mainTitle:98dd805e-a988-47a0-8cd7-4450ffae6f3c,subsection:98dd805e-a988-47a0-8cd7-4450ffae6f3c]"/>
                </ar>
            </variations>
        </model>
        <related jcr:primaryType="nt:unstructured"/>
    </jcr:content>
</jcr:root>
