<?xml version="1.0" encoding="UTF-8"?>
<jcr:root xmlns:jcr="http://www.jcp.org/jcr/1.0" xmlns:dam="http://www.day.com/dam/1.0" xmlns:nt="http://www.jcp.org/jcr/nt/1.0" xmlns:mix="http://www.jcp.org/jcr/mix/1.0" xmlns:cq="http://www.day.com/jcr/cq/1.0"
    jcr:isCheckedOut="{Boolean}true"
    jcr:mixinTypes="[cq:contentFragment,mix:referenceable,mix:versionable]"
    jcr:primaryType="dam:Asset"
    jcr:uuid="83d2eef7-eeb1-4d95-8bc8-242f6b9af9c3">
    <jcr:content
        cq:isDelivered="{Boolean}false"
        cq:lastModified="{Date}2025-11-28T12:13:29.910Z"
        cq:lastModifiedBy="maripaul@eand.com"
        cq:lastReplicated="{Date}2025-12-12T11:08:37.533Z"
        cq:lastReplicated_publish="{Date}2025-12-12T11:08:37.533Z"
        cq:lastReplicatedBy="workflow-process-service"
        cq:lastReplicatedBy_publish="workflow-process-service"
        cq:lastReplicationAction="Activate"
        cq:lastReplicationAction_publish="Activate"
        cq:name="business-app-store-sub-sec-2"
        cq:parentPath="/content/dam/daas/cfm/header/top-navigation"
        jcr:lastModified="{Date}2025-03-11T22:43:12.676Z"
        jcr:lastModifiedBy="suvenkatachalam@eand.com"
        jcr:mixinTypes="[cq:ReplicationStatus,cq:ReplicationStatus2]"
        jcr:primaryType="dam:AssetContent"
        jcr:title="Business App Store Sub Sec 2"
        contentFragment="{Boolean}true"
        lastFragmentSave="{Date}2025-03-11T22:43:12.676Z">
        <data
            cq:model="/conf/daas/settings/dam/cfm/models/business-mega-menu-sub-section"
            jcr:primaryType="nt:unstructured"
            _strucVersion="{Long}1">
            <master
                jcr:mixinTypes="[cq:Taggable,dam:cfVariationNode]"
                jcr:primaryType="nt:unstructured"
                menuHeading="Finance"
                menuHeading_x0040_LastModified="{Date}2023-10-21T19:51:28.443Z"
                menuSubSection="[/content/dam/daas/cfm/header/mega-menu/finance/vat---tax-filing,/content/dam/daas/cfm/header/mega-menu/finance/invoicing,/content/dam/daas/cfm/header/mega-menu/finance/payment-solution]"
                menuSubSection_x0040_LastModified="{Date}2023-10-21T19:51:28.444Z"/>
            <ar
                jcr:mixinTypes="[cq:Taggable,dam:cfVariationNode]"
                jcr:primaryType="nt:unstructured"
                _x0040_variationCreationDate="{Date}2023-10-21T19:51:32.852Z"
                menuHeading="المالية"
                menuHeading_x0040_LastModified="{Date}2023-10-21T19:51:59.858Z"
                menuSubSection="[/content/dam/daas/cfm/header/mega-menu/finance/vat---tax-filing,/content/dam/daas/cfm/header/mega-menu/finance/invoicing,/content/dam/daas/cfm/header/mega-menu/finance/payment-solution]"
                menuSubSection_x0040_LastModified="{Date}2023-10-21T19:51:32.853Z"/>
        </data>
        <indexedData jcr:primaryType="nt:unstructured">
            <master
                jcr:mixinTypes="[dam:IndexedFragmentData]"
                jcr:primaryType="nt:unstructured"
                jcr:uuid="006503d9-dbc6-46f0-afdf-b9cc17e12f8d"
                _x0040_string_x0040_model="/conf/daas/settings/dam/cfm/models/business-mega-menu-sub-section"
                _x0040_stringArray_x0040_variations="[ar]"
                string_x0040_menuHeading="Finance"/>
            <ar
                jcr:mixinTypes="[dam:IndexedFragmentData]"
                jcr:primaryType="nt:unstructured"
                jcr:uuid="5c9c211f-6146-40b0-9c03-c9a28d9fa223"
                _x0040_string_x0040_model="/conf/daas/settings/dam/cfm/models/business-mega-menu-sub-section"
                string_x0040_menuHeading="المالية"/>
        </indexedData>
        <metadata
            jcr:mixinTypes="[cq:Taggable]"
            jcr:primaryType="nt:unstructured"/>
        <model jcr:primaryType="nt:unstructured">
            <variations jcr:primaryType="nt:unstructured">
                <ar
                    jcr:description="\0"
                    jcr:mixinTypes="[cq:Taggable]"
                    jcr:primaryType="nt:unstructured"
                    jcr:title="Ar"
                    name="ar">
                    <properties
                        jcr:primaryType="nt:unstructured"
                        synchronizeWithVersion="[menuHeading:dbf3797a-ba2b-4a66-8418-bd4889e0ee09,menuSubSection:dbf3797a-ba2b-4a66-8418-bd4889e0ee09]"/>
                </ar>
            </variations>
        </model>
        <related jcr:primaryType="nt:unstructured"/>
    </jcr:content>
</jcr:root>
