<?xml version="1.0" encoding="UTF-8"?>
<jcr:root xmlns:jcr="http://www.jcp.org/jcr/1.0" xmlns:dam="http://www.day.com/dam/1.0" xmlns:nt="http://www.jcp.org/jcr/nt/1.0" xmlns:mix="http://www.jcp.org/jcr/mix/1.0" xmlns:cq="http://www.day.com/jcr/cq/1.0"
    jcr:isCheckedOut="{Boolean}true"
    jcr:mixinTypes="[cq:contentFragment,mix:referenceable,mix:versionable]"
    jcr:primaryType="dam:Asset"
    jcr:uuid="9f616256-096b-4aac-aa12-1fe16225849a">
    <jcr:content
        cq:isDelivered="{Boolean}false"
        cq:lastModified="{Date}2025-11-28T15:48:23.900+05:30"
        cq:lastModifiedBy="admin"
        cq:lastReplicated="{Date}2025-12-12T11:11:25.622Z"
        cq:lastReplicated_publish="{Date}2025-12-12T11:11:25.622Z"
        cq:lastReplicatedBy="workflow-process-service"
        cq:lastReplicatedBy_publish="workflow-process-service"
        cq:lastReplicationAction="Activate"
        cq:lastReplicationAction_publish="Activate"
        cq:name="billing-and-payments"
        cq:parentPath="/content/dam/daas/cfm/mega-menu"
        jcr:lastModified="{Date}2023-10-21T20:05:52.208Z"
        jcr:lastModifiedBy="azaraheem@etisalat.ae"
        jcr:mixinTypes="[cq:ReplicationStatus,cq:ReplicationStatus2]"
        jcr:primaryType="dam:AssetContent"
        jcr:title="Billing and Payments"
        contentFragment="{Boolean}true"
        lastFragmentSave="{Date}2023-10-21T20:05:52.208Z">
        <data
            cq:model="/conf/daas/settings/dam/cfm/models/business-menu-generic-link"
            jcr:primaryType="nt:unstructured"
            _strucVersion="{Long}1">
            <master
                jcr:mixinTypes="[cq:Taggable,dam:cfVariationNode]"
                jcr:primaryType="nt:unstructured"
                actionImage_x0040_LastModified="{Date}2023-10-21T20:05:07.539Z"
                ctaText_x0040_LastModified="{Date}2023-10-21T20:05:07.539Z"
                linkType_x0040_LastModified="{Date}2023-10-21T20:05:07.539Z"
                sameTabOrNewTab="_self"
                sameTabOrNewTab_x0040_LastModified="{Date}2023-10-21T20:05:27.242Z"
                subDescription_x0040_LastModified="{Date}2023-10-21T20:05:07.539Z"
                subHeading="Billing and Payments"
                subHeading_x0040_LastModified="{Date}2023-10-21T20:05:27.241Z"
                subLink="#"
                subLink_x0040_LastModified="{Date}2023-10-21T20:05:27.241Z"/>
            <ar
                jcr:mixinTypes="[cq:Taggable,dam:cfVariationNode]"
                jcr:primaryType="nt:unstructured"
                _x0040_variationCreationDate="{Date}2023-10-21T20:05:32.670Z"
                actionImage_x0040_LastModified="{Date}2023-10-21T20:05:32.672Z"
                ctaText_x0040_LastModified="{Date}2023-10-21T20:05:32.672Z"
                linkType_x0040_LastModified="{Date}2023-10-21T20:05:32.671Z"
                sameTabOrNewTab="_self"
                sameTabOrNewTab_x0040_LastModified="{Date}2023-10-21T20:05:32.672Z"
                subDescription_x0040_LastModified="{Date}2023-10-21T20:05:32.671Z"
                subHeading="الفواتير والمدفوعات"
                subHeading_x0040_LastModified="{Date}2023-10-21T20:05:51.983Z"
                subLink="#"
                subLink_x0040_LastModified="{Date}2023-10-21T20:05:51.983Z"/>
        </data>
        <indexedData jcr:primaryType="nt:unstructured">
            <master
                jcr:mixinTypes="[dam:IndexedFragmentData]"
                jcr:primaryType="nt:unstructured"
                jcr:uuid="e98427db-a0da-4e01-89a9-1a037c7579db"
                _x0040_string_x0040_model="/conf/daas/settings/dam/cfm/models/business-menu-generic-link"
                _x0040_stringArray_x0040_variations="[ar]"
                string_x0040_sameTabOrNewTab="_self"
                string_x0040_subHeading="Billing and Payments"
                string_x0040_subLink="#"/>
            <ar
                jcr:mixinTypes="[dam:IndexedFragmentData]"
                jcr:primaryType="nt:unstructured"
                jcr:uuid="ba111983-f51d-449f-a0f0-5d5e40e8c481"
                _x0040_string_x0040_model="/conf/daas/settings/dam/cfm/models/business-menu-generic-link"
                string_x0040_sameTabOrNewTab="_self"
                string_x0040_subHeading="الفواتير والمدفوعات"
                string_x0040_subLink="#"/>
        </indexedData>
        <metadata
            jcr:mixinTypes="[cq:Taggable]"
            jcr:primaryType="nt:unstructured"/>
        <model jcr:primaryType="nt:unstructured">
            <variations jcr:primaryType="nt:unstructured">
                <ar
                    jcr:description="\0"
                    jcr:mixinTypes="[cq:Taggable]"
                    jcr:primaryType="nt:unstructured"
                    jcr:title="Ar"
                    name="ar">
                    <properties
                        jcr:primaryType="nt:unstructured"
                        synchronizeWithVersion="[subHeading:11a1c8ec-427d-4c47-a800-e0d462df33e5,subDescription:11a1c8ec-427d-4c47-a800-e0d462df33e5,linkType:11a1c8ec-427d-4c47-a800-e0d462df33e5,ctaText:11a1c8ec-427d-4c47-a800-e0d462df33e5,subLink:11a1c8ec-427d-4c47-a800-e0d462df33e5,sameTabOrNewTab:11a1c8ec-427d-4c47-a800-e0d462df33e5,actionImage:11a1c8ec-427d-4c47-a800-e0d462df33e5]"/>
                </ar>
            </variations>
        </model>
        <related jcr:primaryType="nt:unstructured"/>
    </jcr:content>
</jcr:root>
