<?xml version="1.0" encoding="UTF-8"?>
<jcr:root xmlns:jcr="http://www.jcp.org/jcr/1.0" xmlns:dam="http://www.day.com/dam/1.0" xmlns:nt="http://www.jcp.org/jcr/nt/1.0" xmlns:mix="http://www.jcp.org/jcr/mix/1.0" xmlns:cq="http://www.day.com/jcr/cq/1.0"
    jcr:isCheckedOut="{Boolean}true"
    jcr:mixinTypes="[cq:contentFragment,mix:referenceable,mix:versionable]"
    jcr:primaryType="dam:Asset"
    jcr:uuid="57da4ab0-95c7-40a5-93a4-5bf726cad4a0">
    <jcr:content
        cq:isDelivered="{Boolean}false"
        cq:lastModified="{Date}2025-11-28T12:13:50.245Z"
        cq:lastModifiedBy="maripaul@eand.com"
        cq:lastReplicated="{Date}2025-12-12T11:08:27.477Z"
        cq:lastReplicated_publish="{Date}2025-12-12T11:08:27.477Z"
        cq:lastReplicatedBy="workflow-process-service"
        cq:lastReplicatedBy_publish="workflow-process-service"
        cq:lastReplicationAction="Activate"
        cq:lastReplicationAction_publish="Activate"
        cq:name="recruiting"
        cq:parentPath="/content/dam/daas/cfm/header/mega-menu/hr"
        jcr:lastModified="{Date}2025-03-11T22:47:30.338Z"
        jcr:lastModifiedBy="suvenkatachalam@eand.com"
        jcr:mixinTypes="[cq:ReplicationStatus,cq:ReplicationStatus2]"
        jcr:primaryType="dam:AssetContent"
        jcr:title="Recruiting"
        contentFragment="{Boolean}true"
        lastFragmentSave="{Date}2025-03-11T22:47:30.338Z">
        <data
            cq:model="/conf/daas/settings/dam/cfm/models/business-menu-generic-link"
            jcr:primaryType="nt:unstructured"
            _strucVersion="{Long}1">
            <master
                jcr:mixinTypes="[cq:Taggable,dam:cfVariationNode]"
                jcr:primaryType="nt:unstructured"
                actionImage_x0040_LastModified="{Date}2023-10-21T19:31:50.364Z"
                ctaText_x0040_LastModified="{Date}2023-10-21T19:31:50.364Z"
                linkType_x0040_LastModified="{Date}2023-10-21T19:31:50.364Z"
                sameTabOrNewTab="_self"
                sameTabOrNewTab_x0040_LastModified="{Date}2023-10-21T19:32:11.711Z"
                subDescription_x0040_LastModified="{Date}2023-10-21T19:31:50.364Z"
                subHeading="Recruiting"
                subHeading_x0040_LastModified="{Date}2023-10-21T19:32:11.710Z"
                subLink="#?##2"
                subLink_x0040_LastModified="{Date}2025-03-11T22:46:38.852Z"
                subLink_x0040_LastModifiedBy="suvenkatachalam@eand.com"/>
            <ar
                jcr:mixinTypes="[cq:Taggable,dam:cfVariationNode]"
                jcr:primaryType="nt:unstructured"
                _x0040_variationCreationDate="{Date}2023-10-21T19:32:16.650Z"
                actionImage_x0040_LastModified="{Date}2023-10-21T19:32:16.652Z"
                ctaText_x0040_LastModified="{Date}2023-10-21T19:32:16.651Z"
                linkType_x0040_LastModified="{Date}2023-10-21T19:32:16.651Z"
                sameTabOrNewTab="_self"
                sameTabOrNewTab_x0040_LastModified="{Date}2023-10-21T19:32:16.652Z"
                subDescription_x0040_LastModified="{Date}2023-10-21T19:32:16.651Z"
                subHeading="التوظيف"
                subHeading_x0040_LastModified="{Date}2023-10-21T19:32:38.966Z"
                subLink="#?##2"
                subLink_x0040_LastModified="{Date}2025-03-11T22:47:19.037Z"
                subLink_x0040_LastModifiedBy="suvenkatachalam@eand.com"/>
        </data>
        <indexedData jcr:primaryType="nt:unstructured">
            <master
                jcr:mixinTypes="[dam:IndexedFragmentData]"
                jcr:primaryType="nt:unstructured"
                jcr:uuid="dc3bf214-2973-4af4-8e81-7b90c9eb02fe"
                _x0040_string_x0040_model="/conf/daas/settings/dam/cfm/models/business-menu-generic-link"
                _x0040_stringArray_x0040_variations="[ar]"
                string_x0040_sameTabOrNewTab="_self"
                string_x0040_subHeading="Recruiting"
                string_x0040_subLink="#?##2"/>
            <ar
                jcr:mixinTypes="[dam:IndexedFragmentData]"
                jcr:primaryType="nt:unstructured"
                jcr:uuid="72239ce0-14b0-41b3-b0fe-7cbef5046ac5"
                _x0040_string_x0040_model="/conf/daas/settings/dam/cfm/models/business-menu-generic-link"
                string_x0040_sameTabOrNewTab="_self"
                string_x0040_subHeading="التوظيف"
                string_x0040_subLink="#?##2"/>
        </indexedData>
        <metadata
            jcr:mixinTypes="[cq:Taggable]"
            jcr:primaryType="nt:unstructured">
            <dam:cfVariations jcr:primaryType="nt:unstructured">
                <ar
                    jcr:mixinTypes="[cq:Taggable]"
                    jcr:primaryType="nt:unstructured"/>
            </dam:cfVariations>
        </metadata>
        <model jcr:primaryType="nt:unstructured">
            <variations jcr:primaryType="nt:unstructured">
                <ar
                    jcr:description="\0"
                    jcr:mixinTypes="[cq:Taggable]"
                    jcr:primaryType="nt:unstructured"
                    jcr:title="Ar"
                    name="ar">
                    <properties
                        jcr:primaryType="nt:unstructured"
                        synchronizeWithVersion="[subHeading:458db10b-ac48-4c40-847c-ed246976e69b,subDescription:458db10b-ac48-4c40-847c-ed246976e69b,linkType:458db10b-ac48-4c40-847c-ed246976e69b,ctaText:458db10b-ac48-4c40-847c-ed246976e69b,subLink:458db10b-ac48-4c40-847c-ed246976e69b,sameTabOrNewTab:458db10b-ac48-4c40-847c-ed246976e69b,actionImage:458db10b-ac48-4c40-847c-ed246976e69b]"/>
                </ar>
            </variations>
        </model>
        <related jcr:primaryType="nt:unstructured"/>
    </jcr:content>
</jcr:root>
