<?xml version="1.0" encoding="UTF-8"?>
<jcr:root xmlns:jcr="http://www.jcp.org/jcr/1.0" xmlns:dam="http://www.day.com/dam/1.0" xmlns:nt="http://www.jcp.org/jcr/nt/1.0" xmlns:mix="http://www.jcp.org/jcr/mix/1.0" xmlns:cq="http://www.day.com/jcr/cq/1.0"
    jcr:isCheckedOut="{Boolean}true"
    jcr:mixinTypes="[mix:referenceable,mix:versionable]"
    jcr:primaryType="dam:Asset"
    jcr:uuid="8b2403e9-aec9-4de9-8dd3-eef7bd844902">
    <jcr:content
        cq:isDelivered="{Boolean}false"
        cq:lastModified="{Date}2025-11-28T15:48:23.304+05:30"
        cq:lastModifiedBy="admin"
        cq:lastReplicationAction_publish="Activate"
        cq:name="payment-2"
        cq:parentPath="/content/dam/daas/cfm/footer-quicklinks/patners"
        jcr:lastModified="{Date}2025-03-13T05:41:45.486Z"
        jcr:lastModifiedBy="suvenkatachalam@eand.com"
        jcr:mixinTypes="[cq:ReplicationStatus,cq:ReplicationStatus2]"
        jcr:primaryType="dam:AssetContent"
        jcr:title="Payment 2"
        contentFragment="{Boolean}true"
        lastFragmentSave="{Date}2025-03-13T05:41:45.486Z">
        <data
            cq:model="/conf/daas/settings/dam/cfm/models/business-menu-generic-link"
            jcr:primaryType="nt:unstructured"
            _strucVersion="{Long}1">
            <master
                jcr:mixinTypes="[cq:Taggable,dam:cfVariationNode]"
                jcr:primaryType="nt:unstructured"
                actionImage="/content/dam/etisalat/business-images/smb/2023/footer/footer-icons/etisalat-master-card.svg"
                actionImage_x0040_LastModified="{Date}2025-03-13T05:41:33.869Z"
                actionImage_x0040_LastModifiedBy="suvenkatachalam@eand.com"
                ctaText_x0040_LastModified="{Date}2023-10-22T10:24:34.437Z"
                linkType_x0040_LastModified="{Date}2023-10-22T10:24:34.437Z"
                sameTabOrNewTab_x0040_LastModified="{Date}2023-10-22T10:24:34.437Z"
                subDescription_x0040_LastModified="{Date}2023-10-22T10:24:34.437Z"
                subHeading_x0040_LastModified="{Date}2023-10-22T10:24:34.437Z"
                subLink_x0040_LastModified="{Date}2023-10-22T10:24:34.437Z"/>
            <ar
                jcr:mixinTypes="[cq:Taggable,dam:cfVariationNode]"
                jcr:primaryType="nt:unstructured"
                _x0040_variationCreationDate="{Date}2023-10-22T10:25:17.060Z"
                actionImage="/content/dam/etisalat/business-images/smb/2023/footer/footer-icons/etisalat-master-card.svg"
                actionImage_x0040_LastModified="{Date}2025-03-13T05:41:41.602Z"
                actionImage_x0040_LastModifiedBy="suvenkatachalam@eand.com"
                ctaText_x0040_LastModified="{Date}2023-10-22T10:25:17.061Z"
                linkType_x0040_LastModified="{Date}2023-10-22T10:25:17.061Z"
                sameTabOrNewTab_x0040_LastModified="{Date}2023-10-22T10:25:17.061Z"
                subDescription_x0040_LastModified="{Date}2023-10-22T10:25:17.060Z"
                subHeading_x0040_LastModified="{Date}2023-10-22T10:25:17.060Z"
                subLink_x0040_LastModified="{Date}2023-10-22T10:25:17.061Z"/>
        </data>
        <indexedData jcr:primaryType="nt:unstructured">
            <master
                jcr:mixinTypes="[dam:IndexedFragmentData]"
                jcr:primaryType="nt:unstructured"
                jcr:uuid="fb0d3bb5-7e58-4fc4-a2db-237b7305d354"
                _x0040_string_x0040_model="/conf/daas/settings/dam/cfm/models/business-menu-generic-link"
                _x0040_stringArray_x0040_variations="[ar]"/>
            <ar
                jcr:mixinTypes="[dam:IndexedFragmentData]"
                jcr:primaryType="nt:unstructured"
                jcr:uuid="1408836d-7bf6-4e3a-b88d-c9c1455a29e0"
                _x0040_string_x0040_model="/conf/daas/settings/dam/cfm/models/business-menu-generic-link"/>
        </indexedData>
        <metadata
            jcr:mixinTypes="[cq:Taggable]"
            jcr:primaryType="nt:unstructured">
            <dam:cfVariations jcr:primaryType="nt:unstructured">
                <ar
                    jcr:mixinTypes="[cq:Taggable]"
                    jcr:primaryType="nt:unstructured"/>
            </dam:cfVariations>
        </metadata>
        <model jcr:primaryType="nt:unstructured">
            <variations jcr:primaryType="nt:unstructured">
                <ar
                    jcr:description="\0"
                    jcr:mixinTypes="[cq:Taggable]"
                    jcr:primaryType="nt:unstructured"
                    jcr:title="Ar"
                    name="ar">
                    <properties
                        jcr:primaryType="nt:unstructured"
                        synchronizeWithVersion="[subHeading:056ead1f-20ad-4a00-8079-a956d7df22da,subDescription:056ead1f-20ad-4a00-8079-a956d7df22da,linkType:056ead1f-20ad-4a00-8079-a956d7df22da,ctaText:056ead1f-20ad-4a00-8079-a956d7df22da,subLink:056ead1f-20ad-4a00-8079-a956d7df22da,sameTabOrNewTab:056ead1f-20ad-4a00-8079-a956d7df22da,actionImage:056ead1f-20ad-4a00-8079-a956d7df22da]"/>
                </ar>
            </variations>
        </model>
        <related jcr:primaryType="nt:unstructured"/>
    </jcr:content>
</jcr:root>
