<?xml version="1.0" encoding="UTF-8"?>
<jcr:root xmlns:jcr="http://www.jcp.org/jcr/1.0" xmlns:dam="http://www.day.com/dam/1.0" xmlns:nt="http://www.jcp.org/jcr/nt/1.0" xmlns:mix="http://www.jcp.org/jcr/mix/1.0" xmlns:cq="http://www.day.com/jcr/cq/1.0"
    jcr:isCheckedOut="{Boolean}true"
    jcr:mixinTypes="[cq:contentFragment,mix:referenceable,mix:versionable]"
    jcr:primaryType="dam:Asset"
    jcr:uuid="d5938145-7187-4c17-9894-b7624e05c9c0">
    <jcr:content
        cq:isDelivered="{Boolean}false"
        cq:lastModified="{Date}2025-11-28T12:13:46.957Z"
        cq:lastModifiedBy="maripaul@eand.com"
        cq:lastReplicated="{Date}2025-12-12T11:08:27.477Z"
        cq:lastReplicated_publish="{Date}2025-12-12T11:08:27.477Z"
        cq:lastReplicatedBy="workflow-process-service"
        cq:lastReplicatedBy_publish="workflow-process-service"
        cq:lastReplicationAction="Activate"
        cq:lastReplicationAction_publish="Activate"
        cq:name="logistics-transportation"
        cq:parentPath="/content/dam/daas/cfm/header/mega-menu/enterprise-industry-solutions"
        jcr:lastModified="{Date}2025-03-12T00:31:35.461Z"
        jcr:lastModifiedBy="suvenkatachalam@eand.com"
        jcr:mixinTypes="[cq:ReplicationStatus,cq:ReplicationStatus2]"
        jcr:primaryType="dam:AssetContent"
        jcr:title="Logistics &amp; Transportation"
        contentFragment="{Boolean}true"
        lastFragmentSave="{Date}2025-03-12T00:31:35.461Z">
        <data
            cq:model="/conf/daas/settings/dam/cfm/models/business-menu-generic-link"
            jcr:primaryType="nt:unstructured"
            _strucVersion="{Long}1">
            <master
                jcr:mixinTypes="[cq:Taggable,dam:cfVariationNode]"
                jcr:primaryType="nt:unstructured"
                actionImage_x0040_LastModified="{Date}2023-10-21T18:07:15.170Z"
                ctaText_x0040_LastModified="{Date}2023-10-21T18:07:15.170Z"
                linkType_x0040_LastModified="{Date}2023-10-21T18:07:15.170Z"
                sameTabOrNewTab="_self"
                sameTabOrNewTab_x0040_LastModified="{Date}2023-10-21T18:07:37.787Z"
                subDescription_x0040_LastModified="{Date}2023-10-21T18:07:15.170Z"
                subHeading="Logistics &amp; Transportation"
                subHeading_x0040_LastModified="{Date}2025-03-12T00:30:40.176Z"
                subHeading_x0040_LastModifiedBy="suvenkatachalam@eand.com"
                subLink="#"
                subLink_x0040_LastModified="{Date}2025-03-12T00:30:40.178Z"
                subLink_x0040_LastModifiedBy="suvenkatachalam@eand.com"/>
            <ar
                jcr:mixinTypes="[cq:Taggable,dam:cfVariationNode]"
                jcr:primaryType="nt:unstructured"
                _x0040_variationCreationDate="{Date}2023-10-21T18:07:43.298Z"
                actionImage_x0040_LastModified="{Date}2023-10-21T18:07:43.300Z"
                ctaText_x0040_LastModified="{Date}2023-10-21T18:07:43.300Z"
                linkType_x0040_LastModified="{Date}2023-10-21T18:07:43.300Z"
                sameTabOrNewTab="_self"
                sameTabOrNewTab_x0040_LastModified="{Date}2023-10-21T18:07:43.300Z"
                subDescription_x0040_LastModified="{Date}2023-10-21T18:07:43.299Z"
                subHeading="مجال الخدمات اللوجستية والنقل"
                subHeading_x0040_LastModified="{Date}2025-03-12T00:31:30.020Z"
                subHeading_x0040_LastModifiedBy="suvenkatachalam@eand.com"
                subLink="#"
                subLink_x0040_LastModified="{Date}2025-03-12T00:31:30.023Z"
                subLink_x0040_LastModifiedBy="suvenkatachalam@eand.com"/>
        </data>
        <indexedData jcr:primaryType="nt:unstructured">
            <master
                jcr:mixinTypes="[dam:IndexedFragmentData]"
                jcr:primaryType="nt:unstructured"
                jcr:uuid="f3630f72-8fd9-4535-90c4-a82806661796"
                _x0040_string_x0040_model="/conf/daas/settings/dam/cfm/models/business-menu-generic-link"
                _x0040_stringArray_x0040_variations="[ar]"
                string_x0040_sameTabOrNewTab="_self"
                string_x0040_subHeading="Logistics &amp; Transportation"
                string_x0040_subLink="#"/>
            <ar
                jcr:mixinTypes="[dam:IndexedFragmentData]"
                jcr:primaryType="nt:unstructured"
                jcr:uuid="e2f92d22-6d1a-4e5a-a7c0-0733998c912c"
                _x0040_string_x0040_model="/conf/daas/settings/dam/cfm/models/business-menu-generic-link"
                string_x0040_sameTabOrNewTab="_self"
                string_x0040_subHeading="مجال الخدمات اللوجستية والنقل"
                string_x0040_subLink="#"/>
        </indexedData>
        <metadata
            jcr:mixinTypes="[cq:Taggable]"
            jcr:primaryType="nt:unstructured">
            <dam:cfVariations jcr:primaryType="nt:unstructured">
                <ar
                    jcr:mixinTypes="[cq:Taggable]"
                    jcr:primaryType="nt:unstructured"/>
            </dam:cfVariations>
        </metadata>
        <model jcr:primaryType="nt:unstructured">
            <variations jcr:primaryType="nt:unstructured">
                <ar
                    jcr:description="\0"
                    jcr:mixinTypes="[cq:Taggable]"
                    jcr:primaryType="nt:unstructured"
                    jcr:title="Ar"
                    name="ar">
                    <properties
                        jcr:primaryType="nt:unstructured"
                        synchronizeWithVersion="[subHeading:a4e26273-6c0a-4349-8543-dbfe1b4faae4,subDescription:a4e26273-6c0a-4349-8543-dbfe1b4faae4,linkType:a4e26273-6c0a-4349-8543-dbfe1b4faae4,ctaText:a4e26273-6c0a-4349-8543-dbfe1b4faae4,subLink:a4e26273-6c0a-4349-8543-dbfe1b4faae4,sameTabOrNewTab:a4e26273-6c0a-4349-8543-dbfe1b4faae4,actionImage:a4e26273-6c0a-4349-8543-dbfe1b4faae4]"/>
                </ar>
            </variations>
        </model>
        <related jcr:primaryType="nt:unstructured"/>
    </jcr:content>
</jcr:root>
