<?xml version="1.0" encoding="UTF-8"?>
<jcr:root xmlns:jcr="http://www.jcp.org/jcr/1.0" xmlns:dam="http://www.day.com/dam/1.0" xmlns:nt="http://www.jcp.org/jcr/nt/1.0" xmlns:mix="http://www.jcp.org/jcr/mix/1.0" xmlns:cq="http://www.day.com/jcr/cq/1.0"
    jcr:isCheckedOut="{Boolean}true"
    jcr:mixinTypes="[mix:referenceable,mix:versionable]"
    jcr:primaryType="dam:Asset"
    jcr:uuid="9fac5c70-9818-4ee5-ad6e-cdc63d81501a">
    <jcr:content
        cq:isDelivered="{Boolean}false"
        cq:lastModified="{Date}2025-11-28T15:48:23.784+05:30"
        cq:lastModifiedBy="admin"
        cq:lastReplicationAction_publish="Activate"
        cq:name="account-renewal"
        cq:parentPath="/content/dam/daas/cfm/footer-quicklinks/quick-links"
        jcr:lastModified="{Date}2025-03-12T09:31:23.317Z"
        jcr:lastModifiedBy="suvenkatachalam@eand.com"
        jcr:mixinTypes="[cq:ReplicationStatus,cq:ReplicationStatus2]"
        jcr:primaryType="dam:AssetContent"
        jcr:title="Account Renewal"
        contentFragment="{Boolean}true"
        lastFragmentSave="{Date}2025-03-12T09:31:23.317Z">
        <data
            cq:model="/conf/daas/settings/dam/cfm/models/business-menu-generic-link"
            jcr:primaryType="nt:unstructured"
            _strucVersion="{Long}1">
            <master
                jcr:mixinTypes="[cq:Taggable,dam:cfVariationNode]"
                jcr:primaryType="nt:unstructured"
                actionImage_x0040_LastModified="{Date}2023-10-22T08:22:47.160Z"
                ctaText_x0040_LastModified="{Date}2023-10-22T08:22:47.160Z"
                linkType_x0040_LastModified="{Date}2023-10-22T08:22:47.160Z"
                sameTabOrNewTab="_self"
                sameTabOrNewTab_x0040_LastModified="{Date}2023-10-22T08:24:01.514Z"
                subDescription_x0040_LastModified="{Date}2023-10-22T08:22:47.160Z"
                subHeading="Account Renewal"
                subHeading_x0040_LastModified="{Date}2023-10-22T08:24:01.513Z"
                subLink="/en/smb/business-online-portal/document-renewal.html"
                subLink_x0040_LastModified="{Date}2023-10-22T08:24:01.514Z"/>
            <ar
                jcr:mixinTypes="[cq:Taggable,dam:cfVariationNode]"
                jcr:primaryType="nt:unstructured"
                _x0040_variationCreationDate="{Date}2023-10-22T08:24:06.841Z"
                actionImage_x0040_LastModified="{Date}2023-10-22T08:24:06.844Z"
                ctaText_x0040_LastModified="{Date}2023-10-22T08:24:06.843Z"
                linkType_x0040_LastModified="{Date}2023-10-22T08:24:06.843Z"
                sameTabOrNewTab="_self"
                sameTabOrNewTab_x0040_LastModified="{Date}2023-10-22T08:24:06.843Z"
                subDescription_x0040_LastModified="{Date}2023-10-22T08:24:06.843Z"
                subHeading="تجديد الحساب"
                subHeading_x0040_LastModified="{Date}2023-10-22T08:24:19.054Z"
                subLink="/ar/smb/business-online-portal/document-renewal.html"
                subLink_x0040_LastModified="{Date}2023-10-22T08:24:19.055Z"/>
        </data>
        <indexedData jcr:primaryType="nt:unstructured">
            <master
                jcr:mixinTypes="[dam:IndexedFragmentData]"
                jcr:primaryType="nt:unstructured"
                jcr:uuid="75bda42b-18e4-461d-aa3c-450b86d96714"
                _x0040_string_x0040_model="/conf/daas/settings/dam/cfm/models/business-menu-generic-link"
                _x0040_stringArray_x0040_variations="[ar]"
                string_x0040_sameTabOrNewTab="_self"
                string_x0040_subHeading="Account Renewal"
                string_x0040_subLink="/en/smb/business-online-portal/document-renewal.html"/>
            <ar
                jcr:mixinTypes="[dam:IndexedFragmentData]"
                jcr:primaryType="nt:unstructured"
                jcr:uuid="97c907d8-4b92-4feb-892c-273aad832bd2"
                _x0040_string_x0040_model="/conf/daas/settings/dam/cfm/models/business-menu-generic-link"
                string_x0040_sameTabOrNewTab="_self"
                string_x0040_subHeading="تجديد الحساب"
                string_x0040_subLink="/ar/smb/business-online-portal/document-renewal.html"/>
        </indexedData>
        <metadata
            jcr:mixinTypes="[cq:Taggable]"
            jcr:primaryType="nt:unstructured">
            <dam:cfVariations jcr:primaryType="nt:unstructured">
                <ar
                    jcr:mixinTypes="[cq:Taggable]"
                    jcr:primaryType="nt:unstructured"/>
            </dam:cfVariations>
        </metadata>
        <model jcr:primaryType="nt:unstructured">
            <variations jcr:primaryType="nt:unstructured">
                <ar
                    jcr:description="\0"
                    jcr:mixinTypes="[cq:Taggable]"
                    jcr:primaryType="nt:unstructured"
                    jcr:title="Ar"
                    name="ar">
                    <properties
                        jcr:primaryType="nt:unstructured"
                        synchronizeWithVersion="[subHeading:67913c57-fefb-4b07-bdf1-50afb851e7ec,subDescription:67913c57-fefb-4b07-bdf1-50afb851e7ec,linkType:67913c57-fefb-4b07-bdf1-50afb851e7ec,ctaText:67913c57-fefb-4b07-bdf1-50afb851e7ec,subLink:67913c57-fefb-4b07-bdf1-50afb851e7ec,sameTabOrNewTab:67913c57-fefb-4b07-bdf1-50afb851e7ec,actionImage:67913c57-fefb-4b07-bdf1-50afb851e7ec]"/>
                </ar>
            </variations>
        </model>
        <related jcr:primaryType="nt:unstructured"/>
    </jcr:content>
</jcr:root>
