<?xml version="1.0" encoding="UTF-8"?>
<jcr:root xmlns:jcr="http://www.jcp.org/jcr/1.0" xmlns:nt="http://www.jcp.org/jcr/nt/1.0" xmlns:granite="http://www.adobe.com/jcr/granite/1.0" xmlns:cq="http://www.day.com/jcr/cq/1.0" xmlns:sling="http://sling.apache.org/jcr/sling/1.0"
    cq:showOnCreate="{Boolean}false"
    jcr:primaryType="nt:unstructured"
    jcr:title="Navigation"
    sling:resourceType="granite/ui/components/coral/foundation/fixedcolumns">
    <items jcr:primaryType="nt:unstructured">
        <column
            jcr:primaryType="nt:unstructured"
            sling:resourceType="granite/ui/components/coral/foundation/container">
            <items jcr:primaryType="nt:unstructured">
                <hidetopnav
                    jcr:primaryType="nt:unstructured"
                    sling:resourceType="granite/ui/components/coral/foundation/form/checkbox"
                    fieldDescription="When checked, It will hide the top navigation on the Specific Page"
                    name="./hideTopNav"
                    text="Hide top navigation from the Page"
                    uncheckedValue="{Boolean}false"
                    value="{Boolean}true">
                    <granite:data
                        jcr:primaryType="nt:unstructured"
                        cq-msm-lockable="hideTopNav"/>
                </hidetopnav>
                <hidemegamenu
                    jcr:primaryType="nt:unstructured"
                    sling:resourceType="granite/ui/components/coral/foundation/form/checkbox"
                    fieldDescription="When checked, It will hide the Mega Menu from Header on the Specific Page"
                    name="./hideMegaMenu"
                    text="Hide only Mega Menu from Header Navigation "
                    uncheckedValue="{Boolean}false"
                    value="{Boolean}true">
                    <granite:data
                        jcr:primaryType="nt:unstructured"
                        cq-msm-lockable="hideMegaMenu"/>
                </hidemegamenu>
                <hidefooter
                    jcr:primaryType="nt:unstructured"
                    sling:resourceType="granite/ui/components/coral/foundation/form/checkbox"
                    fieldDescription="When checked, It will hide the footer on the Specific Page"
                    name="./hidefooter"
                    text="Hide footer from Page"
                    uncheckedValue="{Boolean}false"
                    value="{Boolean}true">
                    <granite:data
                        jcr:primaryType="nt:unstructured"
                        cq-msm-lockable="hidefooter"/>
                </hidefooter>
                <hidequicklinks
                    jcr:primaryType="nt:unstructured"
                    sling:resourceType="granite/ui/components/coral/foundation/form/checkbox"
                    fieldDescription="When checked, It will hide the footer quicklinks on the Specific Page"
                    name="./hideQuicklinks"
                    text="Hide footer quicklinks from Page"
                    uncheckedValue="{Boolean}false"
                    value="{Boolean}true">
                    <granite:data
                        jcr:primaryType="nt:unstructured"
                        cq-msm-lockable="hideQuicklinks"/>
                </hidequicklinks>
                <showGoogleMap
                    jcr:primaryType="nt:unstructured"
                    sling:resourceType="granite/ui/components/coral/foundation/form/checkbox"
                    fieldDescription="When checked, It will render Google Map scripts in the Head"
                    name="./showGoogleMap"
                    text="Enable Google Map Scripts in Head"
                    value="{Boolean}true">
                    <granite:data
                        jcr:primaryType="nt:unstructured"
                        cq-msm-lockable="showGoogleMap"/>
                </showGoogleMap>
                <hidechildrensitemap
                    jcr:primaryType="nt:unstructured"
                    sling:resourceType="granite/ui/components/coral/foundation/form/checkbox"
                    fieldDescription="When checked, Child pages are not show in the sitemap"
                    name="./hideChildrenInSitemap"
                    text="Hide Children from Sitemap"
                    uncheckedValue="{Boolean}false"
                    value="{Boolean}true"/>
            </items>
        </column>
    </items>
</jcr:root>
