<?xml version="1.0" encoding="UTF-8"?>
<jcr:root xmlns:jcr="http://www.jcp.org/jcr/1.0" xmlns:dam="http://www.day.com/dam/1.0" xmlns:nt="http://www.jcp.org/jcr/nt/1.0" xmlns:mix="http://www.jcp.org/jcr/mix/1.0" xmlns:cq="http://www.day.com/jcr/cq/1.0"
    jcr:isCheckedOut="{Boolean}true"
    jcr:mixinTypes="[cq:contentFragment,mix:referenceable,mix:versionable]"
    jcr:primaryType="dam:Asset"
    jcr:uuid="8908e4bf-b590-429d-9d87-4f20a76293c7">
    <jcr:content
        cq:isDelivered="{Boolean}false"
        cq:lastModified="{Date}2025-11-28T12:13:31.305Z"
        cq:lastModifiedBy="maripaul@eand.com"
        cq:lastReplicated="{Date}2025-12-12T11:08:37.533Z"
        cq:lastReplicated_publish="{Date}2025-12-12T11:08:37.533Z"
        cq:lastReplicatedBy="workflow-process-service"
        cq:lastReplicatedBy_publish="workflow-process-service"
        cq:lastReplicationAction="Activate"
        cq:lastReplicationAction_publish="Activate"
        cq:name="e&amp;-life"
        cq:parentPath="/content/dam/daas/cfm/header/top-navigation/Eand-Topnav"
        jcr:lastModified="{Date}2023-10-21T12:55:43.179Z"
        jcr:lastModifiedBy="azaraheem@etisalat.ae"
        jcr:mixinTypes="[cq:ReplicationStatus,cq:ReplicationStatus2]"
        jcr:primaryType="dam:AssetContent"
        jcr:title=" e&amp; life"
        contentFragment="{Boolean}true"
        lastFragmentSave="{Date}2023-10-21T12:55:43.179Z">
        <data
            cq:model="/conf/daas/settings/dam/cfm/models/business-menu-generic-link"
            jcr:primaryType="nt:unstructured"
            _strucVersion="{Long}1">
            <master
                jcr:mixinTypes="[cq:Taggable,dam:cfVariationNode]"
                jcr:primaryType="nt:unstructured"
                actionImage_x0040_LastModified="{Date}2023-10-21T12:54:55.412Z"
                ctaText_x0040_LastModified="{Date}2023-10-21T12:54:55.412Z"
                linkType="[absolute]"
                linkType_x0040_LastModified="{Date}2023-10-21T12:55:19.196Z"
                sameTabOrNewTab="_self"
                sameTabOrNewTab_x0040_LastModified="{Date}2023-10-21T12:55:19.197Z"
                subDescription_x0040_LastModified="{Date}2023-10-21T12:54:55.412Z"
                subHeading=" e&amp; life"
                subHeading_x0040_LastModified="{Date}2023-10-21T12:55:19.196Z"
                subLink="https:#"
                subLink_x0040_LastModified="{Date}2023-10-21T12:55:19.197Z"/>
            <ar
                jcr:mixinTypes="[cq:Taggable,dam:cfVariationNode]"
                jcr:primaryType="nt:unstructured"
                _x0040_variationCreationDate="{Date}2023-10-21T12:55:24.369Z"
                actionImage_x0040_LastModified="{Date}2023-10-21T12:55:24.372Z"
                ctaText_x0040_LastModified="{Date}2023-10-21T12:55:24.371Z"
                linkType="[absolute]"
                linkType_x0040_LastModified="{Date}2023-10-21T12:55:24.371Z"
                sameTabOrNewTab="_self"
                sameTabOrNewTab_x0040_LastModified="{Date}2023-10-21T12:55:24.372Z"
                subDescription_x0040_LastModified="{Date}2023-10-21T12:55:24.370Z"
                subHeading="&amp;e الحياة"
                subHeading_x0040_LastModified="{Date}2023-10-21T12:55:42.957Z"
                subLink="https:#"
                subLink_x0040_LastModified="{Date}2023-10-21T12:55:42.958Z"/>
        </data>
        <indexedData jcr:primaryType="nt:unstructured">
            <master
                jcr:mixinTypes="[dam:IndexedFragmentData]"
                jcr:primaryType="nt:unstructured"
                jcr:uuid="8e0787b4-75de-4586-af64-e2f398377b44"
                _x0040_string_x0040_model="/conf/daas/settings/dam/cfm/models/business-menu-generic-link"
                _x0040_stringArray_x0040_variations="[ar]"
                string_x0040_sameTabOrNewTab="_self"
                string_x0040_subHeading=" e&amp; life"
                string_x0040_subLink="https:#"
                stringArray_x0040_linkType="[absolute]"/>
            <ar
                jcr:mixinTypes="[dam:IndexedFragmentData]"
                jcr:primaryType="nt:unstructured"
                jcr:uuid="98cffacb-a8d3-4eeb-b317-cf6a15b5c893"
                _x0040_string_x0040_model="/conf/daas/settings/dam/cfm/models/business-menu-generic-link"
                string_x0040_sameTabOrNewTab="_self"
                string_x0040_subHeading="&amp;e الحياة"
                string_x0040_subLink="https:#"
                stringArray_x0040_linkType="[absolute]"/>
        </indexedData>
        <metadata
            jcr:mixinTypes="[cq:Taggable]"
            jcr:primaryType="nt:unstructured"/>
        <model jcr:primaryType="nt:unstructured">
            <variations jcr:primaryType="nt:unstructured">
                <ar
                    jcr:description="\0"
                    jcr:mixinTypes="[cq:Taggable]"
                    jcr:primaryType="nt:unstructured"
                    jcr:title="Ar"
                    name="ar">
                    <properties
                        jcr:primaryType="nt:unstructured"
                        synchronizeWithVersion="[subHeading:6f548e8a-c870-4f44-9d70-6ef8fa33c2af,subDescription:6f548e8a-c870-4f44-9d70-6ef8fa33c2af,linkType:6f548e8a-c870-4f44-9d70-6ef8fa33c2af,ctaText:6f548e8a-c870-4f44-9d70-6ef8fa33c2af,subLink:6f548e8a-c870-4f44-9d70-6ef8fa33c2af,sameTabOrNewTab:6f548e8a-c870-4f44-9d70-6ef8fa33c2af,actionImage:6f548e8a-c870-4f44-9d70-6ef8fa33c2af]"/>
                </ar>
            </variations>
        </model>
        <related jcr:primaryType="nt:unstructured"/>
    </jcr:content>
</jcr:root>
