<?xml version="1.0" encoding="UTF-8"?>
<jcr:root xmlns:jcr="http://www.jcp.org/jcr/1.0" xmlns:dam="http://www.day.com/dam/1.0" xmlns:nt="http://www.jcp.org/jcr/nt/1.0" xmlns:mix="http://www.jcp.org/jcr/mix/1.0" xmlns:cq="http://www.day.com/jcr/cq/1.0"
    jcr:isCheckedOut="{Boolean}true"
    jcr:mixinTypes="[cq:contentFragment,mix:referenceable,mix:versionable]"
    jcr:primaryType="dam:Asset"
    jcr:uuid="43081738-9102-4752-a69f-608845b32a63">
    <jcr:content
        cq:isDelivered="{Boolean}false"
        cq:lastModified="{Date}2025-11-28T15:19:27.293+05:30"
        cq:lastModifiedBy="admin"
        cq:lastReplicated="{Date}2025-12-12T11:09:27.092Z"
        cq:lastReplicated_publish="{Date}2025-12-12T11:09:27.092Z"
        cq:lastReplicatedBy="workflow-process-service"
        cq:lastReplicatedBy_publish="workflow-process-service"
        cq:lastReplicationAction="Activate"
        cq:lastReplicationAction_publish="Activate"
        cq:name="payment-accepted"
        cq:parentPath="/content/dam/daas/cfm/footer"
        jcr:lastModified="{Date}2023-10-22T11:14:15.431Z"
        jcr:lastModifiedBy="azaraheem@etisalat.ae"
        jcr:mixinTypes="[cq:ReplicationStatus,cq:ReplicationStatus2]"
        jcr:primaryType="dam:AssetContent"
        jcr:title="Payment Accepted"
        contentFragment="{Boolean}true"
        lastFragmentSave="{Date}2023-10-22T11:14:15.431Z">
        <data
            cq:model="/conf/daas/settings/dam/cfm/models/business-footer-maintitle-section"
            jcr:primaryType="nt:unstructured"
            _strucVersion="{Long}1">
            <master
                jcr:mixinTypes="[cq:Taggable,dam:cfVariationNode]"
                jcr:primaryType="nt:unstructured"
                mainTitle="Payment Accepted"
                mainTitle_x0040_LastModified="{Date}2023-10-22T11:13:45.214Z"
                subsection="[/content/dam/daas/cfm/footer-quicklinks/patners/payment-1,/content/dam/daas/cfm/footer-quicklinks/patners/payment-2,/content/dam/daas/cfm/footer-quicklinks/patners/payment-3,/content/dam/daas/cfm/footer-quicklinks/patners/payment-4]"
                subsection_x0040_LastModified="{Date}2023-10-22T11:13:45.215Z">
                <card
                    jcr:primaryType="nt:unstructured"
                    assets="[]"
                    texts="[Payment Accepted]"/>
            </master>
            <ar
                jcr:mixinTypes="[cq:Taggable,dam:cfVariationNode]"
                jcr:primaryType="nt:unstructured"
                _x0040_variationCreationDate="{Date}2023-10-22T11:13:57.796Z"
                mainTitle="طرق الدفع المقبولة"
                mainTitle_x0040_LastModified="{Date}2023-10-22T11:14:15.215Z"
                subsection="[/content/dam/daas/cfm/footer-quicklinks/patners/payment-1,/content/dam/daas/cfm/footer-quicklinks/patners/payment-2,/content/dam/daas/cfm/footer-quicklinks/patners/payment-3,/content/dam/daas/cfm/footer-quicklinks/patners/payment-4]"
                subsection_x0040_LastModified="{Date}2023-10-22T11:13:57.797Z"/>
        </data>
        <indexedData jcr:primaryType="nt:unstructured">
            <master
                jcr:mixinTypes="[dam:IndexedFragmentData]"
                jcr:primaryType="nt:unstructured"
                jcr:uuid="6892e3aa-7bfa-49c5-bcea-d14e5f6d3976"
                _x0040_string_x0040_model="/conf/daas/settings/dam/cfm/models/business-footer-maintitle-section"
                _x0040_stringArray_x0040_variations="[ar]"
                string_x0040_mainTitle="Payment Accepted"/>
            <ar
                jcr:mixinTypes="[dam:IndexedFragmentData]"
                jcr:primaryType="nt:unstructured"
                jcr:uuid="89f6dfc6-eaa3-4d33-8686-c720f778b0b3"
                _x0040_string_x0040_model="/conf/daas/settings/dam/cfm/models/business-footer-maintitle-section"
                string_x0040_mainTitle="طرق الدفع المقبولة"/>
        </indexedData>
        <metadata
            jcr:mixinTypes="[cq:Taggable]"
            jcr:primaryType="nt:unstructured"/>
        <model jcr:primaryType="nt:unstructured">
            <variations jcr:primaryType="nt:unstructured">
                <ar
                    jcr:description="\0"
                    jcr:mixinTypes="[cq:Taggable]"
                    jcr:primaryType="nt:unstructured"
                    jcr:title="Ar"
                    name="ar">
                    <properties
                        jcr:primaryType="nt:unstructured"
                        synchronizeWithVersion="[mainTitle:1a1677c7-a960-4b5c-ae1f-2fb6064c6da8,subsection:1a1677c7-a960-4b5c-ae1f-2fb6064c6da8]"/>
                </ar>
            </variations>
        </model>
        <related jcr:primaryType="nt:unstructured"/>
    </jcr:content>
</jcr:root>
