<?xml version="1.0" encoding="UTF-8"?>
<jcr:root xmlns:jcr="http://www.jcp.org/jcr/1.0" xmlns:dam="http://www.day.com/dam/1.0" xmlns:nt="http://www.jcp.org/jcr/nt/1.0" xmlns:mix="http://www.jcp.org/jcr/mix/1.0" xmlns:cq="http://www.day.com/jcr/cq/1.0"
    jcr:isCheckedOut="{Boolean}true"
    jcr:mixinTypes="[cq:contentFragment,mix:referenceable,mix:versionable]"
    jcr:primaryType="dam:Asset"
    jcr:uuid="f7199f38-2d36-4108-aa82-5f22ecc7c17a">
    <jcr:content
        cq:isDelivered="{Boolean}false"
        cq:lastModified="{Date}2025-11-28T12:13:33.198Z"
        cq:lastModifiedBy="maripaul@eand.com"
        cq:lastReplicated="{Date}2025-12-12T11:08:37.533Z"
        cq:lastReplicated_publish="{Date}2025-12-12T11:08:37.533Z"
        cq:lastReplicatedBy="workflow-process-service"
        cq:lastReplicatedBy_publish="workflow-process-service"
        cq:lastReplicationAction="Activate"
        cq:lastReplicationAction_publish="Activate"
        cq:name="product-sub-sec-2"
        cq:parentPath="/content/dam/daas/cfm/header/top-navigation"
        jcr:lastModified="{Date}2025-03-11T09:42:25.611Z"
        jcr:lastModifiedBy="suvenkatachalam@eand.com"
        jcr:mixinTypes="[cq:ReplicationStatus,cq:ReplicationStatus2]"
        jcr:primaryType="dam:AssetContent"
        jcr:title="Product Sub Sec 2"
        contentFragment="{Boolean}true"
        lastFragmentSave="{Date}2025-03-11T09:42:25.611Z">
        <data
            cq:model="/conf/daas/settings/dam/cfm/models/business-mega-menu-sub-section"
            jcr:primaryType="nt:unstructured"
            _strucVersion="{Long}1">
            <master
                jcr:mixinTypes="[cq:Taggable,dam:cfVariationNode]"
                jcr:primaryType="nt:unstructured"
                menuHeading="Fixed Services"
                menuHeading_x0040_LastModified="{Date}2023-10-21T17:30:59.588Z"
                menuSubSection="[/content/dam/daas/cfm/header/mega-menu/fixed-services/landline,/content/dam/daas/cfm/header/mega-menu/fixed-services/internet,/content/dam/daas/cfm/header/mega-menu/fixed-services/wi-fi-as-a-service,/content/dam/daas/cfm/header/mega-menu/fixed-services/business-tv,/content/dam/daas/cfm/header/mega-menu/fixed-services/toll-free]"
                menuSubSection_x0040_LastModified="{Date}2025-03-11T09:31:09.359Z"
                menuSubSection_x0040_LastModifiedBy="suvenkatachalam@eand.com"/>
            <ar
                jcr:mixinTypes="[cq:Taggable,dam:cfVariationNode]"
                jcr:primaryType="nt:unstructured"
                _x0040_variationCreationDate="{Date}2023-10-21T17:31:12.663Z"
                menuHeading="خدمات الخطوط الثابتة"
                menuHeading_x0040_LastModified="{Date}2023-10-21T17:31:19.290Z"
                menuSubSection="[/content/dam/daas/cfm/header/mega-menu/fixed-services/landline,/content/dam/daas/cfm/header/mega-menu/fixed-services/internet,/content/dam/daas/cfm/header/mega-menu/fixed-services/wi-fi-as-a-service,/content/dam/daas/cfm/header/mega-menu/fixed-services/business-tv,/content/dam/daas/cfm/header/mega-menu/fixed-services/toll-free]"
                menuSubSection_x0040_LastModified="{Date}2025-03-11T09:31:48.546Z"
                menuSubSection_x0040_LastModifiedBy="suvenkatachalam@eand.com"/>
        </data>
        <indexedData jcr:primaryType="nt:unstructured">
            <master
                jcr:mixinTypes="[dam:IndexedFragmentData]"
                jcr:primaryType="nt:unstructured"
                jcr:uuid="f4c0e26e-2832-4925-8f3d-3f2b812cb237"
                _x0040_string_x0040_model="/conf/daas/settings/dam/cfm/models/business-mega-menu-sub-section"
                _x0040_stringArray_x0040_variations="[ar]"
                string_x0040_menuHeading="Fixed Services"/>
            <ar
                jcr:mixinTypes="[dam:IndexedFragmentData]"
                jcr:primaryType="nt:unstructured"
                jcr:uuid="857919b4-dde8-49b1-9e63-b641224083fc"
                _x0040_string_x0040_model="/conf/daas/settings/dam/cfm/models/business-mega-menu-sub-section"
                string_x0040_menuHeading="خدمات الخطوط الثابتة"/>
        </indexedData>
        <metadata
            jcr:mixinTypes="[cq:Taggable]"
            jcr:primaryType="nt:unstructured">
            <dam:cfVariations jcr:primaryType="nt:unstructured">
                <ar
                    jcr:mixinTypes="[cq:Taggable]"
                    jcr:primaryType="nt:unstructured"/>
            </dam:cfVariations>
        </metadata>
        <model jcr:primaryType="nt:unstructured">
            <variations jcr:primaryType="nt:unstructured">
                <ar
                    jcr:description="\0"
                    jcr:mixinTypes="[cq:Taggable]"
                    jcr:primaryType="nt:unstructured"
                    jcr:title="Ar"
                    name="ar">
                    <properties
                        jcr:primaryType="nt:unstructured"
                        synchronizeWithVersion="[menuHeading:190d44c1-17b5-4b0a-97b6-d82f5932114e,menuSubSection:190d44c1-17b5-4b0a-97b6-d82f5932114e]"/>
                </ar>
            </variations>
        </model>
        <related jcr:primaryType="nt:unstructured"/>
    </jcr:content>
</jcr:root>
