<?xml version="1.0" encoding="UTF-8"?>
<jcr:root xmlns:jcr="http://www.jcp.org/jcr/1.0" xmlns:nt="http://www.jcp.org/jcr/nt/1.0" xmlns:sling="http://sling.apache.org/jcr/sling/1.0"
    jcr:primaryType="sling:OrderedFolder">
    <jcr:content
        jcr:primaryType="nt:unstructured"
        jcr:title="Footer"
        sourcing="false">
        <folderThumbnail/>
    </jcr:content>
    <support/>
    <strategic-projects/>
    <smb-footer/>
    <small-_x0026_-medium-business/>
    <resources/>
    <quick-access/>
    <payment-accepted/>
    <footer-logo/>
    <footer-bottom/>
    <follow-us/>
    <e_x0026_/>
    <download-etisalat-business-app/>
    <images/>
</jcr:root>
