<?xml version="1.0" encoding="UTF-8"?>
<jcr:root xmlns:jcr="http://www.jcp.org/jcr/1.0" xmlns:dam="http://www.day.com/dam/1.0" xmlns:nt="http://www.jcp.org/jcr/nt/1.0" xmlns:mix="http://www.jcp.org/jcr/mix/1.0" xmlns:cq="http://www.day.com/jcr/cq/1.0"
    jcr:isCheckedOut="{Boolean}true"
    jcr:mixinTypes="[mix:referenceable,mix:versionable]"
    jcr:primaryType="dam:Asset"
    jcr:uuid="4ab44cf7-dc4f-4f40-8863-240820ab1e27">
    <jcr:content
        cq:isDelivered="{Boolean}false"
        cq:lastModified="{Date}2025-11-28T15:19:27.230+05:30"
        cq:lastModifiedBy="admin"
        cq:lastReplicationAction_publish="Activate"
        cq:name="resources"
        cq:parentPath="/content/dam/daas/cfm/footer"
        jcr:lastModified="{Date}2023-10-22T10:59:02.869Z"
        jcr:lastModifiedBy="azaraheem@etisalat.ae"
        jcr:mixinTypes="[cq:ReplicationStatus,cq:ReplicationStatus2]"
        jcr:primaryType="dam:AssetContent"
        jcr:title="RESOURCES"
        contentFragment="{Boolean}true"
        lastFragmentSave="{Date}2023-10-22T10:59:02.869Z">
        <data
            cq:model="/conf/daas/settings/dam/cfm/models/business-footer-maintitle-section"
            jcr:primaryType="nt:unstructured"
            _strucVersion="{Long}1">
            <master
                jcr:mixinTypes="[cq:Taggable,dam:cfVariationNode]"
                jcr:primaryType="nt:unstructured"
                mainTitle="Resources"
                mainTitle_x0040_LastModified="{Date}2023-10-22T10:57:22.725Z"
                subsection="[/content/dam/daas/cfm/footer-quicklinks/quick-links/locate-business-center,/content/dam/daas/cfm/footer-quicklinks/quick-links/customer-success-stories,/content/dam/daas/cfm/footer-quicklinks/quick-links/business-blog,/content/dam/daas/cfm/footer-quicklinks/quick-links/events]"
                subsection_x0040_LastModified="{Date}2023-10-22T10:58:38.811Z">
                <card
                    jcr:primaryType="nt:unstructured"
                    assets="[]"
                    texts="[Resources]"/>
            </master>
            <ar
                jcr:mixinTypes="[cq:Taggable,dam:cfVariationNode]"
                jcr:primaryType="nt:unstructured"
                _x0040_variationCreationDate="{Date}2023-10-22T10:58:44.503Z"
                mainTitle="موارد"
                mainTitle_x0040_LastModified="{Date}2023-10-22T10:59:02.614Z"
                subsection="[/content/dam/daas/cfm/footer-quicklinks/quick-links/locate-business-center,/content/dam/daas/cfm/footer-quicklinks/quick-links/customer-success-stories,/content/dam/daas/cfm/footer-quicklinks/quick-links/business-blog,/content/dam/daas/cfm/footer-quicklinks/quick-links/events]"
                subsection_x0040_LastModified="{Date}2023-10-22T10:58:44.504Z"/>
        </data>
        <indexedData jcr:primaryType="nt:unstructured">
            <master
                jcr:mixinTypes="[dam:IndexedFragmentData]"
                jcr:primaryType="nt:unstructured"
                jcr:uuid="f9d80554-0d5f-4fdf-8fd2-fde13b9a4a52"
                _x0040_string_x0040_model="/conf/daas/settings/dam/cfm/models/business-footer-maintitle-section"
                _x0040_stringArray_x0040_variations="[ar]"
                string_x0040_mainTitle="Resources"/>
            <ar
                jcr:mixinTypes="[dam:IndexedFragmentData]"
                jcr:primaryType="nt:unstructured"
                jcr:uuid="ba9db695-3388-4a44-b21f-a8b3c71c46c2"
                _x0040_string_x0040_model="/conf/daas/settings/dam/cfm/models/business-footer-maintitle-section"
                string_x0040_mainTitle="موارد"/>
        </indexedData>
        <metadata
            jcr:mixinTypes="[cq:Taggable]"
            jcr:primaryType="nt:unstructured"/>
        <model jcr:primaryType="nt:unstructured">
            <variations jcr:primaryType="nt:unstructured">
                <ar
                    jcr:description="\0"
                    jcr:mixinTypes="[cq:Taggable]"
                    jcr:primaryType="nt:unstructured"
                    jcr:title="Ar"
                    name="ar">
                    <properties
                        jcr:primaryType="nt:unstructured"
                        synchronizeWithVersion="[mainTitle:652d2568-d2f4-42a7-aa3d-a56b5de52a1f,subsection:652d2568-d2f4-42a7-aa3d-a56b5de52a1f]"/>
                </ar>
            </variations>
        </model>
        <related jcr:primaryType="nt:unstructured"/>
    </jcr:content>
</jcr:root>
