<?xml version="1.0" encoding="UTF-8"?>
<jcr:root xmlns:jcr="http://www.jcp.org/jcr/1.0" xmlns:dam="http://www.day.com/dam/1.0" xmlns:nt="http://www.jcp.org/jcr/nt/1.0" xmlns:mix="http://www.jcp.org/jcr/mix/1.0" xmlns:cq="http://www.day.com/jcr/cq/1.0"
    jcr:isCheckedOut="{Boolean}true"
    jcr:mixinTypes="[cq:contentFragment,mix:referenceable,mix:versionable]"
    jcr:primaryType="dam:Asset"
    jcr:uuid="98e568db-618c-4db7-97be-5ffe22c509c4">
    <jcr:content
        cq:isDelivered="{Boolean}false"
        cq:lastModified="{Date}2025-11-28T15:48:24.145+05:30"
        cq:lastModifiedBy="admin"
        cq:lastReplicated="{Date}2025-12-12T11:20:29.224Z"
        cq:lastReplicated_publish="{Date}2025-12-12T11:20:29.224Z"
        cq:lastReplicatedBy="amaidheen@eand.com"
        cq:lastReplicatedBy_publish="amaidheen@eand.com"
        cq:lastReplicationAction="Activate"
        cq:lastReplicationAction_publish="Activate"
        cq:name="careers"
        cq:parentPath="/content/dam/daas/cfm/footer-quicklinks/bottom"
        jcr:lastModified="{Date}2025-12-12T11:20:12.120Z"
        jcr:lastModifiedBy="amaidheen@eand.com"
        jcr:mixinTypes="[cq:ReplicationStatus,cq:ReplicationStatus2]"
        jcr:primaryType="dam:AssetContent"
        jcr:title="Careers"
        contentFragment="{Boolean}true"
        lastFragmentSave="{Date}2023-10-22T10:41:37.336Z">
        <data
            cq:model="/conf/daas/settings/dam/cfm/models/business-menu-generic-link"
            jcr:primaryType="nt:unstructured"
            _strucVersion="{Long}1">
            <master
                jcr:mixinTypes="[cq:Taggable,dam:cfVariationNode]"
                jcr:primaryType="nt:unstructured"
                actionImage_x0040_LastModified="{Date}2023-10-22T10:39:19.609Z"
                ctaText_x0040_LastModified="{Date}2023-10-22T10:39:19.609Z"
                linkType_x0040_LastModified="{Date}2025-12-12T11:20:12.120Z"
                linkType_x0040_LastModifiedBy="amaidheen@eand.com"
                sameTabOrNewTab="_blank"
                sameTabOrNewTab_x0040_LastModified="{Date}2023-10-22T10:41:37.123Z"
                subDescription_x0040_LastModified="{Date}2023-10-22T10:39:19.609Z"
                subHeading="Careers"
                subHeading_x0040_LastModified="{Date}2023-10-22T10:41:37.122Z"
                subLink="https://careers.etisalat.ae/en/index.html"
                subLink_x0040_LastModified="{Date}2025-12-12T11:19:50.995Z"
                subLink_x0040_LastModifiedBy="amaidheen@eand.com">
                <card
                    jcr:primaryType="nt:unstructured"
                    assets="[]"
                    texts="[Careers,https://careers.etisalat.ae/en/index.html]"/>
            </master>
            <ar
                jcr:mixinTypes="[cq:Taggable,dam:cfVariationNode]"
                jcr:primaryType="nt:unstructured"
                _x0040_variationCreationDate="{Date}2025-12-12T11:19:55.014Z"
                actionImage_x0040_LastModified="{Date}2025-12-12T11:19:55.023Z"
                actionImage_x0040_LastModifiedBy="amaidheen@eand.com"
                ctaText_x0040_LastModified="{Date}2025-12-12T11:19:55.021Z"
                ctaText_x0040_LastModifiedBy="amaidheen@eand.com"
                linkType_x0040_LastModified="{Date}2025-12-12T11:20:05.532Z"
                linkType_x0040_LastModifiedBy="amaidheen@eand.com"
                sameTabOrNewTab="_blank"
                sameTabOrNewTab_x0040_LastModified="{Date}2025-12-12T11:19:55.023Z"
                sameTabOrNewTab_x0040_LastModifiedBy="amaidheen@eand.com"
                subDescription_x0040_LastModified="{Date}2025-12-12T11:19:55.020Z"
                subDescription_x0040_LastModifiedBy="amaidheen@eand.com"
                subHeading="Careers"
                subHeading_x0040_LastModified="{Date}2025-12-12T11:19:55.019Z"
                subHeading_x0040_LastModifiedBy="amaidheen@eand.com"
                subLink="https://careers.etisalat.ae/ar/index.html"
                subLink_x0040_LastModified="{Date}2025-12-12T11:20:01.351Z"
                subLink_x0040_LastModifiedBy="amaidheen@eand.com"/>
        </data>
        <indexedData jcr:primaryType="nt:unstructured">
            <master
                jcr:mixinTypes="[dam:IndexedFragmentData]"
                jcr:primaryType="nt:unstructured"
                jcr:uuid="addb0c89-caaa-47a3-9eb9-3e37115c3567"
                _x0040_string_x0040_model="/conf/daas/settings/dam/cfm/models/business-menu-generic-link"
                _x0040_stringArray_x0040_variations="[ar]"
                string_x0040_sameTabOrNewTab="_blank"
                string_x0040_subHeading="Careers"
                string_x0040_subLink="https://careers.etisalat.ae/en/index.html"/>
            <ar
                jcr:mixinTypes="[dam:IndexedFragmentData]"
                jcr:primaryType="nt:unstructured"
                jcr:uuid="7c3f9238-6604-4b04-9d06-25021fe3b663"
                _x0040_string_x0040_model="/conf/daas/settings/dam/cfm/models/business-menu-generic-link"
                string_x0040_sameTabOrNewTab="_blank"
                string_x0040_subHeading="Careers"
                string_x0040_subLink="https://careers.etisalat.ae/ar/index.html"/>
        </indexedData>
        <metadata
            jcr:mixinTypes="[cq:Taggable]"
            jcr:primaryType="nt:unstructured"/>
        <model jcr:primaryType="nt:unstructured">
            <variations jcr:primaryType="nt:unstructured">
                <ar
                    jcr:description="\0"
                    jcr:mixinTypes="[cq:Taggable]"
                    jcr:primaryType="nt:unstructured"
                    jcr:title="ar"
                    name="ar"/>
            </variations>
        </model>
        <related jcr:primaryType="nt:unstructured"/>
    </jcr:content>
</jcr:root>
