<?xml version="1.0" encoding="UTF-8"?>
<jcr:root xmlns:jcr="http://www.jcp.org/jcr/1.0" xmlns:dam="http://www.day.com/dam/1.0" xmlns:nt="http://www.jcp.org/jcr/nt/1.0" xmlns:mix="http://www.jcp.org/jcr/mix/1.0" xmlns:cq="http://www.day.com/jcr/cq/1.0"
    jcr:isCheckedOut="{Boolean}true"
    jcr:mixinTypes="[cq:contentFragment,mix:referenceable,mix:versionable]"
    jcr:primaryType="dam:Asset"
    jcr:uuid="e964608b-a265-47e8-8385-b8feb03af54a">
    <jcr:content
        cq:isDelivered="{Boolean}false"
        cq:lastModified="{Date}2025-11-28T12:13:40.265Z"
        cq:lastModifiedBy="maripaul@eand.com"
        cq:lastReplicated="{Date}2025-12-12T11:08:27.477Z"
        cq:lastReplicated_publish="{Date}2025-12-12T11:08:27.477Z"
        cq:lastReplicatedBy="workflow-process-service"
        cq:lastReplicatedBy_publish="workflow-process-service"
        cq:lastReplicationAction="Activate"
        cq:lastReplicationAction_publish="Activate"
        cq:name="logistics"
        cq:parentPath="/content/dam/daas/cfm/header/mega-menu"
        jcr:lastModified="{Date}2025-03-11T21:58:57.264Z"
        jcr:lastModifiedBy="suvenkatachalam@eand.com"
        jcr:mixinTypes="[cq:ReplicationStatus,cq:ReplicationStatus2]"
        jcr:primaryType="dam:AssetContent"
        jcr:title="Logistics"
        contentFragment="{Boolean}true"
        lastFragmentSave="{Date}2025-03-11T21:58:57.264Z">
        <data
            cq:model="/conf/daas/settings/dam/cfm/models/business-menu-generic-link"
            jcr:primaryType="nt:unstructured"
            _strucVersion="{Long}1">
            <master
                jcr:mixinTypes="[cq:Taggable,dam:cfVariationNode]"
                jcr:primaryType="nt:unstructured"
                actionImage_x0040_LastModified="{Date}2023-10-21T18:56:09.658Z"
                ctaText_x0040_LastModified="{Date}2023-10-21T18:56:09.658Z"
                linkType_x0040_LastModified="{Date}2023-10-21T18:56:09.658Z"
                sameTabOrNewTab="_self"
                sameTabOrNewTab_x0040_LastModified="{Date}2023-10-21T18:56:28.097Z"
                subDescription_x0040_LastModified="{Date}2023-10-21T18:56:09.658Z"
                subHeading="Logistics"
                subHeading_x0040_LastModified="{Date}2023-10-21T18:56:28.096Z"
                subLink="#"
                subLink_x0040_LastModified="{Date}2023-10-21T18:56:28.097Z"/>
            <ar
                jcr:mixinTypes="[cq:Taggable,dam:cfVariationNode]"
                jcr:primaryType="nt:unstructured"
                _x0040_variationCreationDate="{Date}2023-10-21T18:56:32.930Z"
                actionImage_x0040_LastModified="{Date}2023-10-21T18:56:32.933Z"
                ctaText_x0040_LastModified="{Date}2023-10-21T18:56:32.932Z"
                linkType_x0040_LastModified="{Date}2023-10-21T18:56:32.932Z"
                sameTabOrNewTab="_self"
                sameTabOrNewTab_x0040_LastModified="{Date}2023-10-21T18:56:32.933Z"
                subDescription_x0040_LastModified="{Date}2023-10-21T18:56:32.931Z"
                subHeading="الخدمات اللوجستية"
                subHeading_x0040_LastModified="{Date}2023-10-21T18:56:47.760Z"
                subLink="#"
                subLink_x0040_LastModified="{Date}2023-10-21T18:56:47.760Z"/>
        </data>
        <indexedData jcr:primaryType="nt:unstructured">
            <master
                jcr:mixinTypes="[dam:IndexedFragmentData]"
                jcr:primaryType="nt:unstructured"
                jcr:uuid="15cea385-03f1-4754-9258-68b3ff083e86"
                _x0040_string_x0040_model="/conf/daas/settings/dam/cfm/models/business-menu-generic-link"
                _x0040_stringArray_x0040_variations="[ar]"
                string_x0040_sameTabOrNewTab="_self"
                string_x0040_subHeading="Logistics"
                string_x0040_subLink="#"/>
            <ar
                jcr:mixinTypes="[dam:IndexedFragmentData]"
                jcr:primaryType="nt:unstructured"
                jcr:uuid="e58c8cb7-4dba-4df8-8e66-f104936efcaf"
                _x0040_string_x0040_model="/conf/daas/settings/dam/cfm/models/business-menu-generic-link"
                string_x0040_sameTabOrNewTab="_self"
                string_x0040_subHeading="الخدمات اللوجستية"
                string_x0040_subLink="#"/>
        </indexedData>
        <metadata
            jcr:mixinTypes="[cq:Taggable]"
            jcr:primaryType="nt:unstructured">
            <dam:cfVariations jcr:primaryType="nt:unstructured">
                <ar
                    jcr:mixinTypes="[cq:Taggable]"
                    jcr:primaryType="nt:unstructured"/>
            </dam:cfVariations>
        </metadata>
        <model jcr:primaryType="nt:unstructured">
            <variations jcr:primaryType="nt:unstructured">
                <ar
                    jcr:description="\0"
                    jcr:mixinTypes="[cq:Taggable]"
                    jcr:primaryType="nt:unstructured"
                    jcr:title="Ar"
                    name="ar">
                    <properties
                        jcr:primaryType="nt:unstructured"
                        synchronizeWithVersion="[subHeading:a584f4a0-335e-4527-bdb7-0d84ef8e4fed,subDescription:a584f4a0-335e-4527-bdb7-0d84ef8e4fed,linkType:a584f4a0-335e-4527-bdb7-0d84ef8e4fed,ctaText:a584f4a0-335e-4527-bdb7-0d84ef8e4fed,subLink:a584f4a0-335e-4527-bdb7-0d84ef8e4fed,sameTabOrNewTab:a584f4a0-335e-4527-bdb7-0d84ef8e4fed,actionImage:a584f4a0-335e-4527-bdb7-0d84ef8e4fed]"/>
                </ar>
            </variations>
        </model>
        <related jcr:primaryType="nt:unstructured"/>
    </jcr:content>
</jcr:root>
