<?xml version="1.0" encoding="UTF-8"?>
<jcr:root xmlns:jcr="http://www.jcp.org/jcr/1.0" xmlns:dam="http://www.day.com/dam/1.0" xmlns:nt="http://www.jcp.org/jcr/nt/1.0" xmlns:mix="http://www.jcp.org/jcr/mix/1.0" xmlns:cq="http://www.day.com/jcr/cq/1.0"
    jcr:isCheckedOut="{Boolean}true"
    jcr:mixinTypes="[cq:contentFragment,mix:referenceable,mix:versionable]"
    jcr:primaryType="dam:Asset"
    jcr:uuid="e988def4-1f7b-40bd-9309-de090f720aa5">
    <jcr:content
        cq:isDelivered="{Boolean}false"
        cq:lastReplicated="{Date}2025-12-12T11:08:37.533Z"
        cq:lastReplicated_publish="{Date}2025-12-12T11:08:37.533Z"
        cq:lastReplicatedBy="workflow-process-service"
        cq:lastReplicatedBy_publish="workflow-process-service"
        cq:lastReplicationAction="Activate"
        cq:lastReplicationAction_publish="Activate"
        cq:name="support"
        cq:parentPath="/content/dam/daas/cfm/header/top-navigation"
        jcr:lastModified="{Date}2025-11-28T13:06:20.334Z"
        jcr:lastModifiedBy="maripaul@eand.com"
        jcr:mixinTypes="[cq:ReplicationStatus,cq:ReplicationStatus2]"
        jcr:primaryType="dam:AssetContent"
        jcr:title="Support"
        contentFragment="{Boolean}true"
        lastFragmentSave="{Date}2025-11-28T13:06:20.334Z">
        <data
            cq:model="/conf/daas/settings/dam/cfm/models/business-mega-menu-main-section"
            jcr:primaryType="nt:unstructured"
            _strucVersion="{Long}1">
            <master
                jcr:mixinTypes="[cq:Taggable,dam:cfVariationNode]"
                jcr:primaryType="nt:unstructured"
                actionImage_x0040_LastModified="{Date}2025-11-28T13:04:42.709Z"
                mainSection_x0040_LastModified="{Date}2025-11-28T13:04:42.709Z"
                mainSectionLink="#"
                mainSectionLink_x0040_LastModified="{Date}2025-11-28T13:05:36.532Z"
                mainSectionLink_x0040_LastModifiedBy="maripaul@eand.com"
                mainSectionTitle="Support"
                mainSectionTitle_x0040_LastModified="{Date}2025-11-28T13:05:36.531Z"
                mainSectionTitle_x0040_LastModifiedBy="maripaul@eand.com"
                menuFooterSection_x0040_LastModified="{Date}2025-11-28T13:04:42.709Z"
                promoSection_x0040_LastModified="{Date}2025-11-28T13:04:42.709Z"
                sameTabOrNewTab="_self"
                sameTabOrNewTab_x0040_LastModified="{Date}2025-11-28T13:05:36.533Z"
                sameTabOrNewTab_x0040_LastModifiedBy="maripaul@eand.com">
                <card
                    jcr:primaryType="nt:unstructured"
                    assets="[]"
                    texts="[]"/>
            </master>
            <ar
                jcr:mixinTypes="[cq:Taggable,dam:cfVariationNode]"
                jcr:primaryType="nt:unstructured"
                _x0040_variationCreationDate="{Date}2025-11-28T13:05:42.339Z"
                actionImage_x0040_LastModified="{Date}2025-11-28T13:05:42.343Z"
                actionImage_x0040_LastModifiedBy="maripaul@eand.com"
                mainSection_x0040_LastModified="{Date}2025-11-28T13:05:42.343Z"
                mainSection_x0040_LastModifiedBy="maripaul@eand.com"
                mainSectionLink="#"
                mainSectionLink_x0040_LastModified="{Date}2025-11-28T13:05:42.342Z"
                mainSectionLink_x0040_LastModifiedBy="maripaul@eand.com"
                mainSectionTitle="يدعم"
                mainSectionTitle_x0040_LastModified="{Date}2025-11-28T13:06:14.567Z"
                mainSectionTitle_x0040_LastModifiedBy="maripaul@eand.com"
                menuFooterSection_x0040_LastModified="{Date}2025-11-28T13:05:42.344Z"
                menuFooterSection_x0040_LastModifiedBy="maripaul@eand.com"
                promoSection_x0040_LastModified="{Date}2025-11-28T13:05:42.344Z"
                promoSection_x0040_LastModifiedBy="maripaul@eand.com"
                sameTabOrNewTab="_self"
                sameTabOrNewTab_x0040_LastModified="{Date}2025-11-28T13:05:42.342Z"
                sameTabOrNewTab_x0040_LastModifiedBy="maripaul@eand.com"/>
        </data>
        <indexedData jcr:primaryType="nt:unstructured">
            <master
                jcr:mixinTypes="[dam:IndexedFragmentData]"
                jcr:primaryType="nt:unstructured"
                jcr:uuid="f603b817-25d0-4ff2-a407-4203878b34a1"
                _x0040_string_x0040_model="/conf/daas/settings/dam/cfm/models/business-mega-menu-main-section"
                _x0040_stringArray_x0040_variations="[ar]"
                string_x0040_mainSectionLink="#"
                string_x0040_mainSectionTitle="Support"
                string_x0040_sameTabOrNewTab="_self"/>
            <ar
                jcr:mixinTypes="[dam:IndexedFragmentData]"
                jcr:primaryType="nt:unstructured"
                jcr:uuid="92e94625-55fa-48d2-8fc5-d1960acc6117"
                _x0040_string_x0040_model="/conf/daas/settings/dam/cfm/models/business-mega-menu-main-section"
                string_x0040_mainSectionLink="#"
                string_x0040_mainSectionTitle="يدعم"
                string_x0040_sameTabOrNewTab="_self"/>
        </indexedData>
        <metadata
            jcr:mixinTypes="[cq:Taggable]"
            jcr:primaryType="nt:unstructured">
            <dam:cfVariations jcr:primaryType="nt:unstructured">
                <ar
                    jcr:mixinTypes="[cq:Taggable]"
                    jcr:primaryType="nt:unstructured"/>
            </dam:cfVariations>
        </metadata>
        <model jcr:primaryType="nt:unstructured">
            <variations jcr:primaryType="nt:unstructured">
                <ar
                    jcr:description="\0"
                    jcr:mixinTypes="[cq:Taggable]"
                    jcr:primaryType="nt:unstructured"
                    jcr:title="ar"
                    name="ar">
                    <properties
                        jcr:primaryType="nt:unstructured"
                        synchronizeWithVersion="[mainSectionTitle:69deada3-4ef5-4642-9f77-0348b0c98d99,mainSectionLink:69deada3-4ef5-4642-9f77-0348b0c98d99,sameTabOrNewTab:69deada3-4ef5-4642-9f77-0348b0c98d99,actionImage:69deada3-4ef5-4642-9f77-0348b0c98d99,mainSection:69deada3-4ef5-4642-9f77-0348b0c98d99,promoSection:69deada3-4ef5-4642-9f77-0348b0c98d99,menuFooterSection:69deada3-4ef5-4642-9f77-0348b0c98d99]"/>
                </ar>
            </variations>
        </model>
        <related jcr:primaryType="nt:unstructured"/>
    </jcr:content>
</jcr:root>
