<?xml version="1.0" encoding="UTF-8"?>
<jcr:root xmlns:jcr="http://www.jcp.org/jcr/1.0" xmlns:dam="http://www.day.com/dam/1.0" xmlns:nt="http://www.jcp.org/jcr/nt/1.0" xmlns:mix="http://www.jcp.org/jcr/mix/1.0" xmlns:cq="http://www.day.com/jcr/cq/1.0"
    jcr:isCheckedOut="{Boolean}true"
    jcr:mixinTypes="[cq:contentFragment,mix:referenceable,mix:versionable]"
    jcr:primaryType="dam:Asset"
    jcr:uuid="dda880f6-1c70-4081-ab6c-3076804491da">
    <jcr:content
        cq:isDelivered="{Boolean}false"
        cq:lastModified="{Date}2025-11-28T15:19:27.375+05:30"
        cq:lastModifiedBy="admin"
        cq:lastReplicationAction_publish="Activate"
        cq:name="follow-us"
        cq:parentPath="/content/dam/daas/cfm/footer"
        jcr:lastModified="{Date}2025-03-13T06:57:59.024Z"
        jcr:lastModifiedBy="suvenkatachalam@eand.com"
        jcr:mixinTypes="[cq:ReplicationStatus,cq:ReplicationStatus2]"
        jcr:primaryType="dam:AssetContent"
        jcr:title="Follow Us"
        contentFragment="{Boolean}true"
        lastFragmentSave="{Date}2025-03-13T06:57:59.024Z">
        <data
            cq:model="/conf/daas/settings/dam/cfm/models/business-footer-maintitle-section"
            jcr:primaryType="nt:unstructured"
            _strucVersion="{Long}1">
            <master
                jcr:mixinTypes="[cq:Taggable,dam:cfVariationNode]"
                jcr:primaryType="nt:unstructured"
                mainTitle="Follow Us"
                mainTitle_x0040_LastModified="{Date}2025-03-13T06:57:58.802Z"
                mainTitle_x0040_LastModifiedBy="suvenkatachalam@eand.com"
                subsection="[/content/dam/daas/cfm/footer-quicklinks/patners/facebook,/content/dam/daas/cfm/footer-quicklinks/patners/twitter,/content/dam/daas/cfm/footer-quicklinks/patners/linkedin,/content/dam/daas/cfm/footer-quicklinks/patners/youtube,/content/dam/daas/cfm/footer-quicklinks/patners/instagram]"
                subsection_x0040_LastModified="{Date}2023-10-22T11:11:14.040Z">
                <card
                    jcr:primaryType="nt:unstructured"
                    assets="[]"
                    texts="[Follow Us]"/>
            </master>
            <ar
                jcr:mixinTypes="[cq:Taggable,dam:cfVariationNode]"
                jcr:primaryType="nt:unstructured"
                _x0040_variationCreationDate="{Date}2023-10-22T11:11:22.729Z"
                mainTitle="تابعنا"
                mainTitle_x0040_LastModified="{Date}2023-10-22T11:14:50.707Z"
                subsection="[/content/dam/daas/cfm/footer-quicklinks/patners/facebook,/content/dam/daas/cfm/footer-quicklinks/patners/twitter,/content/dam/daas/cfm/footer-quicklinks/patners/linkedin,/content/dam/daas/cfm/footer-quicklinks/patners/youtube,/content/dam/daas/cfm/footer-quicklinks/patners/instagram]"
                subsection_x0040_LastModified="{Date}2023-10-22T11:11:22.731Z"/>
        </data>
        <indexedData jcr:primaryType="nt:unstructured">
            <master
                jcr:mixinTypes="[dam:IndexedFragmentData]"
                jcr:primaryType="nt:unstructured"
                jcr:uuid="6ad62373-e449-42d2-843e-c2c8d0461d82"
                _x0040_string_x0040_model="/conf/daas/settings/dam/cfm/models/business-footer-maintitle-section"
                _x0040_stringArray_x0040_variations="[ar]"
                string_x0040_mainTitle="Follow Us"/>
            <ar
                jcr:mixinTypes="[dam:IndexedFragmentData]"
                jcr:primaryType="nt:unstructured"
                jcr:uuid="e8d91759-7641-48c1-a910-8ac9a6897ac6"
                _x0040_string_x0040_model="/conf/daas/settings/dam/cfm/models/business-footer-maintitle-section"
                string_x0040_mainTitle="تابعنا"/>
        </indexedData>
        <metadata
            jcr:mixinTypes="[cq:Taggable]"
            jcr:primaryType="nt:unstructured">
            <dam:cfVariations jcr:primaryType="nt:unstructured">
                <ar
                    jcr:mixinTypes="[cq:Taggable]"
                    jcr:primaryType="nt:unstructured"/>
            </dam:cfVariations>
        </metadata>
        <model jcr:primaryType="nt:unstructured">
            <variations jcr:primaryType="nt:unstructured">
                <ar
                    jcr:description="\0"
                    jcr:mixinTypes="[cq:Taggable]"
                    jcr:primaryType="nt:unstructured"
                    jcr:title="Ar"
                    name="ar">
                    <properties
                        jcr:primaryType="nt:unstructured"
                        synchronizeWithVersion="[mainTitle:80015aa1-5f34-41a5-b780-7c6073bf8aeb,subsection:80015aa1-5f34-41a5-b780-7c6073bf8aeb]"/>
                </ar>
            </variations>
        </model>
        <related jcr:primaryType="nt:unstructured"/>
    </jcr:content>
</jcr:root>
