<?xml version="1.0" encoding="UTF-8"?>
<jcr:root xmlns:jcr="http://www.jcp.org/jcr/1.0" xmlns:dam="http://www.day.com/dam/1.0" xmlns:nt="http://www.jcp.org/jcr/nt/1.0" xmlns:mix="http://www.jcp.org/jcr/mix/1.0" xmlns:cq="http://www.day.com/jcr/cq/1.0"
    jcr:isCheckedOut="{Boolean}true"
    jcr:mixinTypes="[mix:referenceable,mix:versionable]"
    jcr:primaryType="dam:Asset"
    jcr:uuid="fe1a23d4-a616-4436-99ef-2621dd0591b4">
    <jcr:content
        cq:isDelivered="{Boolean}false"
        cq:lastModified="{Date}2025-11-28T15:48:23.211+05:30"
        cq:lastModifiedBy="admin"
        cq:lastReplicationAction_publish="Activate"
        cq:name="youtube"
        cq:parentPath="/content/dam/daas/cfm/footer-quicklinks/patners"
        jcr:lastModified="{Date}2025-03-14T10:21:25.042Z"
        jcr:lastModifiedBy="suvenkatachalam@eand.com"
        jcr:mixinTypes="[cq:ReplicationStatus,cq:ReplicationStatus2]"
        jcr:primaryType="dam:AssetContent"
        jcr:title="Youtube"
        contentFragment="{Boolean}true"
        lastFragmentSave="{Date}2025-03-14T10:21:25.042Z">
        <data
            cq:model="/conf/daas/settings/dam/cfm/models/business-menu-generic-link"
            jcr:primaryType="nt:unstructured"
            _strucVersion="{Long}1">
            <master
                jcr:mixinTypes="[cq:Taggable,dam:cfVariationNode]"
                jcr:primaryType="nt:unstructured"
                actionImage="/content/dam/etisalat/business-images/smb/2023/footer/footer-icons/fyoutube.svg"
                actionImage_x0040_LastModified="{Date}2025-03-13T05:46:30.952Z"
                actionImage_x0040_LastModifiedBy="suvenkatachalam@eand.com"
                ctaText_x0040_LastModified="{Date}2023-10-22T10:21:05.190Z"
                linkType="[absolute]"
                linkType_x0040_LastModified="{Date}2023-10-22T10:21:36.617Z"
                sameTabOrNewTab="_blank"
                sameTabOrNewTab_x0040_LastModified="{Date}2023-10-22T10:21:36.617Z"
                subDescription_x0040_LastModified="{Date}2023-10-22T10:21:05.190Z"
                subHeading_x0040_LastModified="{Date}2023-10-22T10:21:05.190Z"
                subLink="https://www.youtube.com/etisalat "
                subLink_x0040_LastModified="{Date}2025-03-14T10:21:18.448Z"
                subLink_x0040_LastModifiedBy="suvenkatachalam@eand.com"/>
            <ar
                jcr:mixinTypes="[cq:Taggable,dam:cfVariationNode]"
                jcr:primaryType="nt:unstructured"
                _x0040_variationCreationDate="{Date}2023-10-22T10:21:44.292Z"
                actionImage="/content/dam/etisalat/business-images/smb/2023/footer/footer-icons/fyoutube.svg"
                actionImage_x0040_LastModified="{Date}2025-03-13T05:46:39.172Z"
                actionImage_x0040_LastModifiedBy="suvenkatachalam@eand.com"
                ctaText_x0040_LastModified="{Date}2023-10-22T10:21:44.293Z"
                linkType="[absolute]"
                linkType_x0040_LastModified="{Date}2023-10-22T10:21:44.293Z"
                sameTabOrNewTab="_blank"
                sameTabOrNewTab_x0040_LastModified="{Date}2023-10-22T10:21:44.294Z"
                subDescription_x0040_LastModified="{Date}2023-10-22T10:21:44.293Z"
                subHeading_x0040_LastModified="{Date}2023-10-22T10:21:44.292Z"
                subLink="https://www.youtube.com/etisalat"
                subLink_x0040_LastModified="{Date}2023-10-22T10:21:44.294Z"/>
        </data>
        <indexedData jcr:primaryType="nt:unstructured">
            <master
                jcr:mixinTypes="[dam:IndexedFragmentData]"
                jcr:primaryType="nt:unstructured"
                jcr:uuid="2101a78b-4707-45ef-b438-931d60df1f8b"
                _x0040_string_x0040_model="/conf/daas/settings/dam/cfm/models/business-menu-generic-link"
                _x0040_stringArray_x0040_variations="[ar]"
                string_x0040_sameTabOrNewTab="_blank"
                string_x0040_subLink="https://www.youtube.com/etisalat "
                stringArray_x0040_linkType="[absolute]"/>
            <ar
                jcr:mixinTypes="[dam:IndexedFragmentData]"
                jcr:primaryType="nt:unstructured"
                jcr:uuid="74a93375-2870-4bcc-94d6-50244b431fad"
                _x0040_string_x0040_model="/conf/daas/settings/dam/cfm/models/business-menu-generic-link"
                string_x0040_sameTabOrNewTab="_blank"
                string_x0040_subLink="https://www.youtube.com/etisalat"
                stringArray_x0040_linkType="[absolute]"/>
        </indexedData>
        <metadata
            jcr:mixinTypes="[cq:Taggable]"
            jcr:primaryType="nt:unstructured">
            <dam:cfVariations jcr:primaryType="nt:unstructured">
                <ar
                    jcr:mixinTypes="[cq:Taggable]"
                    jcr:primaryType="nt:unstructured"/>
            </dam:cfVariations>
        </metadata>
        <model jcr:primaryType="nt:unstructured">
            <variations jcr:primaryType="nt:unstructured">
                <ar
                    jcr:description="\0"
                    jcr:mixinTypes="[cq:Taggable]"
                    jcr:primaryType="nt:unstructured"
                    jcr:title="Ar"
                    name="ar">
                    <properties
                        jcr:primaryType="nt:unstructured"
                        synchronizeWithVersion="[subHeading:211e8e88-df5d-4a64-82db-16e75f822ddd,subDescription:211e8e88-df5d-4a64-82db-16e75f822ddd,linkType:211e8e88-df5d-4a64-82db-16e75f822ddd,ctaText:211e8e88-df5d-4a64-82db-16e75f822ddd,subLink:211e8e88-df5d-4a64-82db-16e75f822ddd,sameTabOrNewTab:211e8e88-df5d-4a64-82db-16e75f822ddd,actionImage:211e8e88-df5d-4a64-82db-16e75f822ddd]"/>
                </ar>
            </variations>
        </model>
        <related jcr:primaryType="nt:unstructured"/>
    </jcr:content>
</jcr:root>
