<?xml version="1.0" encoding="UTF-8"?>
<jcr:root xmlns:jcr="http://www.jcp.org/jcr/1.0" xmlns:dam="http://www.day.com/dam/1.0" xmlns:nt="http://www.jcp.org/jcr/nt/1.0" xmlns:mix="http://www.jcp.org/jcr/mix/1.0" xmlns:cq="http://www.day.com/jcr/cq/1.0"
    jcr:isCheckedOut="{Boolean}true"
    jcr:mixinTypes="[mix:referenceable,mix:versionable]"
    jcr:primaryType="dam:Asset"
    jcr:uuid="c0e6e3bd-849d-4586-aba0-a3cc26b039b6">
    <jcr:content
        cq:isDelivered="{Boolean}false"
        cq:lastModified="{Date}2025-11-28T15:48:23.556+05:30"
        cq:lastModifiedBy="admin"
        cq:lastReplicationAction_publish="Activate"
        cq:name="startup-&amp;-micro-business"
        cq:parentPath="/content/dam/daas/cfm/mega-menu"
        jcr:lastModified="{Date}2023-10-21T19:02:47.088Z"
        jcr:lastModifiedBy="azaraheem@etisalat.ae"
        jcr:mixinTypes="[cq:ReplicationStatus,cq:ReplicationStatus2]"
        jcr:primaryType="dam:AssetContent"
        jcr:title="Startup &amp; Micro Business"
        contentFragment="{Boolean}true"
        lastFragmentSave="{Date}2023-10-21T19:02:47.088Z">
        <data
            cq:model="/conf/daas/settings/dam/cfm/models/business-menu-generic-link"
            jcr:primaryType="nt:unstructured"
            _strucVersion="{Long}1">
            <master
                jcr:mixinTypes="[cq:Taggable,dam:cfVariationNode]"
                jcr:primaryType="nt:unstructured"
                actionImage_x0040_LastModified="{Date}2023-10-21T19:02:06.060Z"
                ctaText_x0040_LastModified="{Date}2023-10-21T19:02:06.060Z"
                linkType_x0040_LastModified="{Date}2023-10-21T19:02:06.060Z"
                sameTabOrNewTab="_self"
                sameTabOrNewTab_x0040_LastModified="{Date}2023-10-21T19:02:26.396Z"
                subDescription_x0040_LastModified="{Date}2023-10-21T19:02:06.060Z"
                subHeading="Startup &amp; Micro Business"
                subHeading_x0040_LastModified="{Date}2023-10-21T19:02:26.395Z"
                subLink="/en/smb/solutions/by-company-size/startup-micro-business.html"
                subLink_x0040_LastModified="{Date}2023-10-21T19:02:26.396Z"/>
            <ar
                jcr:mixinTypes="[cq:Taggable,dam:cfVariationNode]"
                jcr:primaryType="nt:unstructured"
                _x0040_variationCreationDate="{Date}2023-10-21T19:02:31.661Z"
                actionImage_x0040_LastModified="{Date}2023-10-21T19:02:31.663Z"
                ctaText_x0040_LastModified="{Date}2023-10-21T19:02:31.662Z"
                linkType_x0040_LastModified="{Date}2023-10-21T19:02:31.662Z"
                sameTabOrNewTab="_self"
                sameTabOrNewTab_x0040_LastModified="{Date}2023-10-21T19:02:31.663Z"
                subDescription_x0040_LastModified="{Date}2023-10-21T19:02:31.662Z"
                subHeading="حلول الأعمال الناشئة"
                subHeading_x0040_LastModified="{Date}2023-10-21T19:02:46.869Z"
                subLink="/ar/smb/solutions/by-company-size/startup-micro-business.html"
                subLink_x0040_LastModified="{Date}2023-10-21T19:02:46.870Z"/>
        </data>
        <indexedData jcr:primaryType="nt:unstructured">
            <master
                jcr:mixinTypes="[dam:IndexedFragmentData]"
                jcr:primaryType="nt:unstructured"
                jcr:uuid="0d4627fb-9d5e-4a75-ac1d-18aa41887692"
                _x0040_string_x0040_model="/conf/daas/settings/dam/cfm/models/business-menu-generic-link"
                _x0040_stringArray_x0040_variations="[ar]"
                string_x0040_sameTabOrNewTab="_self"
                string_x0040_subHeading="Startup &amp; Micro Business"
                string_x0040_subLink="/en/smb/solutions/by-company-size/startup-micro-business.html"/>
            <ar
                jcr:mixinTypes="[dam:IndexedFragmentData]"
                jcr:primaryType="nt:unstructured"
                jcr:uuid="bf37af80-d901-4b69-9e23-c1199496d135"
                _x0040_string_x0040_model="/conf/daas/settings/dam/cfm/models/business-menu-generic-link"
                string_x0040_sameTabOrNewTab="_self"
                string_x0040_subHeading="حلول الأعمال الناشئة"
                string_x0040_subLink="/ar/smb/solutions/by-company-size/startup-micro-business.html"/>
        </indexedData>
        <metadata
            jcr:mixinTypes="[cq:Taggable]"
            jcr:primaryType="nt:unstructured"/>
        <model jcr:primaryType="nt:unstructured">
            <variations jcr:primaryType="nt:unstructured">
                <ar
                    jcr:description="\0"
                    jcr:mixinTypes="[cq:Taggable]"
                    jcr:primaryType="nt:unstructured"
                    jcr:title="Ar"
                    name="ar">
                    <properties
                        jcr:primaryType="nt:unstructured"
                        synchronizeWithVersion="[subHeading:079d6b5c-e30a-4da8-b304-d90eb4d00ca4,subDescription:079d6b5c-e30a-4da8-b304-d90eb4d00ca4,linkType:079d6b5c-e30a-4da8-b304-d90eb4d00ca4,ctaText:079d6b5c-e30a-4da8-b304-d90eb4d00ca4,subLink:079d6b5c-e30a-4da8-b304-d90eb4d00ca4,sameTabOrNewTab:079d6b5c-e30a-4da8-b304-d90eb4d00ca4,actionImage:079d6b5c-e30a-4da8-b304-d90eb4d00ca4]"/>
                </ar>
            </variations>
        </model>
        <related jcr:primaryType="nt:unstructured"/>
    </jcr:content>
</jcr:root>
