<?xml version="1.0" encoding="UTF-8"?>
<jcr:root xmlns:jcr="http://www.jcp.org/jcr/1.0" xmlns:dam="http://www.day.com/dam/1.0" xmlns:nt="http://www.jcp.org/jcr/nt/1.0" xmlns:mix="http://www.jcp.org/jcr/mix/1.0" xmlns:cq="http://www.day.com/jcr/cq/1.0"
    jcr:isCheckedOut="{Boolean}true"
    jcr:mixinTypes="[cq:contentFragment,mix:referenceable,mix:versionable]"
    jcr:primaryType="dam:Asset"
    jcr:uuid="1ec4e0f9-f99e-42fb-b42a-82aad2852f04">
    <jcr:content
        cq:isDelivered="{Boolean}false"
        cq:lastModified="{Date}2025-11-28T12:13:45.643Z"
        cq:lastModifiedBy="maripaul@eand.com"
        cq:lastReplicated="{Date}2025-12-12T11:08:27.477Z"
        cq:lastReplicated_publish="{Date}2025-12-12T11:08:27.477Z"
        cq:lastReplicatedBy="workflow-process-service"
        cq:lastReplicatedBy_publish="workflow-process-service"
        cq:lastReplicationAction="Activate"
        cq:lastReplicationAction_publish="Activate"
        cq:name="email-and-sms"
        cq:parentPath="/content/dam/daas/cfm/header/mega-menu"
        jcr:lastModified="{Date}2025-03-11T11:46:07.167Z"
        jcr:lastModifiedBy="suvenkatachalam@eand.com"
        jcr:mixinTypes="[cq:ReplicationStatus,cq:ReplicationStatus2]"
        jcr:primaryType="dam:AssetContent"
        jcr:title="Email &amp; SMS"
        contentFragment="{Boolean}true"
        lastFragmentSave="{Date}2025-03-11T11:46:07.167Z">
        <data
            cq:model="/conf/daas/settings/dam/cfm/models/business-menu-generic-link"
            jcr:primaryType="nt:unstructured"
            _strucVersion="{Long}1">
            <master
                jcr:mixinTypes="[cq:Taggable,dam:cfVariationNode]"
                jcr:primaryType="nt:unstructured"
                actionImage_x0040_LastModified="{Date}2023-10-21T18:05:45.879Z"
                ctaText_x0040_LastModified="{Date}2023-10-21T18:05:45.879Z"
                linkType_x0040_LastModified="{Date}2023-10-21T18:05:45.879Z"
                sameTabOrNewTab="_self"
                sameTabOrNewTab_x0040_LastModified="{Date}2023-10-21T18:06:04.054Z"
                subDescription_x0040_LastModified="{Date}2023-10-21T18:05:45.879Z"
                subHeading="Email &amp; SMS"
                subHeading_x0040_LastModified="{Date}2023-10-21T18:06:04.053Z"
                subLink="#"
                subLink_x0040_LastModified="{Date}2023-10-21T18:06:04.053Z"/>
            <ar
                jcr:mixinTypes="[cq:Taggable,dam:cfVariationNode]"
                jcr:primaryType="nt:unstructured"
                _x0040_variationCreationDate="{Date}2023-10-21T18:06:09.369Z"
                actionImage_x0040_LastModified="{Date}2023-10-21T18:06:09.371Z"
                ctaText_x0040_LastModified="{Date}2023-10-21T18:06:09.370Z"
                linkType_x0040_LastModified="{Date}2023-10-21T18:06:09.370Z"
                sameTabOrNewTab="_self"
                sameTabOrNewTab_x0040_LastModified="{Date}2023-10-21T18:06:09.371Z"
                subDescription_x0040_LastModified="{Date}2023-10-21T18:06:09.370Z"
                subHeading="التسويق المباشر"
                subHeading_x0040_LastModified="{Date}2023-10-21T18:06:27.320Z"
                subLink="#"
                subLink_x0040_LastModified="{Date}2023-10-21T18:06:27.321Z"/>
        </data>
        <indexedData jcr:primaryType="nt:unstructured">
            <master
                jcr:mixinTypes="[dam:IndexedFragmentData]"
                jcr:primaryType="nt:unstructured"
                jcr:uuid="ebc9e53f-9017-4cff-a4b8-842890303035"
                _x0040_string_x0040_model="/conf/daas/settings/dam/cfm/models/business-menu-generic-link"
                _x0040_stringArray_x0040_variations="[ar]"
                string_x0040_sameTabOrNewTab="_self"
                string_x0040_subHeading="Email &amp; SMS"
                string_x0040_subLink="#"/>
            <ar
                jcr:mixinTypes="[dam:IndexedFragmentData]"
                jcr:primaryType="nt:unstructured"
                jcr:uuid="2050e992-28d3-4635-825d-a38415e8e3d0"
                _x0040_string_x0040_model="/conf/daas/settings/dam/cfm/models/business-menu-generic-link"
                string_x0040_sameTabOrNewTab="_self"
                string_x0040_subHeading="التسويق المباشر"
                string_x0040_subLink="#"/>
        </indexedData>
        <metadata
            jcr:mixinTypes="[cq:Taggable]"
            jcr:primaryType="nt:unstructured">
            <dam:cfVariations jcr:primaryType="nt:unstructured">
                <ar
                    jcr:mixinTypes="[cq:Taggable]"
                    jcr:primaryType="nt:unstructured"/>
            </dam:cfVariations>
        </metadata>
        <model jcr:primaryType="nt:unstructured">
            <variations jcr:primaryType="nt:unstructured">
                <ar
                    jcr:description="\0"
                    jcr:mixinTypes="[cq:Taggable]"
                    jcr:primaryType="nt:unstructured"
                    jcr:title="Ar"
                    name="ar">
                    <properties
                        jcr:primaryType="nt:unstructured"
                        synchronizeWithVersion="[subHeading:4484686c-721c-42e5-a736-627707d1d7bf,subDescription:4484686c-721c-42e5-a736-627707d1d7bf,linkType:4484686c-721c-42e5-a736-627707d1d7bf,ctaText:4484686c-721c-42e5-a736-627707d1d7bf,subLink:4484686c-721c-42e5-a736-627707d1d7bf,sameTabOrNewTab:4484686c-721c-42e5-a736-627707d1d7bf,actionImage:4484686c-721c-42e5-a736-627707d1d7bf]"/>
                </ar>
            </variations>
        </model>
        <related jcr:primaryType="nt:unstructured"/>
    </jcr:content>
</jcr:root>
