<?xml version="1.0" encoding="UTF-8"?>
<jcr:root xmlns:jcr="http://www.jcp.org/jcr/1.0" xmlns:dam="http://www.day.com/dam/1.0" xmlns:nt="http://www.jcp.org/jcr/nt/1.0" xmlns:mix="http://www.jcp.org/jcr/mix/1.0" xmlns:cq="http://www.day.com/jcr/cq/1.0"
    jcr:isCheckedOut="{Boolean}true"
    jcr:mixinTypes="[cq:contentFragment,mix:referenceable,mix:versionable]"
    jcr:primaryType="dam:Asset"
    jcr:uuid="ff2a04ab-4f57-4c2b-a12e-b493fa9e1cff">
    <jcr:content
        cq:name="overview"
        cq:parentPath="/content/dam/daas/cfm/smb-existing-modules"
        jcr:lastModified="{Date}2025-12-25T09:55:06.260Z"
        jcr:lastModifiedBy="amaidheen@eand.com"
        jcr:primaryType="dam:AssetContent"
        jcr:title="Overview"
        contentFragment="{Boolean}true"
        lastFragmentSave="{Date}2025-12-25T09:55:06.260Z">
        <data
            cq:model="/conf/daas/settings/dam/cfm/models/b2b-transformation-main"
            jcr:primaryType="nt:unstructured"
            _strucVersion="{Long}1">
            <master
                jcr:mixinTypes="[cq:Taggable,dam:cfVariationNode]"
                jcr:primaryType="nt:unstructured"
                b2bTransformationMainSec="[/content/dam/daas/cfm/smb-existing-modules/cross-upselling-banner/sub-sec,/content/dam/daas/cfm/smb-existing-modules/special-offer-feature-banner/sub-sec,/content/dam/daas/cfm/smb-existing-modules/usp-information/variation1/sub-sec,/content/dam/daas/cfm/smb-existing-modules/featured-banner/sub-sec,/content/dam/daas/cfm/smb-existing-modules/toast-strips/sub-sec,/content/dam/daas/cfm/smb-existing-modules/promo-video/sub-sec,/content/dam/daas/cfm/smb-existing-modules/extra-info-with-tag/sub-sec,/content/dam/daas/cfm/smb-existing-modules/tile-box/sub-sec,/content/dam/daas/cfm/smb-existing-modules/scrolling-images/sub-sec,/content/dam/daas/cfm/smb-existing-modules/icon-feature-list/sub-sec,/content/dam/daas/cfm/smb-existing-modules/smartphone-secondary-cards/sub-sec,/content/dam/daas/cfm/smb-existing-modules/icon-header-text/variation2/sub-sec,/content/dam/daas/cfm/smb-existing-modules/alerts-messaging/variation1/sub-sec]"
                b2bTransformationMainSec_x0040_LastModified="{Date}2025-12-25T09:54:53.967Z"
                b2bTransformationMainSec_x0040_LastModifiedBy="amaidheen@eand.com">
                <card
                    jcr:primaryType="nt:unstructured"
                    assets="[]"
                    texts="[]"/>
            </master>
            <ar
                jcr:mixinTypes="[cq:Taggable,dam:cfVariationNode]"
                jcr:primaryType="nt:unstructured"
                _x0040_variationCreationDate="{Date}2025-12-25T09:54:57.162Z"
                b2bTransformationMainSec="[/content/dam/daas/cfm/smb-existing-modules/cross-upselling-banner/sub-sec,/content/dam/daas/cfm/smb-existing-modules/special-offer-feature-banner/sub-sec,/content/dam/daas/cfm/smb-existing-modules/usp-information/variation1/sub-sec,/content/dam/daas/cfm/smb-existing-modules/featured-banner/sub-sec,/content/dam/daas/cfm/smb-existing-modules/toast-strips/sub-sec,/content/dam/daas/cfm/smb-existing-modules/promo-video/sub-sec,/content/dam/daas/cfm/smb-existing-modules/extra-info-with-tag/sub-sec,/content/dam/daas/cfm/smb-existing-modules/tile-box/sub-sec,/content/dam/daas/cfm/smb-existing-modules/scrolling-images/sub-sec,/content/dam/daas/cfm/smb-existing-modules/icon-feature-list/sub-sec,/content/dam/daas/cfm/smb-existing-modules/smartphone-secondary-cards/sub-sec,/content/dam/daas/cfm/smb-existing-modules/icon-header-text/variation2/sub-sec,/content/dam/daas/cfm/smb-existing-modules/alerts-messaging/variation1/sub-sec]"
                b2bTransformationMainSec_x0040_LastModified="{Date}2025-12-25T09:54:57.179Z"
                b2bTransformationMainSec_x0040_LastModifiedBy="amaidheen@eand.com"/>
        </data>
        <indexedData jcr:primaryType="nt:unstructured">
            <master
                jcr:mixinTypes="[dam:IndexedFragmentData]"
                jcr:primaryType="nt:unstructured"
                jcr:uuid="453ef9ac-a909-49d6-9681-182e50e8dcd3"
                _x0040_string_x0040_model="/conf/daas/settings/dam/cfm/models/b2b-transformation-main"
                _x0040_stringArray_x0040_variations="[ar]"/>
            <ar
                jcr:mixinTypes="[dam:IndexedFragmentData]"
                jcr:primaryType="nt:unstructured"
                jcr:uuid="afeb1633-fa0d-4902-9e69-712eedb05ec2"
                _x0040_string_x0040_model="/conf/daas/settings/dam/cfm/models/b2b-transformation-main"/>
        </indexedData>
        <metadata
            jcr:mixinTypes="[cq:Taggable]"
            jcr:primaryType="nt:unstructured">
            <dam:cfVariations jcr:primaryType="nt:unstructured">
                <ar
                    jcr:mixinTypes="[cq:Taggable]"
                    jcr:primaryType="nt:unstructured"/>
            </dam:cfVariations>
        </metadata>
        <model jcr:primaryType="nt:unstructured">
            <variations jcr:primaryType="nt:unstructured">
                <ar
                    jcr:description="\0"
                    jcr:mixinTypes="[cq:Taggable]"
                    jcr:primaryType="nt:unstructured"
                    jcr:title="ar"
                    name="ar">
                    <properties
                        jcr:primaryType="nt:unstructured"
                        synchronizeWithVersion="[b2bTransformationMainSec:d323d52f-6241-4a31-b48d-00779a0f0ddf]"/>
                </ar>
            </variations>
        </model>
        <related jcr:primaryType="nt:unstructured"/>
    </jcr:content>
</jcr:root>
