<?xml version="1.0" encoding="UTF-8"?>
<jcr:root xmlns:jcr="http://www.jcp.org/jcr/1.0" xmlns:dam="http://www.day.com/dam/1.0" xmlns:nt="http://www.jcp.org/jcr/nt/1.0" xmlns:mix="http://www.jcp.org/jcr/mix/1.0" xmlns:cq="http://www.day.com/jcr/cq/1.0"
    jcr:isCheckedOut="{Boolean}true"
    jcr:mixinTypes="[cq:contentFragment,mix:referenceable,mix:versionable]"
    jcr:primaryType="dam:Asset"
    jcr:uuid="ec3b27f7-c53d-44d3-b1b3-97691008eaa9">
    <jcr:content
        cq:isDelivered="{Boolean}false"
        cq:lastModified="{Date}2025-11-28T12:13:29.435Z"
        cq:lastModifiedBy="maripaul@eand.com"
        cq:lastReplicated="{Date}2025-12-12T11:08:37.533Z"
        cq:lastReplicated_publish="{Date}2025-12-12T11:08:37.533Z"
        cq:lastReplicatedBy="workflow-process-service"
        cq:lastReplicatedBy_publish="workflow-process-service"
        cq:lastReplicationAction="Activate"
        cq:lastReplicationAction_publish="Activate"
        cq:name="business-app-store"
        cq:parentPath="/content/dam/daas/cfm/header/top-navigation/business-app-store"
        jcr:lastModified="{Date}2025-12-11T13:56:28.644Z"
        jcr:lastModifiedBy="amaidheen@eand.com"
        jcr:mixinTypes="[cq:ReplicationStatus,cq:ReplicationStatus2]"
        jcr:primaryType="dam:AssetContent"
        jcr:title="Business App Store"
        contentFragment="{Boolean}true"
        lastFragmentSave="{Date}2025-12-11T13:56:28.644Z">
        <data
            cq:model="/conf/daas/settings/dam/cfm/models/business-mega-menu-main-section"
            jcr:primaryType="nt:unstructured"
            _strucVersion="{Long}1">
            <master
                jcr:mixinTypes="[cq:Taggable,dam:cfVariationNode]"
                jcr:primaryType="nt:unstructured"
                mainSection="[/content/dam/daas/cfm/header/top-navigation/business-app-store/business-app-store-sub-sec-1,/content/dam/daas/cfm/header/top-navigation/business-app-store/business-app-store-sub-sec-2,/content/dam/daas/cfm/header/top-navigation/business-app-store/business-app-store-sub-sec-4,/content/dam/daas/cfm/header/top-navigation/business-app-store/business-app-store-sub-sec-5]"
                mainSection_x0040_LastModified="{Date}2025-12-11T13:56:15.716Z"
                mainSection_x0040_LastModifiedBy="amaidheen@eand.com"
                mainSectionTitle="Business App Store"
                mainSectionTitle_x0040_LastModified="{Date}2023-10-21T19:58:56.134Z"
                menuFooterSection_x0040_LastModified="{Date}2023-10-21T19:20:32.798Z"
                promoSection_x0040_LastModified="{Date}2023-10-21T19:20:32.798Z">
                <card
                    jcr:primaryType="nt:unstructured"
                    assets="[]"
                    texts="[Business App Store]"/>
            </master>
            <ar
                jcr:mixinTypes="[cq:Taggable,dam:cfVariationNode]"
                jcr:primaryType="nt:unstructured"
                _x0040_variationCreationDate="{Date}2023-10-21T19:59:16.604Z"
                mainSection="[/content/dam/daas/cfm/header/top-navigation/business-app-store/business-app-store-sub-sec-1,/content/dam/daas/cfm/header/top-navigation/business-app-store/business-app-store-sub-sec-2,/content/dam/daas/cfm/header/top-navigation/business-app-store/business-app-store-sub-sec-4,/content/dam/daas/cfm/header/top-navigation/business-app-store/business-app-store-sub-sec-5]"
                mainSection_x0040_LastModified="{Date}2025-12-11T13:56:28.480Z"
                mainSection_x0040_LastModifiedBy="amaidheen@eand.com"
                mainSectionTitle="متجر تطبيقات الأعمال"
                mainSectionTitle_x0040_LastModified="{Date}2023-10-21T19:59:23.958Z"
                menuFooterSection_x0040_LastModified="{Date}2023-10-21T19:59:16.606Z"
                promoSection_x0040_LastModified="{Date}2023-10-21T19:59:16.606Z"/>
        </data>
        <indexedData jcr:primaryType="nt:unstructured">
            <master
                jcr:mixinTypes="[dam:IndexedFragmentData]"
                jcr:primaryType="nt:unstructured"
                jcr:uuid="cf497e5a-e080-4a62-b744-b5122f1ae198"
                _x0040_string_x0040_model="/conf/daas/settings/dam/cfm/models/business-mega-menu-main-section"
                _x0040_stringArray_x0040_variations="[ar]"
                string_x0040_mainSectionTitle="Business App Store"/>
            <ar
                jcr:mixinTypes="[dam:IndexedFragmentData]"
                jcr:primaryType="nt:unstructured"
                jcr:uuid="31dadbc1-bb5d-49b1-be92-fdbdebef659a"
                _x0040_string_x0040_model="/conf/daas/settings/dam/cfm/models/business-mega-menu-main-section"
                string_x0040_mainSectionTitle="متجر تطبيقات الأعمال"/>
        </indexedData>
        <metadata
            jcr:mixinTypes="[cq:Taggable]"
            jcr:primaryType="nt:unstructured">
            <dam:cfVariations jcr:primaryType="nt:unstructured">
                <ar
                    jcr:mixinTypes="[cq:Taggable]"
                    jcr:primaryType="nt:unstructured"/>
            </dam:cfVariations>
        </metadata>
        <model jcr:primaryType="nt:unstructured">
            <variations jcr:primaryType="nt:unstructured">
                <ar
                    jcr:description="\0"
                    jcr:mixinTypes="[cq:Taggable]"
                    jcr:primaryType="nt:unstructured"
                    jcr:title="Ar"
                    name="ar">
                    <properties
                        jcr:primaryType="nt:unstructured"
                        synchronizeWithVersion="[mainSectionTitle:01d16cd0-7085-4cb7-ae8f-bdf4b6feb8f7,mainSection:01d16cd0-7085-4cb7-ae8f-bdf4b6feb8f7,promoSection:01d16cd0-7085-4cb7-ae8f-bdf4b6feb8f7,menuFooterSection:01d16cd0-7085-4cb7-ae8f-bdf4b6feb8f7]"/>
                </ar>
            </variations>
        </model>
        <related jcr:primaryType="nt:unstructured"/>
    </jcr:content>
</jcr:root>
