<?xml version="1.0" encoding="UTF-8"?>
<jcr:root xmlns:jcr="http://www.jcp.org/jcr/1.0" xmlns:dam="http://www.day.com/dam/1.0" xmlns:nt="http://www.jcp.org/jcr/nt/1.0" xmlns:mix="http://www.jcp.org/jcr/mix/1.0" xmlns:cq="http://www.day.com/jcr/cq/1.0"
    jcr:isCheckedOut="{Boolean}true"
    jcr:mixinTypes="[cq:contentFragment,mix:referenceable,mix:versionable]"
    jcr:primaryType="dam:Asset"
    jcr:uuid="53cc08b8-a548-4413-925c-4f886f21860c">
    <jcr:content
        cq:isDelivered="{Boolean}false"
        cq:lastModified="{Date}2025-11-28T12:13:41.320Z"
        cq:lastModifiedBy="maripaul@eand.com"
        cq:lastReplicated="{Date}2025-12-12T11:08:27.477Z"
        cq:lastReplicated_publish="{Date}2025-12-12T11:08:27.477Z"
        cq:lastReplicatedBy="workflow-process-service"
        cq:lastReplicatedBy_publish="workflow-process-service"
        cq:lastReplicationAction="Activate"
        cq:lastReplicationAction_publish="Activate"
        cq:name="crm"
        cq:parentPath="/content/dam/daas/cfm/header/mega-menu/customer-management"
        jcr:lastModified="{Date}2025-03-11T23:10:28.064Z"
        jcr:lastModifiedBy="suvenkatachalam@eand.com"
        jcr:mixinTypes="[cq:ReplicationStatus,cq:ReplicationStatus2]"
        jcr:primaryType="dam:AssetContent"
        jcr:title="CRM"
        contentFragment="{Boolean}true"
        lastFragmentSave="{Date}2025-03-11T23:10:28.064Z">
        <data
            cq:model="/conf/daas/settings/dam/cfm/models/business-menu-generic-link"
            jcr:primaryType="nt:unstructured"
            _strucVersion="{Long}1">
            <master
                jcr:mixinTypes="[cq:Taggable,dam:cfVariationNode]"
                jcr:primaryType="nt:unstructured"
                actionImage_x0040_LastModified="{Date}2023-10-21T19:40:03.832Z"
                ctaText_x0040_LastModified="{Date}2023-10-21T19:40:03.832Z"
                linkType_x0040_LastModified="{Date}2023-10-21T19:40:03.832Z"
                sameTabOrNewTab="_self"
                sameTabOrNewTab_x0040_LastModified="{Date}2023-10-21T19:40:38.066Z"
                subDescription_x0040_LastModified="{Date}2023-10-21T19:40:03.832Z"
                subHeading="CRM"
                subHeading_x0040_LastModified="{Date}2023-10-21T19:40:38.065Z"
                subLink="#?##1"
                subLink_x0040_LastModified="{Date}2025-03-11T23:09:57.380Z"
                subLink_x0040_LastModifiedBy="suvenkatachalam@eand.com"/>
            <ar
                jcr:mixinTypes="[cq:Taggable,dam:cfVariationNode]"
                jcr:primaryType="nt:unstructured"
                _x0040_variationCreationDate="{Date}2023-10-21T19:40:42.507Z"
                actionImage_x0040_LastModified="{Date}2023-10-21T19:40:42.509Z"
                ctaText_x0040_LastModified="{Date}2023-10-21T19:40:42.509Z"
                linkType_x0040_LastModified="{Date}2023-10-21T19:40:42.508Z"
                sameTabOrNewTab="_self"
                sameTabOrNewTab_x0040_LastModified="{Date}2023-10-21T19:40:42.509Z"
                subDescription_x0040_LastModified="{Date}2023-10-21T19:40:42.508Z"
                subHeading="نظام إدارة العملاء"
                subHeading_x0040_LastModified="{Date}2023-10-21T19:41:15.392Z"
                subLink="#?##1"
                subLink_x0040_LastModified="{Date}2025-03-11T23:10:27.846Z"
                subLink_x0040_LastModifiedBy="suvenkatachalam@eand.com"/>
        </data>
        <indexedData jcr:primaryType="nt:unstructured">
            <master
                jcr:mixinTypes="[dam:IndexedFragmentData]"
                jcr:primaryType="nt:unstructured"
                jcr:uuid="07d0e497-2ce2-4868-9438-47fc58a73d72"
                _x0040_string_x0040_model="/conf/daas/settings/dam/cfm/models/business-menu-generic-link"
                _x0040_stringArray_x0040_variations="[ar]"
                string_x0040_sameTabOrNewTab="_self"
                string_x0040_subHeading="CRM"
                string_x0040_subLink="#?##1"/>
            <ar
                jcr:mixinTypes="[dam:IndexedFragmentData]"
                jcr:primaryType="nt:unstructured"
                jcr:uuid="9e934883-18b5-4b46-b69e-4f19e2d8dd3a"
                _x0040_string_x0040_model="/conf/daas/settings/dam/cfm/models/business-menu-generic-link"
                string_x0040_sameTabOrNewTab="_self"
                string_x0040_subHeading="نظام إدارة العملاء"
                string_x0040_subLink="#?##1"/>
        </indexedData>
        <metadata
            jcr:mixinTypes="[cq:Taggable]"
            jcr:primaryType="nt:unstructured">
            <dam:cfVariations jcr:primaryType="nt:unstructured">
                <ar
                    jcr:mixinTypes="[cq:Taggable]"
                    jcr:primaryType="nt:unstructured"/>
            </dam:cfVariations>
        </metadata>
        <model jcr:primaryType="nt:unstructured">
            <variations jcr:primaryType="nt:unstructured">
                <ar
                    jcr:description="\0"
                    jcr:mixinTypes="[cq:Taggable]"
                    jcr:primaryType="nt:unstructured"
                    jcr:title="Ar"
                    name="ar">
                    <properties
                        jcr:primaryType="nt:unstructured"
                        synchronizeWithVersion="[subHeading:2c9f9dd3-b987-497e-8531-8f2c95bab412,subDescription:2c9f9dd3-b987-497e-8531-8f2c95bab412,linkType:2c9f9dd3-b987-497e-8531-8f2c95bab412,ctaText:2c9f9dd3-b987-497e-8531-8f2c95bab412,subLink:2c9f9dd3-b987-497e-8531-8f2c95bab412,sameTabOrNewTab:2c9f9dd3-b987-497e-8531-8f2c95bab412,actionImage:2c9f9dd3-b987-497e-8531-8f2c95bab412]"/>
                </ar>
            </variations>
        </model>
        <related jcr:primaryType="nt:unstructured"/>
    </jcr:content>
</jcr:root>
