<?xml version="1.0" encoding="UTF-8"?>
<jcr:root xmlns:jcr="http://www.jcp.org/jcr/1.0" xmlns:dam="http://www.day.com/dam/1.0" xmlns:nt="http://www.jcp.org/jcr/nt/1.0" xmlns:mix="http://www.jcp.org/jcr/mix/1.0" xmlns:cq="http://www.day.com/jcr/cq/1.0"
    jcr:isCheckedOut="{Boolean}true"
    jcr:mixinTypes="[cq:contentFragment,mix:referenceable,mix:versionable]"
    jcr:primaryType="dam:Asset"
    jcr:uuid="1de70b3b-166d-4ce4-8cc0-4bdf128da55b">
    <jcr:content
        cq:isDelivered="{Boolean}false"
        cq:lastModified="{Date}2025-11-28T12:13:53.924Z"
        cq:lastModifiedBy="maripaul@eand.com"
        cq:lastReplicated="{Date}2025-12-12T11:08:37.533Z"
        cq:lastReplicated_publish="{Date}2025-12-12T11:08:37.533Z"
        cq:lastReplicatedBy="workflow-process-service"
        cq:lastReplicatedBy_publish="workflow-process-service"
        cq:lastReplicationAction="Activate"
        cq:lastReplicationAction_publish="Activate"
        cq:name="vat---trn-submission"
        cq:parentPath="/content/dam/daas/cfm/header/mega-menu"
        jcr:lastModified="{Date}2023-10-21T20:07:14.989Z"
        jcr:lastModifiedBy="azaraheem@etisalat.ae"
        jcr:mixinTypes="[cq:ReplicationStatus,cq:ReplicationStatus2]"
        jcr:primaryType="dam:AssetContent"
        jcr:title="VAT / TRN Submission"
        contentFragment="{Boolean}true"
        lastFragmentSave="{Date}2023-10-21T20:07:14.989Z">
        <data
            cq:model="/conf/daas/settings/dam/cfm/models/business-menu-generic-link"
            jcr:primaryType="nt:unstructured"
            _strucVersion="{Long}1">
            <master
                jcr:mixinTypes="[cq:Taggable,dam:cfVariationNode]"
                jcr:primaryType="nt:unstructured"
                actionImage_x0040_LastModified="{Date}2023-10-21T20:06:34.186Z"
                ctaText_x0040_LastModified="{Date}2023-10-21T20:06:34.186Z"
                linkType_x0040_LastModified="{Date}2023-10-21T20:06:34.186Z"
                sameTabOrNewTab="_self"
                sameTabOrNewTab_x0040_LastModified="{Date}2023-10-21T20:06:51.155Z"
                subDescription_x0040_LastModified="{Date}2023-10-21T20:06:34.186Z"
                subHeading="VAT / TRN Submission"
                subHeading_x0040_LastModified="{Date}2023-10-21T20:06:51.154Z"
                subLink="#"
                subLink_x0040_LastModified="{Date}2023-10-21T20:06:51.154Z"/>
            <ar
                jcr:mixinTypes="[cq:Taggable,dam:cfVariationNode]"
                jcr:primaryType="nt:unstructured"
                _x0040_variationCreationDate="{Date}2023-10-21T20:06:55.587Z"
                actionImage_x0040_LastModified="{Date}2023-10-21T20:06:55.589Z"
                ctaText_x0040_LastModified="{Date}2023-10-21T20:06:55.589Z"
                linkType_x0040_LastModified="{Date}2023-10-21T20:06:55.589Z"
                sameTabOrNewTab="_self"
                sameTabOrNewTab_x0040_LastModified="{Date}2023-10-21T20:06:55.589Z"
                subDescription_x0040_LastModified="{Date}2023-10-21T20:06:55.588Z"
                subHeading="تقديم الإقرارات الضريبية"
                subHeading_x0040_LastModified="{Date}2023-10-21T20:07:14.766Z"
                subLink="#"
                subLink_x0040_LastModified="{Date}2023-10-21T20:07:14.767Z"/>
        </data>
        <indexedData jcr:primaryType="nt:unstructured">
            <master
                jcr:mixinTypes="[dam:IndexedFragmentData]"
                jcr:primaryType="nt:unstructured"
                jcr:uuid="6e2f2959-f04b-40ea-87e9-bfddc3d1f57d"
                _x0040_string_x0040_model="/conf/daas/settings/dam/cfm/models/business-menu-generic-link"
                _x0040_stringArray_x0040_variations="[ar]"
                string_x0040_sameTabOrNewTab="_self"
                string_x0040_subHeading="VAT / TRN Submission"
                string_x0040_subLink="#"/>
            <ar
                jcr:mixinTypes="[dam:IndexedFragmentData]"
                jcr:primaryType="nt:unstructured"
                jcr:uuid="fe7c7c93-6c99-4b2d-a888-5157fd151f10"
                _x0040_string_x0040_model="/conf/daas/settings/dam/cfm/models/business-menu-generic-link"
                string_x0040_sameTabOrNewTab="_self"
                string_x0040_subHeading="تقديم الإقرارات الضريبية"
                string_x0040_subLink="#"/>
        </indexedData>
        <metadata
            jcr:mixinTypes="[cq:Taggable]"
            jcr:primaryType="nt:unstructured"/>
        <model jcr:primaryType="nt:unstructured">
            <variations jcr:primaryType="nt:unstructured">
                <ar
                    jcr:description="\0"
                    jcr:mixinTypes="[cq:Taggable]"
                    jcr:primaryType="nt:unstructured"
                    jcr:title="Ar"
                    name="ar">
                    <properties
                        jcr:primaryType="nt:unstructured"
                        synchronizeWithVersion="[subHeading:82591ac3-79c2-4206-adb7-0406686f44e7,subDescription:82591ac3-79c2-4206-adb7-0406686f44e7,linkType:82591ac3-79c2-4206-adb7-0406686f44e7,ctaText:82591ac3-79c2-4206-adb7-0406686f44e7,subLink:82591ac3-79c2-4206-adb7-0406686f44e7,sameTabOrNewTab:82591ac3-79c2-4206-adb7-0406686f44e7,actionImage:82591ac3-79c2-4206-adb7-0406686f44e7]"/>
                </ar>
            </variations>
        </model>
        <related jcr:primaryType="nt:unstructured"/>
    </jcr:content>
</jcr:root>
