<?xml version="1.0" encoding="UTF-8"?>
<jcr:root xmlns:jcr="http://www.jcp.org/jcr/1.0" xmlns:dam="http://www.day.com/dam/1.0" xmlns:nt="http://www.jcp.org/jcr/nt/1.0" xmlns:mix="http://www.jcp.org/jcr/mix/1.0" xmlns:cq="http://www.day.com/jcr/cq/1.0"
    jcr:isCheckedOut="{Boolean}true"
    jcr:mixinTypes="[mix:referenceable,mix:versionable]"
    jcr:primaryType="dam:Asset"
    jcr:uuid="ba6bfdea-8e33-45c3-b0c4-0637cd97c97a">
    <jcr:content
        cq:isDelivered="{Boolean}false"
        cq:lastModified="{Date}2025-11-28T15:48:24.166+05:30"
        cq:lastModifiedBy="admin"
        cq:lastReplicationAction_publish="Activate"
        cq:name="code-of-conduct"
        cq:parentPath="/content/dam/daas/cfm/footer-quicklinks/bottom"
        jcr:lastModified="{Date}2023-10-22T10:32:03.304Z"
        jcr:lastModifiedBy="azaraheem@etisalat.ae"
        jcr:mixinTypes="[cq:ReplicationStatus,cq:ReplicationStatus2]"
        jcr:primaryType="dam:AssetContent"
        jcr:title="Code of Conduct"
        contentFragment="{Boolean}true"
        lastFragmentSave="{Date}2023-10-22T10:32:03.304Z">
        <data
            cq:model="/conf/daas/settings/dam/cfm/models/business-menu-generic-link"
            jcr:primaryType="nt:unstructured"
            _strucVersion="{Long}1">
            <master
                jcr:mixinTypes="[cq:Taggable,dam:cfVariationNode]"
                jcr:primaryType="nt:unstructured"
                actionImage_x0040_LastModified="{Date}2023-10-22T10:30:44.850Z"
                ctaText_x0040_LastModified="{Date}2023-10-22T10:30:44.850Z"
                linkType_x0040_LastModified="{Date}2023-10-22T10:30:44.850Z"
                sameTabOrNewTab="_blank"
                sameTabOrNewTab_x0040_LastModified="{Date}2023-10-22T10:31:33.218Z"
                subDescription_x0040_LastModified="{Date}2023-10-22T10:30:44.850Z"
                subHeading="Code of Conduct"
                subHeading_x0040_LastModified="{Date}2023-10-22T10:31:51.074Z"
                subLink="/content/dam/etisalat/business-docs/smb/eand-Code-of-Conduct.pdf"
                subLink_x0040_LastModified="{Date}2023-10-22T10:31:33.218Z"/>
            <ar
                jcr:mixinTypes="[cq:Taggable,dam:cfVariationNode]"
                jcr:primaryType="nt:unstructured"
                _x0040_variationCreationDate="{Date}2023-10-22T10:31:57.217Z"
                actionImage_x0040_LastModified="{Date}2023-10-22T10:31:57.219Z"
                ctaText_x0040_LastModified="{Date}2023-10-22T10:31:57.219Z"
                linkType_x0040_LastModified="{Date}2023-10-22T10:31:57.218Z"
                sameTabOrNewTab="_blank"
                sameTabOrNewTab_x0040_LastModified="{Date}2023-10-22T10:31:57.219Z"
                subDescription_x0040_LastModified="{Date}2023-10-22T10:31:57.218Z"
                subHeading="قواعد السلوك"
                subHeading_x0040_LastModified="{Date}2023-10-22T10:32:03.080Z"
                subLink="/content/dam/etisalat/business-docs/smb/eand-Code-of-Conduct.pdf"
                subLink_x0040_LastModified="{Date}2023-10-22T10:31:57.219Z"/>
        </data>
        <indexedData jcr:primaryType="nt:unstructured">
            <master
                jcr:mixinTypes="[dam:IndexedFragmentData]"
                jcr:primaryType="nt:unstructured"
                jcr:uuid="c3d428ef-5873-4d0f-bf1c-a689d7c5bdb4"
                _x0040_string_x0040_model="/conf/daas/settings/dam/cfm/models/business-menu-generic-link"
                _x0040_stringArray_x0040_variations="[ar]"
                string_x0040_sameTabOrNewTab="_blank"
                string_x0040_subHeading="Code of Conduct"
                string_x0040_subLink="/content/dam/etisalat/business-docs/smb/eand-Code-of-Conduct.pdf"/>
            <ar
                jcr:mixinTypes="[dam:IndexedFragmentData]"
                jcr:primaryType="nt:unstructured"
                jcr:uuid="7f5ba498-6d1e-46f3-b045-7d18e6b561a8"
                _x0040_string_x0040_model="/conf/daas/settings/dam/cfm/models/business-menu-generic-link"
                string_x0040_sameTabOrNewTab="_blank"
                string_x0040_subHeading="قواعد السلوك"
                string_x0040_subLink="/content/dam/etisalat/business-docs/smb/eand-Code-of-Conduct.pdf"/>
        </indexedData>
        <metadata
            jcr:mixinTypes="[cq:Taggable]"
            jcr:primaryType="nt:unstructured"/>
        <model jcr:primaryType="nt:unstructured">
            <variations jcr:primaryType="nt:unstructured">
                <ar
                    jcr:description="\0"
                    jcr:mixinTypes="[cq:Taggable]"
                    jcr:primaryType="nt:unstructured"
                    jcr:title="Ar"
                    name="ar">
                    <properties
                        jcr:primaryType="nt:unstructured"
                        synchronizeWithVersion="[subHeading:3246d5bb-609c-499c-ab29-fd7fed39e66c,subDescription:3246d5bb-609c-499c-ab29-fd7fed39e66c,linkType:3246d5bb-609c-499c-ab29-fd7fed39e66c,ctaText:3246d5bb-609c-499c-ab29-fd7fed39e66c,subLink:3246d5bb-609c-499c-ab29-fd7fed39e66c,sameTabOrNewTab:3246d5bb-609c-499c-ab29-fd7fed39e66c,actionImage:3246d5bb-609c-499c-ab29-fd7fed39e66c]"/>
                </ar>
            </variations>
        </model>
        <related jcr:primaryType="nt:unstructured"/>
    </jcr:content>
</jcr:root>
