<?xml version="1.0" encoding="UTF-8"?>
<jcr:root xmlns:jcr="http://www.jcp.org/jcr/1.0" xmlns:dam="http://www.day.com/dam/1.0" xmlns:nt="http://www.jcp.org/jcr/nt/1.0" xmlns:mix="http://www.jcp.org/jcr/mix/1.0" xmlns:cq="http://www.day.com/jcr/cq/1.0"
    jcr:isCheckedOut="{Boolean}true"
    jcr:mixinTypes="[cq:contentFragment,mix:referenceable,mix:versionable]"
    jcr:primaryType="dam:Asset"
    jcr:uuid="fcd5e356-9215-4a72-83f6-3ee5c6248d40">
    <jcr:content
        cq:isDelivered="{Boolean}false"
        cq:lastModified="{Date}2025-11-28T12:13:34.834Z"
        cq:lastModifiedBy="maripaul@eand.com"
        cq:lastReplicated="{Date}2025-12-12T11:08:37.533Z"
        cq:lastReplicated_publish="{Date}2025-12-12T11:08:37.533Z"
        cq:lastReplicatedBy="workflow-process-service"
        cq:lastReplicatedBy_publish="workflow-process-service"
        cq:lastReplicationAction="Activate"
        cq:lastReplicationAction_publish="Activate"
        cq:name="resources-sub-section-4"
        cq:parentPath="/content/dam/daas/cfm/header/top-navigation"
        jcr:lastModified="{Date}2025-03-11T23:19:57.084Z"
        jcr:lastModifiedBy="suvenkatachalam@eand.com"
        jcr:mixinTypes="[cq:ReplicationStatus,cq:ReplicationStatus2]"
        jcr:primaryType="dam:AssetContent"
        jcr:title="Resources Sub Section 4"
        contentFragment="{Boolean}true"
        lastFragmentSave="{Date}2025-03-11T23:19:57.084Z">
        <data
            cq:model="/conf/daas/settings/dam/cfm/models/business-mega-menu-sub-section"
            jcr:primaryType="nt:unstructured"
            _strucVersion="{Long}1">
            <master
                jcr:mixinTypes="[cq:Taggable,dam:cfVariationNode]"
                jcr:primaryType="nt:unstructured"
                menuHeading_x0040_LastModified="{Date}2023-10-24T12:38:32.902Z"
                menuSubSection="[/content/dam/daas/cfm/header/mega-menu/mega-menu-footer/do-not-call-registry]"
                menuSubSection_x0040_LastModified="{Date}2023-10-24T12:42:54.993Z"/>
            <ar
                jcr:mixinTypes="[cq:Taggable,dam:cfVariationNode]"
                jcr:primaryType="nt:unstructured"
                _x0040_variationCreationDate="{Date}2023-10-24T12:43:00.685Z"
                menuHeading_x0040_LastModified="{Date}2023-10-24T12:43:00.686Z"
                menuSubSection="[/content/dam/daas/cfm/header/mega-menu/mega-menu-footer/do-not-call-registry]"
                menuSubSection_x0040_LastModified="{Date}2023-10-24T12:43:00.687Z"/>
        </data>
        <indexedData jcr:primaryType="nt:unstructured">
            <master
                jcr:mixinTypes="[dam:IndexedFragmentData]"
                jcr:primaryType="nt:unstructured"
                jcr:uuid="6ee38493-166a-4dc9-a5d5-040304a9bcfc"
                _x0040_string_x0040_model="/conf/daas/settings/dam/cfm/models/business-mega-menu-sub-section"
                _x0040_stringArray_x0040_variations="[ar]"/>
            <ar
                jcr:mixinTypes="[dam:IndexedFragmentData]"
                jcr:primaryType="nt:unstructured"
                jcr:uuid="bebdadec-44f5-4b8d-a453-e633aeeac7f1"
                _x0040_string_x0040_model="/conf/daas/settings/dam/cfm/models/business-mega-menu-sub-section"/>
        </indexedData>
        <metadata
            jcr:mixinTypes="[cq:Taggable]"
            jcr:primaryType="nt:unstructured"/>
        <model jcr:primaryType="nt:unstructured">
            <variations jcr:primaryType="nt:unstructured">
                <ar
                    jcr:description="\0"
                    jcr:mixinTypes="[cq:Taggable]"
                    jcr:primaryType="nt:unstructured"
                    jcr:title="Ar"
                    name="ar">
                    <properties
                        jcr:primaryType="nt:unstructured"
                        synchronizeWithVersion="[menuHeading:ed746f1b-4ef2-454e-992c-213c1aa72122,menuSubSection:ed746f1b-4ef2-454e-992c-213c1aa72122]"/>
                </ar>
            </variations>
        </model>
        <related jcr:primaryType="nt:unstructured"/>
    </jcr:content>
</jcr:root>
