<?xml version="1.0" encoding="UTF-8"?>
<jcr:root xmlns:jcr="http://www.jcp.org/jcr/1.0" xmlns:dam="http://www.day.com/dam/1.0" xmlns:nt="http://www.jcp.org/jcr/nt/1.0" xmlns:mix="http://www.jcp.org/jcr/mix/1.0" xmlns:cq="http://www.day.com/jcr/cq/1.0"
    jcr:isCheckedOut="{Boolean}true"
    jcr:mixinTypes="[cq:contentFragment,mix:referenceable,mix:versionable]"
    jcr:primaryType="dam:Asset"
    jcr:uuid="cec72aa1-68e0-453f-b711-6aaab47b2f40">
    <jcr:content
        cq:isDelivered="{Boolean}false"
        cq:lastModified="{Date}2025-11-28T15:19:27.148+05:30"
        cq:lastModifiedBy="admin"
        cq:lastReplicated="{Date}2025-12-12T11:09:26.026Z"
        cq:lastReplicated_publish="{Date}2025-12-12T11:09:26.026Z"
        cq:lastReplicatedBy="workflow-process-service"
        cq:lastReplicatedBy_publish="workflow-process-service"
        cq:lastReplicationAction="Activate"
        cq:lastReplicationAction_publish="Activate"
        cq:name="smb-footer"
        cq:parentPath="/content/dam/daas/cfm/footer"
        jcr:lastModified="{Date}2025-03-19T09:03:04.181Z"
        jcr:lastModifiedBy="amaidheen@eand.com"
        jcr:mixinTypes="[cq:ReplicationStatus,cq:ReplicationStatus2]"
        jcr:primaryType="dam:AssetContent"
        jcr:title="SMB Footer"
        contentFragment="{Boolean}true"
        lastFragmentSave="{Date}2025-03-14T10:23:36.038Z">
        <data
            cq:model="/conf/daas/settings/dam/cfm/models/business-footer"
            jcr:primaryType="nt:unstructured"
            _strucVersion="{Long}1">
            <master
                jcr:mixinTypes="[cq:Taggable,dam:cfVariationNode]"
                jcr:primaryType="nt:unstructured"
                appsPatnersSection="[/content/dam/daas/cfm/footer/download-etisalat-business-app,/content/dam/daas/cfm/footer/follow-us,/content/dam/daas/cfm/footer/payment-accepted]"
                appsPatnersSection_x0040_LastModified="{Date}2023-10-22T08:02:07.735Z"
                bottomFooterSection="/content/dam/daas/cfm/footer/footer-bottom"
                bottomFooterSection_x0040_LastModified="{Date}2023-10-22T08:02:07.736Z"
                brandLogoSection="/content/dam/daas/cfm/footer/footer-logo"
                brandLogoSection_x0040_LastModified="{Date}2023-10-22T11:19:53.110Z"
                copyRightSection="e&amp;. All Rights Reserved."
                copyRightSection_x0040_LastModified="{Date}2025-03-19T09:03:04.181Z"
                copyRightSection_x0040_LastModifiedBy="amaidheen@eand.com"
                footerQuicklinksSection="[/content/dam/daas/cfm/footer/quick-access,/content/dam/daas/cfm/footer/support,/content/dam/daas/cfm/footer/resources,/content/dam/daas/cfm/footer/small-&amp;-medium-business,/content/dam/daas/cfm/footer/strategic-projects,/content/dam/daas/cfm/footer/e&amp;]"
                footerQuicklinksSection_x0040_LastModified="{Date}2023-10-22T08:02:07.735Z">
                <card
                    jcr:primaryType="nt:unstructured"
                    assets="[]"
                    texts="[e&amp;. All Rights Reserved.]"/>
            </master>
            <ar
                jcr:mixinTypes="[cq:Taggable,dam:cfVariationNode]"
                jcr:primaryType="nt:unstructured"
                _x0040_variationCreationDate="{Date}2023-10-22T11:20:57.233Z"
                appsPatnersSection="[/content/dam/daas/cfm/footer/download-etisalat-business-app,/content/dam/daas/cfm/footer/follow-us,/content/dam/daas/cfm/footer/payment-accepted]"
                appsPatnersSection_x0040_LastModified="{Date}2023-10-22T11:20:57.234Z"
                bottomFooterSection="/content/dam/daas/cfm/footer/footer-bottom"
                bottomFooterSection_x0040_LastModified="{Date}2023-10-22T11:20:57.234Z"
                brandLogoSection="/content/dam/daas/cfm/footer/footer-logo"
                brandLogoSection_x0040_LastModified="{Date}2023-10-22T11:20:57.234Z"
                copyRightSection="© آي اند. جميع الحقوق محفوظة"
                copyRightSection_x0040_LastModified="{Date}2025-03-14T10:23:35.799Z"
                copyRightSection_x0040_LastModifiedBy="suvenkatachalam@eand.com"
                footerQuicklinksSection="[/content/dam/daas/cfm/footer/quick-access,/content/dam/daas/cfm/footer/support,/content/dam/daas/cfm/footer/resources,/content/dam/daas/cfm/footer/small-&amp;-medium-business,/content/dam/daas/cfm/footer/strategic-projects,/content/dam/daas/cfm/footer/e&amp;]"
                footerQuicklinksSection_x0040_LastModified="{Date}2023-10-22T11:20:57.234Z"/>
        </data>
        <indexedData jcr:primaryType="nt:unstructured">
            <master
                jcr:mixinTypes="[dam:IndexedFragmentData]"
                jcr:primaryType="nt:unstructured"
                jcr:uuid="1cd6e63b-d986-4292-b7bd-d88643eeb95e"
                _x0040_string_x0040_model="/conf/daas/settings/dam/cfm/models/business-footer"
                _x0040_stringArray_x0040_variations="[ar]"
                string_x0040_copyRightSection="e&amp;. All Rights Reserved."/>
            <ar
                jcr:mixinTypes="[dam:IndexedFragmentData]"
                jcr:primaryType="nt:unstructured"
                jcr:uuid="6f038f98-ac3b-44af-ba3e-558cedaa6954"
                _x0040_string_x0040_model="/conf/daas/settings/dam/cfm/models/business-footer"
                string_x0040_copyRightSection="© آي اند. جميع الحقوق محفوظة"/>
        </indexedData>
        <metadata
            jcr:mixinTypes="[cq:Taggable]"
            jcr:primaryType="nt:unstructured">
            <dam:cfVariations jcr:primaryType="nt:unstructured">
                <ar
                    jcr:mixinTypes="[cq:Taggable]"
                    jcr:primaryType="nt:unstructured"/>
            </dam:cfVariations>
        </metadata>
        <model jcr:primaryType="nt:unstructured">
            <variations jcr:primaryType="nt:unstructured">
                <ar
                    jcr:description="\0"
                    jcr:mixinTypes="[cq:Taggable]"
                    jcr:primaryType="nt:unstructured"
                    jcr:title="Ar"
                    name="ar">
                    <properties
                        jcr:primaryType="nt:unstructured"
                        synchronizeWithVersion="[footerQuicklinksSection:543549d2-dcce-4cae-9d08-f00f09236663,appsPatnersSection:543549d2-dcce-4cae-9d08-f00f09236663,bottomFooterSection:543549d2-dcce-4cae-9d08-f00f09236663,brandLogoSection:543549d2-dcce-4cae-9d08-f00f09236663,copyRightSection:543549d2-dcce-4cae-9d08-f00f09236663]"/>
                </ar>
            </variations>
        </model>
        <related jcr:primaryType="nt:unstructured"/>
    </jcr:content>
</jcr:root>
