<?xml version="1.0" encoding="UTF-8"?>
<jcr:root xmlns:jcr="http://www.jcp.org/jcr/1.0" xmlns:dam="http://www.day.com/dam/1.0" xmlns:nt="http://www.jcp.org/jcr/nt/1.0" xmlns:mix="http://www.jcp.org/jcr/mix/1.0" xmlns:cq="http://www.day.com/jcr/cq/1.0"
    jcr:isCheckedOut="{Boolean}true"
    jcr:mixinTypes="[mix:referenceable,mix:versionable]"
    jcr:primaryType="dam:Asset"
    jcr:uuid="85da3d15-44de-42f2-bc82-526330a26160">
    <jcr:content
        cq:isDelivered="{Boolean}false"
        cq:lastModified="{Date}2025-11-28T15:48:23.362+05:30"
        cq:lastModifiedBy="admin"
        cq:lastReplicationAction_publish="Activate"
        cq:name="linkedin"
        cq:parentPath="/content/dam/daas/cfm/footer-quicklinks/patners"
        jcr:lastModified="{Date}2025-03-14T10:20:53.649Z"
        jcr:lastModifiedBy="suvenkatachalam@eand.com"
        jcr:mixinTypes="[cq:ReplicationStatus,cq:ReplicationStatus2]"
        jcr:primaryType="dam:AssetContent"
        jcr:title="Linkedin"
        contentFragment="{Boolean}true"
        lastFragmentSave="{Date}2025-03-14T10:20:53.649Z">
        <data
            cq:model="/conf/daas/settings/dam/cfm/models/business-menu-generic-link"
            jcr:primaryType="nt:unstructured"
            _strucVersion="{Long}1">
            <master
                jcr:mixinTypes="[cq:Taggable,dam:cfVariationNode]"
                jcr:primaryType="nt:unstructured"
                actionImage="/content/dam/etisalat/business-images/smb/2023/footer/footer-icons/flinkedin.svg"
                actionImage_x0040_LastModified="{Date}2025-03-13T05:45:36.620Z"
                actionImage_x0040_LastModifiedBy="suvenkatachalam@eand.com"
                ctaText_x0040_LastModified="{Date}2023-10-22T10:15:56.900Z"
                linkType="[absolute]"
                linkType_x0040_LastModified="{Date}2023-10-22T10:16:21.533Z"
                sameTabOrNewTab="_blank"
                sameTabOrNewTab_x0040_LastModified="{Date}2023-10-22T10:16:21.534Z"
                subDescription_x0040_LastModified="{Date}2023-10-22T10:15:56.900Z"
                subHeading_x0040_LastModified="{Date}2023-10-22T10:15:56.900Z"
                subLink="https://www.linkedin.com/company/eanduae/"
                subLink_x0040_LastModified="{Date}2025-03-14T10:20:47.445Z"
                subLink_x0040_LastModifiedBy="suvenkatachalam@eand.com"/>
            <ar
                jcr:mixinTypes="[cq:Taggable,dam:cfVariationNode]"
                jcr:primaryType="nt:unstructured"
                _x0040_variationCreationDate="{Date}2023-10-22T10:16:28.844Z"
                actionImage="/content/dam/etisalat/business-images/smb/2023/footer/footer-icons/flinkedin.svg"
                actionImage_x0040_LastModified="{Date}2025-03-13T05:45:44.491Z"
                actionImage_x0040_LastModifiedBy="suvenkatachalam@eand.com"
                ctaText_x0040_LastModified="{Date}2023-10-22T10:16:28.845Z"
                linkType="[absolute]"
                linkType_x0040_LastModified="{Date}2023-10-22T10:16:28.845Z"
                sameTabOrNewTab="_blank"
                sameTabOrNewTab_x0040_LastModified="{Date}2023-10-22T10:16:28.846Z"
                subDescription_x0040_LastModified="{Date}2023-10-22T10:16:28.845Z"
                subHeading_x0040_LastModified="{Date}2023-10-22T10:16:28.844Z"
                subLink="https://www.linkedin.com/company/eanduae/"
                subLink_x0040_LastModified="{Date}2025-03-14T10:20:53.419Z"
                subLink_x0040_LastModifiedBy="suvenkatachalam@eand.com"/>
        </data>
        <indexedData jcr:primaryType="nt:unstructured">
            <master
                jcr:mixinTypes="[dam:IndexedFragmentData]"
                jcr:primaryType="nt:unstructured"
                jcr:uuid="cdbeeb9a-76c4-4a44-ae28-a1e482501b8d"
                _x0040_string_x0040_model="/conf/daas/settings/dam/cfm/models/business-menu-generic-link"
                _x0040_stringArray_x0040_variations="[ar]"
                string_x0040_sameTabOrNewTab="_blank"
                string_x0040_subLink="https://www.linkedin.com/company/eanduae/"
                stringArray_x0040_linkType="[absolute]"/>
            <ar
                jcr:mixinTypes="[dam:IndexedFragmentData]"
                jcr:primaryType="nt:unstructured"
                jcr:uuid="e7ed0c86-fc86-4d5a-afb4-55acc58da75e"
                _x0040_string_x0040_model="/conf/daas/settings/dam/cfm/models/business-menu-generic-link"
                string_x0040_sameTabOrNewTab="_blank"
                string_x0040_subLink="https://www.linkedin.com/company/eanduae/"
                stringArray_x0040_linkType="[absolute]"/>
        </indexedData>
        <metadata
            jcr:mixinTypes="[cq:Taggable]"
            jcr:primaryType="nt:unstructured">
            <dam:cfVariations jcr:primaryType="nt:unstructured">
                <ar
                    jcr:mixinTypes="[cq:Taggable]"
                    jcr:primaryType="nt:unstructured"/>
            </dam:cfVariations>
        </metadata>
        <model jcr:primaryType="nt:unstructured">
            <variations jcr:primaryType="nt:unstructured">
                <ar
                    jcr:description="\0"
                    jcr:mixinTypes="[cq:Taggable]"
                    jcr:primaryType="nt:unstructured"
                    jcr:title="Ar"
                    name="ar">
                    <properties
                        jcr:primaryType="nt:unstructured"
                        synchronizeWithVersion="[subHeading:fef2a8ff-5c73-4012-9fef-c71b9e49e5bb,subDescription:fef2a8ff-5c73-4012-9fef-c71b9e49e5bb,linkType:fef2a8ff-5c73-4012-9fef-c71b9e49e5bb,ctaText:fef2a8ff-5c73-4012-9fef-c71b9e49e5bb,subLink:fef2a8ff-5c73-4012-9fef-c71b9e49e5bb,sameTabOrNewTab:fef2a8ff-5c73-4012-9fef-c71b9e49e5bb,actionImage:fef2a8ff-5c73-4012-9fef-c71b9e49e5bb]"/>
                </ar>
            </variations>
        </model>
        <related jcr:primaryType="nt:unstructured"/>
    </jcr:content>
</jcr:root>
