<?xml version="1.0" encoding="UTF-8"?>
<jcr:root xmlns:jcr="http://www.jcp.org/jcr/1.0" xmlns:dam="http://www.day.com/dam/1.0" xmlns:nt="http://www.jcp.org/jcr/nt/1.0" xmlns:mix="http://www.jcp.org/jcr/mix/1.0" xmlns:cq="http://www.day.com/jcr/cq/1.0"
    jcr:isCheckedOut="{Boolean}true"
    jcr:mixinTypes="[cq:contentFragment,mix:referenceable,mix:versionable]"
    jcr:primaryType="dam:Asset"
    jcr:uuid="000214ff-77ce-496a-99e0-05b400ae0893">
    <jcr:content
        cq:isDelivered="{Boolean}false"
        cq:lastModified="{Date}2025-11-28T12:13:34.070Z"
        cq:lastModifiedBy="maripaul@eand.com"
        cq:lastReplicated="{Date}2025-12-12T11:08:37.533Z"
        cq:lastReplicated_publish="{Date}2025-12-12T11:08:37.533Z"
        cq:lastReplicatedBy="workflow-process-service"
        cq:lastReplicatedBy_publish="workflow-process-service"
        cq:lastReplicationAction="Activate"
        cq:lastReplicationAction_publish="Activate"
        cq:name="resources"
        cq:parentPath="/content/dam/daas/cfm/header/top-navigation/resources"
        jcr:lastModified="{Date}2025-12-05T06:55:33.779Z"
        jcr:lastModifiedBy="amaidheen@eand.com"
        jcr:mixinTypes="[cq:ReplicationStatus,cq:ReplicationStatus2]"
        jcr:primaryType="dam:AssetContent"
        jcr:title="Resources"
        contentFragment="{Boolean}true"
        lastFragmentSave="{Date}2025-12-05T06:55:33.779Z">
        <data
            cq:model="/conf/daas/settings/dam/cfm/models/business-mega-menu-main-section"
            jcr:primaryType="nt:unstructured"
            _strucVersion="{Long}1">
            <master
                jcr:mixinTypes="[cq:Taggable,dam:cfVariationNode]"
                jcr:primaryType="nt:unstructured"
                mainSection="[/content/dam/daas/cfm/header/top-navigation/resources/resources-sub-section-1,/content/dam/daas/cfm/header/top-navigation/resources/resources-sub-section-2,/content/dam/daas/cfm/header/top-navigation/resources/resources-sub-section-3,/content/dam/daas/cfm/header/top-navigation/resources/resources-sub-section-4]"
                mainSection_x0040_LastModified="{Date}2025-12-05T06:55:08.712Z"
                mainSection_x0040_LastModifiedBy="amaidheen@eand.com"
                mainSectionTitle="Resources"
                mainSectionTitle_x0040_LastModified="{Date}2023-10-21T20:17:43.923Z"
                menuFooterSection_x0040_LastModified="{Date}2023-10-21T20:02:41.670Z"
                promoSection_x0040_LastModified="{Date}2025-04-08T08:58:57.771Z"
                promoSection_x0040_LastModifiedBy="suvenkatachalam@eand.com">
                <card
                    jcr:primaryType="nt:unstructured"
                    assets="[]"
                    texts="[Resources]"/>
            </master>
            <ar
                jcr:mixinTypes="[cq:Taggable,dam:cfVariationNode]"
                jcr:primaryType="nt:unstructured"
                _x0040_variationCreationDate="{Date}2023-10-21T20:21:18.178Z"
                mainSection="[/content/dam/daas/cfm/header/top-navigation/resources/resources-sub-section-1,/content/dam/daas/cfm/header/top-navigation/resources/resources-sub-section-2,/content/dam/daas/cfm/header/top-navigation/resources/resources-sub-section-3,/content/dam/daas/cfm/header/top-navigation/resources/resources-sub-section-4]"
                mainSection_x0040_LastModified="{Date}2025-12-05T06:54:55.945Z"
                mainSection_x0040_LastModifiedBy="amaidheen@eand.com"
                mainSectionTitle="الموارد"
                mainSectionTitle_x0040_LastModified="{Date}2023-10-21T20:21:24.466Z"
                menuFooterSection_x0040_LastModified="{Date}2023-10-21T20:21:18.180Z"
                promoSection_x0040_LastModified="{Date}2025-04-08T08:59:10.425Z"
                promoSection_x0040_LastModifiedBy="suvenkatachalam@eand.com"/>
        </data>
        <indexedData jcr:primaryType="nt:unstructured">
            <master
                jcr:mixinTypes="[dam:IndexedFragmentData]"
                jcr:primaryType="nt:unstructured"
                jcr:uuid="9bd8a392-56d4-4c5f-a4d9-d82a9e07daaa"
                _x0040_string_x0040_model="/conf/daas/settings/dam/cfm/models/business-mega-menu-main-section"
                _x0040_stringArray_x0040_variations="[ar]"
                string_x0040_mainSectionTitle="Resources"/>
            <ar
                jcr:mixinTypes="[dam:IndexedFragmentData]"
                jcr:primaryType="nt:unstructured"
                jcr:uuid="7116dd44-ae76-4dde-969a-7ae535c1e934"
                _x0040_string_x0040_model="/conf/daas/settings/dam/cfm/models/business-mega-menu-main-section"
                string_x0040_mainSectionTitle="الموارد"/>
        </indexedData>
        <metadata
            jcr:mixinTypes="[cq:Taggable]"
            jcr:primaryType="nt:unstructured">
            <dam:cfVariations jcr:primaryType="nt:unstructured">
                <ar
                    jcr:mixinTypes="[cq:Taggable]"
                    jcr:primaryType="nt:unstructured"/>
            </dam:cfVariations>
        </metadata>
        <model jcr:primaryType="nt:unstructured">
            <variations jcr:primaryType="nt:unstructured">
                <ar
                    jcr:description="\0"
                    jcr:mixinTypes="[cq:Taggable]"
                    jcr:primaryType="nt:unstructured"
                    jcr:title="Ar"
                    name="ar">
                    <properties
                        jcr:primaryType="nt:unstructured"
                        synchronizeWithVersion="[mainSectionTitle:e9470bfd-1b33-4bc3-92e1-0b8bc19b88e1,mainSection:e9470bfd-1b33-4bc3-92e1-0b8bc19b88e1,promoSection:e9470bfd-1b33-4bc3-92e1-0b8bc19b88e1,menuFooterSection:e9470bfd-1b33-4bc3-92e1-0b8bc19b88e1]"/>
                </ar>
            </variations>
        </model>
        <related jcr:primaryType="nt:unstructured"/>
    </jcr:content>
</jcr:root>
