<?xml version="1.0" encoding="UTF-8"?>
<jcr:root xmlns:jcr="http://www.jcp.org/jcr/1.0" xmlns:dam="http://www.day.com/dam/1.0" xmlns:nt="http://www.jcp.org/jcr/nt/1.0" xmlns:mix="http://www.jcp.org/jcr/mix/1.0" xmlns:cq="http://www.day.com/jcr/cq/1.0"
    jcr:isCheckedOut="{Boolean}true"
    jcr:mixinTypes="[cq:contentFragment,mix:referenceable,mix:versionable]"
    jcr:primaryType="dam:Asset"
    jcr:uuid="6a63b607-8be6-4596-a61f-47d93a421eb7">
    <jcr:content
        cq:isDelivered="{Boolean}false"
        cq:lastReplicated="{Date}2025-12-12T11:08:37.533Z"
        cq:lastReplicated_publish="{Date}2025-12-12T11:08:37.533Z"
        cq:lastReplicatedBy="workflow-process-service"
        cq:lastReplicatedBy_publish="workflow-process-service"
        cq:lastReplicationAction="Activate"
        cq:lastReplicationAction_publish="Activate"
        cq:name="sign-in"
        cq:parentPath="/content/dam/daas/cfm/header/top-navigation"
        jcr:lastModified="{Date}2025-11-28T13:11:04.739Z"
        jcr:lastModifiedBy="maripaul@eand.com"
        jcr:mixinTypes="[cq:ReplicationStatus,cq:ReplicationStatus2]"
        jcr:primaryType="dam:AssetContent"
        jcr:title="Sign In"
        contentFragment="{Boolean}true"
        lastFragmentSave="{Date}2025-11-28T13:11:04.739Z">
        <data
            cq:model="/conf/daas/settings/dam/cfm/models/business-mega-menu-main-section"
            jcr:primaryType="nt:unstructured"
            _strucVersion="{Long}1">
            <master
                jcr:mixinTypes="[cq:Taggable,dam:cfVariationNode]"
                jcr:primaryType="nt:unstructured"
                actionImage_x0040_LastModified="{Date}2025-11-28T13:08:30.110Z"
                mainSection_x0040_LastModified="{Date}2025-11-28T13:08:30.110Z"
                mainSectionLink="#"
                mainSectionLink_x0040_LastModified="{Date}2025-11-28T13:10:44.765Z"
                mainSectionLink_x0040_LastModifiedBy="maripaul@eand.com"
                mainSectionTitle="Sign In"
                mainSectionTitle_x0040_LastModified="{Date}2025-11-28T13:10:44.763Z"
                mainSectionTitle_x0040_LastModifiedBy="maripaul@eand.com"
                menuFooterSection_x0040_LastModified="{Date}2025-11-28T13:08:30.110Z"
                promoSection_x0040_LastModified="{Date}2025-11-28T13:08:30.110Z"
                sameTabOrNewTab="_self"
                sameTabOrNewTab_x0040_LastModified="{Date}2025-11-28T13:10:44.765Z"
                sameTabOrNewTab_x0040_LastModifiedBy="maripaul@eand.com">
                <card
                    jcr:primaryType="nt:unstructured"
                    assets="[]"
                    texts="[]"/>
            </master>
            <ar
                jcr:mixinTypes="[cq:Taggable,dam:cfVariationNode]"
                jcr:primaryType="nt:unstructured"
                _x0040_variationCreationDate="{Date}2025-11-28T13:10:50.210Z"
                actionImage_x0040_LastModified="{Date}2025-11-28T13:10:50.214Z"
                actionImage_x0040_LastModifiedBy="maripaul@eand.com"
                mainSection_x0040_LastModified="{Date}2025-11-28T13:10:50.214Z"
                mainSection_x0040_LastModifiedBy="maripaul@eand.com"
                mainSectionLink="#"
                mainSectionLink_x0040_LastModified="{Date}2025-11-28T13:10:50.212Z"
                mainSectionLink_x0040_LastModifiedBy="maripaul@eand.com"
                mainSectionTitle="تسجيل الدخول"
                mainSectionTitle_x0040_LastModified="{Date}2025-11-28T13:11:04.545Z"
                mainSectionTitle_x0040_LastModifiedBy="maripaul@eand.com"
                menuFooterSection_x0040_LastModified="{Date}2025-11-28T13:10:50.216Z"
                menuFooterSection_x0040_LastModifiedBy="maripaul@eand.com"
                promoSection_x0040_LastModified="{Date}2025-11-28T13:10:50.215Z"
                promoSection_x0040_LastModifiedBy="maripaul@eand.com"
                sameTabOrNewTab="_self"
                sameTabOrNewTab_x0040_LastModified="{Date}2025-11-28T13:10:50.213Z"
                sameTabOrNewTab_x0040_LastModifiedBy="maripaul@eand.com"/>
        </data>
        <indexedData jcr:primaryType="nt:unstructured">
            <master
                jcr:mixinTypes="[dam:IndexedFragmentData]"
                jcr:primaryType="nt:unstructured"
                jcr:uuid="b9e0a123-427e-4fbc-b6d9-f1985f65598c"
                _x0040_string_x0040_model="/conf/daas/settings/dam/cfm/models/business-mega-menu-main-section"
                _x0040_stringArray_x0040_variations="[ar]"
                string_x0040_mainSectionLink="#"
                string_x0040_mainSectionTitle="Sign In"
                string_x0040_sameTabOrNewTab="_self"/>
            <ar
                jcr:mixinTypes="[dam:IndexedFragmentData]"
                jcr:primaryType="nt:unstructured"
                jcr:uuid="fc29682b-bcf8-4a3d-8882-58e8f5aa3ee6"
                _x0040_string_x0040_model="/conf/daas/settings/dam/cfm/models/business-mega-menu-main-section"
                string_x0040_mainSectionLink="#"
                string_x0040_mainSectionTitle="تسجيل الدخول"
                string_x0040_sameTabOrNewTab="_self"/>
        </indexedData>
        <metadata
            jcr:mixinTypes="[cq:Taggable]"
            jcr:primaryType="nt:unstructured">
            <dam:cfVariations jcr:primaryType="nt:unstructured">
                <ar
                    jcr:mixinTypes="[cq:Taggable]"
                    jcr:primaryType="nt:unstructured"/>
            </dam:cfVariations>
        </metadata>
        <model jcr:primaryType="nt:unstructured">
            <variations jcr:primaryType="nt:unstructured">
                <ar
                    jcr:description="\0"
                    jcr:mixinTypes="[cq:Taggable]"
                    jcr:primaryType="nt:unstructured"
                    jcr:title="ar"
                    name="ar">
                    <properties
                        jcr:primaryType="nt:unstructured"
                        synchronizeWithVersion="[mainSectionTitle:ad73ef9c-2625-4c55-af61-bd897aa41b51,mainSectionLink:ad73ef9c-2625-4c55-af61-bd897aa41b51,sameTabOrNewTab:ad73ef9c-2625-4c55-af61-bd897aa41b51,actionImage:ad73ef9c-2625-4c55-af61-bd897aa41b51,mainSection:ad73ef9c-2625-4c55-af61-bd897aa41b51,promoSection:ad73ef9c-2625-4c55-af61-bd897aa41b51,menuFooterSection:ad73ef9c-2625-4c55-af61-bd897aa41b51]"/>
                </ar>
            </variations>
        </model>
        <related jcr:primaryType="nt:unstructured"/>
    </jcr:content>
</jcr:root>
