<?xml version="1.0" encoding="UTF-8"?>
<jcr:root xmlns:jcr="http://www.jcp.org/jcr/1.0" xmlns:dam="http://www.day.com/dam/1.0" xmlns:nt="http://www.jcp.org/jcr/nt/1.0" xmlns:mix="http://www.jcp.org/jcr/mix/1.0" xmlns:cq="http://www.day.com/jcr/cq/1.0"
    jcr:isCheckedOut="{Boolean}true"
    jcr:mixinTypes="[cq:contentFragment,mix:referenceable,mix:versionable]"
    jcr:primaryType="dam:Asset"
    jcr:uuid="288168f2-caca-41cd-8332-c15241b2ae42">
    <jcr:content
        cq:isDelivered="{Boolean}false"
        cq:lastModified="{Date}2025-11-28T15:48:23.709+05:30"
        cq:lastModifiedBy="admin"
        cq:lastReplicated="{Date}2025-12-12T11:11:25.622Z"
        cq:lastReplicated_publish="{Date}2025-12-12T11:11:25.622Z"
        cq:lastReplicatedBy="workflow-process-service"
        cq:lastReplicatedBy_publish="workflow-process-service"
        cq:lastReplicationAction="Activate"
        cq:lastReplicationAction_publish="Activate"
        cq:name="internet-&amp;-bundles"
        cq:parentPath="/content/dam/daas/cfm/footer-quicklinks/quick-links"
        jcr:lastModified="{Date}2023-10-22T08:50:21.253Z"
        jcr:lastModifiedBy="azaraheem@etisalat.ae"
        jcr:mixinTypes="[cq:ReplicationStatus,cq:ReplicationStatus2]"
        jcr:primaryType="dam:AssetContent"
        jcr:title="Internet &amp; Bundles"
        contentFragment="{Boolean}true"
        lastFragmentSave="{Date}2023-10-22T08:50:21.253Z">
        <data
            cq:model="/conf/daas/settings/dam/cfm/models/business-menu-generic-link"
            jcr:primaryType="nt:unstructured"
            _strucVersion="{Long}1">
            <master
                jcr:mixinTypes="[cq:Taggable,dam:cfVariationNode]"
                jcr:primaryType="nt:unstructured"
                actionImage_x0040_LastModified="{Date}2023-10-22T08:49:07.159Z"
                ctaText_x0040_LastModified="{Date}2023-10-22T08:49:07.159Z"
                linkType_x0040_LastModified="{Date}2023-10-22T08:49:07.159Z"
                sameTabOrNewTab="_self"
                sameTabOrNewTab_x0040_LastModified="{Date}2023-10-22T08:49:31.794Z"
                subDescription_x0040_LastModified="{Date}2023-10-22T08:49:07.159Z"
                subHeading="Internet &amp; Bundles"
                subHeading_x0040_LastModified="{Date}2023-10-22T08:49:31.793Z"
                subLink="#"
                subLink_x0040_LastModified="{Date}2023-10-22T08:49:31.794Z"/>
            <ar
                jcr:mixinTypes="[cq:Taggable,dam:cfVariationNode]"
                jcr:primaryType="nt:unstructured"
                _x0040_variationCreationDate="{Date}2023-10-22T08:50:10.596Z"
                actionImage_x0040_LastModified="{Date}2023-10-22T08:50:10.599Z"
                ctaText_x0040_LastModified="{Date}2023-10-22T08:50:10.598Z"
                linkType_x0040_LastModified="{Date}2023-10-22T08:50:10.598Z"
                sameTabOrNewTab="_self"
                sameTabOrNewTab_x0040_LastModified="{Date}2023-10-22T08:50:10.599Z"
                subDescription_x0040_LastModified="{Date}2023-10-22T08:50:10.598Z"
                subHeading="الإنترنت و المكالمات"
                subHeading_x0040_LastModified="{Date}2023-10-22T08:50:21.030Z"
                subLink="#"
                subLink_x0040_LastModified="{Date}2023-10-22T08:50:21.031Z"/>
        </data>
        <indexedData jcr:primaryType="nt:unstructured">
            <master
                jcr:mixinTypes="[dam:IndexedFragmentData]"
                jcr:primaryType="nt:unstructured"
                jcr:uuid="310bccf1-b37e-4aa4-9703-97be9eb3fc17"
                _x0040_string_x0040_model="/conf/daas/settings/dam/cfm/models/business-menu-generic-link"
                _x0040_stringArray_x0040_variations="[ar]"
                string_x0040_sameTabOrNewTab="_self"
                string_x0040_subHeading="Internet &amp; Bundles"
                string_x0040_subLink="#"/>
            <ar
                jcr:mixinTypes="[dam:IndexedFragmentData]"
                jcr:primaryType="nt:unstructured"
                jcr:uuid="6b5970bd-00be-4ed4-b7f7-a0b721d17cba"
                _x0040_string_x0040_model="/conf/daas/settings/dam/cfm/models/business-menu-generic-link"
                string_x0040_sameTabOrNewTab="_self"
                string_x0040_subHeading="الإنترنت و المكالمات"
                string_x0040_subLink="#"/>
        </indexedData>
        <metadata
            jcr:mixinTypes="[cq:Taggable]"
            jcr:primaryType="nt:unstructured"/>
        <model jcr:primaryType="nt:unstructured">
            <variations jcr:primaryType="nt:unstructured">
                <ar
                    jcr:description="\0"
                    jcr:mixinTypes="[cq:Taggable]"
                    jcr:primaryType="nt:unstructured"
                    jcr:title="Ar"
                    name="ar">
                    <properties
                        jcr:primaryType="nt:unstructured"
                        synchronizeWithVersion="[subHeading:405bcb5b-5251-42cf-8321-76a6512561a6,subDescription:405bcb5b-5251-42cf-8321-76a6512561a6,linkType:405bcb5b-5251-42cf-8321-76a6512561a6,ctaText:405bcb5b-5251-42cf-8321-76a6512561a6,subLink:405bcb5b-5251-42cf-8321-76a6512561a6,sameTabOrNewTab:405bcb5b-5251-42cf-8321-76a6512561a6,actionImage:405bcb5b-5251-42cf-8321-76a6512561a6]"/>
                </ar>
            </variations>
        </model>
        <related jcr:primaryType="nt:unstructured"/>
    </jcr:content>
</jcr:root>
