<?xml version="1.0" encoding="UTF-8"?>
<jcr:root xmlns:jcr="http://www.jcp.org/jcr/1.0" xmlns:dam="http://www.day.com/dam/1.0" xmlns:nt="http://www.jcp.org/jcr/nt/1.0" xmlns:mix="http://www.jcp.org/jcr/mix/1.0" xmlns:cq="http://www.day.com/jcr/cq/1.0"
    jcr:isCheckedOut="{Boolean}true"
    jcr:mixinTypes="[cq:contentFragment,mix:referenceable,mix:versionable]"
    jcr:primaryType="dam:Asset"
    jcr:uuid="b440338a-e641-4977-bfa4-1a28e91ec8bc">
    <jcr:content
        cq:isDelivered="{Boolean}false"
        cq:lastModified="{Date}2025-11-28T12:13:50.834Z"
        cq:lastModifiedBy="maripaul@eand.com"
        cq:lastReplicated="{Date}2025-12-12T11:08:27.477Z"
        cq:lastReplicated_publish="{Date}2025-12-12T11:08:27.477Z"
        cq:lastReplicatedBy="workflow-process-service"
        cq:lastReplicatedBy_publish="workflow-process-service"
        cq:lastReplicationAction="Activate"
        cq:lastReplicationAction_publish="Activate"
        cq:name="mobile-service-center"
        cq:parentPath="/content/dam/daas/cfm/header/mega-menu/mega-menu-footer"
        jcr:lastModified="{Date}2025-03-11T23:36:54.881Z"
        jcr:lastModifiedBy="suvenkatachalam@eand.com"
        jcr:mixinTypes="[cq:ReplicationStatus,cq:ReplicationStatus2]"
        jcr:primaryType="dam:AssetContent"
        jcr:title="Mobile Service Center"
        contentFragment="{Boolean}true"
        lastFragmentSave="{Date}2025-03-11T23:36:54.881Z">
        <data
            cq:model="/conf/daas/settings/dam/cfm/models/business-menu-generic-link"
            jcr:primaryType="nt:unstructured"
            _strucVersion="{Long}1">
            <master
                jcr:mixinTypes="[cq:Taggable,dam:cfVariationNode]"
                jcr:primaryType="nt:unstructured"
                actionImage_x0040_LastModified="{Date}2023-10-21T18:24:34.934Z"
                ctaText_x0040_LastModified="{Date}2023-10-21T18:24:34.934Z"
                linkType_x0040_LastModified="{Date}2023-10-21T18:24:34.934Z"
                sameTabOrNewTab="_self"
                sameTabOrNewTab_x0040_LastModified="{Date}2023-10-21T18:24:55.294Z"
                subDescription_x0040_LastModified="{Date}2023-10-21T18:24:34.934Z"
                subHeading="Mobile Service Center"
                subHeading_x0040_LastModified="{Date}2023-10-21T18:24:55.293Z"
                subLink="#"
                subLink_x0040_LastModified="{Date}2023-10-21T18:24:55.293Z"/>
            <ar
                jcr:mixinTypes="[cq:Taggable,dam:cfVariationNode]"
                jcr:primaryType="nt:unstructured"
                _x0040_variationCreationDate="{Date}2023-10-21T18:25:00.352Z"
                actionImage_x0040_LastModified="{Date}2023-10-21T18:25:00.356Z"
                ctaText_x0040_LastModified="{Date}2023-10-21T18:25:00.354Z"
                linkType_x0040_LastModified="{Date}2023-10-21T18:25:00.354Z"
                sameTabOrNewTab="_self"
                sameTabOrNewTab_x0040_LastModified="{Date}2023-10-21T18:25:00.355Z"
                subDescription_x0040_LastModified="{Date}2023-10-21T18:25:00.354Z"
                subHeading="مركزخدمات الموبايل"
                subHeading_x0040_LastModified="{Date}2023-10-21T18:25:19.031Z"
                subLink="#"
                subLink_x0040_LastModified="{Date}2025-03-11T23:36:38.771Z"
                subLink_x0040_LastModifiedBy="suvenkatachalam@eand.com"/>
        </data>
        <indexedData jcr:primaryType="nt:unstructured">
            <master
                jcr:mixinTypes="[dam:IndexedFragmentData]"
                jcr:primaryType="nt:unstructured"
                jcr:uuid="8156f47b-0a59-471b-9869-9a20d4f9c13d"
                _x0040_string_x0040_model="/conf/daas/settings/dam/cfm/models/business-menu-generic-link"
                _x0040_stringArray_x0040_variations="[ar]"
                string_x0040_sameTabOrNewTab="_self"
                string_x0040_subHeading="Mobile Service Center"
                string_x0040_subLink="#"/>
            <ar
                jcr:mixinTypes="[dam:IndexedFragmentData]"
                jcr:primaryType="nt:unstructured"
                jcr:uuid="9ad526a9-2a23-4ed8-afcb-8e7fcc367a06"
                _x0040_string_x0040_model="/conf/daas/settings/dam/cfm/models/business-menu-generic-link"
                string_x0040_sameTabOrNewTab="_self"
                string_x0040_subHeading="مركزخدمات الموبايل"
                string_x0040_subLink="#"/>
        </indexedData>
        <metadata
            jcr:mixinTypes="[cq:Taggable]"
            jcr:primaryType="nt:unstructured">
            <dam:cfVariations jcr:primaryType="nt:unstructured">
                <ar
                    jcr:mixinTypes="[cq:Taggable]"
                    jcr:primaryType="nt:unstructured"/>
            </dam:cfVariations>
        </metadata>
        <model jcr:primaryType="nt:unstructured">
            <variations jcr:primaryType="nt:unstructured">
                <ar
                    jcr:description="\0"
                    jcr:mixinTypes="[cq:Taggable]"
                    jcr:primaryType="nt:unstructured"
                    jcr:title="Ar"
                    name="ar">
                    <properties
                        jcr:primaryType="nt:unstructured"
                        synchronizeWithVersion="[subHeading:7e5cb7a2-613c-4b28-8bd0-792e84ba4144,subDescription:7e5cb7a2-613c-4b28-8bd0-792e84ba4144,linkType:7e5cb7a2-613c-4b28-8bd0-792e84ba4144,ctaText:7e5cb7a2-613c-4b28-8bd0-792e84ba4144,subLink:7e5cb7a2-613c-4b28-8bd0-792e84ba4144,sameTabOrNewTab:7e5cb7a2-613c-4b28-8bd0-792e84ba4144,actionImage:7e5cb7a2-613c-4b28-8bd0-792e84ba4144]"/>
                </ar>
            </variations>
        </model>
        <related jcr:primaryType="nt:unstructured"/>
    </jcr:content>
</jcr:root>
