<?xml version="1.0" encoding="UTF-8"?>
<jcr:root xmlns:jcr="http://www.jcp.org/jcr/1.0" xmlns:dam="http://www.day.com/dam/1.0" xmlns:nt="http://www.jcp.org/jcr/nt/1.0" xmlns:mix="http://www.jcp.org/jcr/mix/1.0" xmlns:cq="http://www.day.com/jcr/cq/1.0"
    jcr:isCheckedOut="{Boolean}true"
    jcr:mixinTypes="[cq:contentFragment,mix:referenceable,mix:versionable]"
    jcr:primaryType="dam:Asset"
    jcr:uuid="331965ea-0ee5-4dc1-99e8-c882ca0a099c">
    <jcr:content
        cq:isDelivered="{Boolean}false"
        cq:lastModified="{Date}2025-11-28T12:13:36.173Z"
        cq:lastModifiedBy="maripaul@eand.com"
        cq:lastReplicated="{Date}2025-12-12T11:08:37.533Z"
        cq:lastReplicated_publish="{Date}2025-12-12T11:08:37.533Z"
        cq:lastReplicatedBy="workflow-process-service"
        cq:lastReplicatedBy_publish="workflow-process-service"
        cq:lastReplicationAction="Activate"
        cq:lastReplicationAction_publish="Activate"
        cq:name="consumer"
        cq:parentPath="/content/dam/daas/cfm/header/top-navigation"
        jcr:lastModified="{Date}2025-12-11T13:42:24.215Z"
        jcr:lastModifiedBy="amaidheen@eand.com"
        jcr:mixinTypes="[cq:ReplicationStatus,cq:ReplicationStatus2]"
        jcr:primaryType="dam:AssetContent"
        jcr:title="Consumer"
        contentFragment="{Boolean}true"
        lastFragmentSave="{Date}2025-12-11T13:42:24.215Z">
        <data
            cq:model="/conf/daas/settings/dam/cfm/models/business-menu-generic-link"
            jcr:primaryType="nt:unstructured"
            _strucVersion="{Long}1">
            <master
                jcr:mixinTypes="[cq:Taggable,dam:cfVariationNode]"
                jcr:primaryType="nt:unstructured"
                actionImage_x0040_LastModified="{Date}2023-10-21T11:51:45.964Z"
                ctaText_x0040_LastModified="{Date}2023-10-21T11:51:45.964Z"
                linkType_x0040_LastModified="{Date}2023-10-21T11:51:45.964Z"
                sameTabOrNewTab="_self"
                sameTabOrNewTab_x0040_LastModified="{Date}2023-10-21T11:54:56.053Z"
                subDescription_x0040_LastModified="{Date}2023-10-21T11:51:45.964Z"
                subHeading="Consumer"
                subHeading_x0040_LastModified="{Date}2023-10-21T11:54:56.047Z"
                subLink="https://www.etisalat.ae/en/c/index.html"
                subLink_x0040_LastModified="{Date}2025-12-11T13:41:56.693Z"
                subLink_x0040_LastModifiedBy="amaidheen@eand.com">
                <card
                    jcr:primaryType="nt:unstructured"
                    assets="[]"
                    texts="[Consumer,#]"/>
            </master>
            <ar
                jcr:mixinTypes="[cq:Taggable,dam:cfVariationNode]"
                jcr:primaryType="nt:unstructured"
                _x0040_variationCreationDate="{Date}2023-10-21T11:55:40.176Z"
                actionImage_x0040_LastModified="{Date}2023-10-21T11:55:40.181Z"
                ctaText_x0040_LastModified="{Date}2023-10-21T11:55:40.180Z"
                linkType_x0040_LastModified="{Date}2023-10-21T11:55:40.180Z"
                sameTabOrNewTab="_self"
                sameTabOrNewTab_x0040_LastModified="{Date}2023-10-21T11:55:40.181Z"
                subDescription_x0040_LastModified="{Date}2023-10-21T11:55:40.180Z"
                subHeading="المستهلك"
                subHeading_x0040_LastModified="{Date}2023-10-21T11:56:34.945Z"
                subLink="https://www.etisalat.ae/ar/c/index.html"
                subLink_x0040_LastModified="{Date}2025-12-11T13:42:24.034Z"
                subLink_x0040_LastModifiedBy="amaidheen@eand.com"/>
        </data>
        <indexedData jcr:primaryType="nt:unstructured">
            <master
                jcr:mixinTypes="[dam:IndexedFragmentData]"
                jcr:primaryType="nt:unstructured"
                jcr:uuid="6c8dd658-35f2-4e28-bc05-af950ee9821c"
                _x0040_string_x0040_model="/conf/daas/settings/dam/cfm/models/business-menu-generic-link"
                _x0040_stringArray_x0040_variations="[ar]"
                string_x0040_sameTabOrNewTab="_self"
                string_x0040_subHeading="Consumer"
                string_x0040_subLink="https://www.etisalat.ae/en/c/index.html"/>
            <ar
                jcr:mixinTypes="[dam:IndexedFragmentData]"
                jcr:primaryType="nt:unstructured"
                jcr:uuid="f33d74c0-d8e6-41c9-93c3-17352615f333"
                _x0040_string_x0040_model="/conf/daas/settings/dam/cfm/models/business-menu-generic-link"
                string_x0040_sameTabOrNewTab="_self"
                string_x0040_subHeading="المستهلك"
                string_x0040_subLink="https://www.etisalat.ae/ar/c/index.html"/>
        </indexedData>
        <metadata
            jcr:mixinTypes="[cq:Taggable]"
            jcr:primaryType="nt:unstructured">
            <dam:cfVariations jcr:primaryType="nt:unstructured">
                <ar
                    jcr:mixinTypes="[cq:Taggable]"
                    jcr:primaryType="nt:unstructured"/>
            </dam:cfVariations>
        </metadata>
        <model jcr:primaryType="nt:unstructured">
            <variations jcr:primaryType="nt:unstructured">
                <ar
                    jcr:description="\0"
                    jcr:mixinTypes="[cq:Taggable]"
                    jcr:primaryType="nt:unstructured"
                    jcr:title="Ar"
                    name="ar">
                    <properties
                        jcr:primaryType="nt:unstructured"
                        synchronizeWithVersion="[subHeading:5e52532b-079b-44ab-83e6-46b99f71022f,subDescription:5e52532b-079b-44ab-83e6-46b99f71022f,linkType:5e52532b-079b-44ab-83e6-46b99f71022f,ctaText:5e52532b-079b-44ab-83e6-46b99f71022f,subLink:5e52532b-079b-44ab-83e6-46b99f71022f,sameTabOrNewTab:5e52532b-079b-44ab-83e6-46b99f71022f,actionImage:5e52532b-079b-44ab-83e6-46b99f71022f]"/>
                </ar>
            </variations>
        </model>
        <related jcr:primaryType="nt:unstructured"/>
    </jcr:content>
</jcr:root>
