<?xml version="1.0" encoding="UTF-8"?>
<jcr:root xmlns:jcr="http://www.jcp.org/jcr/1.0" xmlns:nt="http://www.jcp.org/jcr/nt/1.0" xmlns:granite="http://www.adobe.com/jcr/granite/1.0" xmlns:cq="http://www.day.com/jcr/cq/1.0" xmlns:sling="http://sling.apache.org/jcr/sling/1.0"
    jcr:primaryType="cq:Template"
    allowedPaths="[/content/entities(/.*)?]"
    ranking="{Long}100">
    <jcr:content
        cq:isDelivered="{Boolean}false"
        cq:lastModified="{Date}2025-11-28T07:14:31.922Z"
        cq:lastModifiedBy="maripaul@eand.com"
        cq:lastReplicated="{Date}2025-12-12T11:08:49.105Z"
        cq:lastReplicated_publish="{Date}2025-12-12T11:08:49.105Z"
        cq:lastReplicatedBy="amaidheen@eand.com"
        cq:lastReplicatedBy_publish="amaidheen@eand.com"
        cq:lastReplicationAction="Activate"
        cq:lastReplicationAction_publish="Activate"
        cq:scaffolding="/conf/daas/settings/dam/cfm/models/business-top-nav-drop-down-sec/jcr:content/model"
        cq:templateType="/libs/settings/dam/cfm/model-types/fragment"
        jcr:mixinTypes="[cq:ReplicationStatus2]"
        jcr:primaryType="cq:PageContent"
        jcr:title="Business-Top-Nav-Drop-Down-Sec"
        sling:resourceSuperType="dam/cfm/models/console/components/data/entity"
        sling:resourceType="dam/cfm/models/console/components/data/entity/default"
        isLocked="{Boolean}true"
        status="enabled">
        <metadata jcr:primaryType="nt:unstructured"/>
        <model
            cq:targetPath="/content/entities"
            jcr:primaryType="cq:PageContent"
            sling:resourceType="wcm/scaffolding/components/scaffolding"
            dataTypesConfig="/mnt/overlay/settings/dam/cfm/models/formbuilderconfig/datatypes"
            maxGeneratedOrder="20">
            <cq:dialog
                jcr:primaryType="nt:unstructured"
                sling:resourceType="cq/gui/components/authoring/dialog">
                <content
                    jcr:lastModified="{Date}2025-11-28T07:14:31.922Z"
                    jcr:lastModifiedBy="maripaul@eand.com"
                    jcr:primaryType="nt:unstructured"
                    sling:resourceType="granite/ui/components/coral/foundation/fixedcolumns">
                    <items
                        jcr:primaryType="nt:unstructured"
                        maxGeneratedOrder="20">
                        <_x0031_741946265809
                            jcr:primaryType="nt:unstructured"
                            sling:resourceType="granite/ui/components/coral/foundation/form/textfield"
                            fieldLabel="Sub Heading"
                            listOrder="1"
                            maxlength="255"
                            metaType="text-single"
                            name="subHeading"
                            renderReadOnly="false"
                            showEmptyInReadOnly="true"
                            valueType="string">
                            <granite:data jcr:primaryType="nt:unstructured"/>
                        </_x0031_741946265809>
                        <_x0031_727179958252
                            jcr:primaryType="nt:unstructured"
                            sling:resourceType="dam/cfm/models/editor/components/fragmentreference/multifield"
                            allowNew="{Boolean}true"
                            fieldLabel="Multiple Dropdown Items"
                            filter="hierarchy"
                            fragmentmodelreference="/conf/daas/settings/dam/cfm/models/business-menu-generic-link"
                            listOrder="8"
                            metaType="fragment-reference"
                            name="multipleDropdownItems"
                            nameSuffix="contentReference"
                            renderReadOnly="false"
                            rootPath="/content/dam/daas"
                            showEmptyInReadOnly="true"
                            valueType="string/content-fragment[]">
                            <granite:data jcr:primaryType="nt:unstructured"/>
                            <field
                                jcr:primaryType="nt:unstructured"
                                sling:resourceType="dam/cfm/models/editor/components/fragmentreference"
                                fragmentmodelreference="/conf/daas/settings/dam/cfm/models/business-menu-generic-link"
                                name="multipleDropdownItems"
                                renderReadOnly="false">
                                <granite:data jcr:primaryType="nt:unstructured"/>
                            </field>
                        </_x0031_727179958252>
                    </items>
                </content>
            </cq:dialog>
        </model>
        <change-register jcr:primaryType="nt:unstructured">
            <_x0031_756280775608
                jcr:primaryType="nt:unstructured"
                changePath="/conf/daas/settings/dam/cfm/models/business-top-nav-drop-down-sec/jcr:content/model/cq:dialog/content/items/1741946110444"
                elementPath="/conf/daas/settings/dam/cfm/models/business-top-nav-drop-down-sec/jcr:content/model/cq:dialog/content/items/1741946110444"
                modelChangeType="MODEL_FIELD_REMOVED"
                modelPath="/conf/daas/settings/dam/cfm/models/business-top-nav-drop-down-sec"/>
        </change-register>
    </jcr:content>
</jcr:root>
