<?xml version="1.0" encoding="UTF-8"?>
<jcr:root xmlns:jcr="http://www.jcp.org/jcr/1.0" xmlns:dam="http://www.day.com/dam/1.0" xmlns:nt="http://www.jcp.org/jcr/nt/1.0" xmlns:mix="http://www.jcp.org/jcr/mix/1.0" xmlns:cq="http://www.day.com/jcr/cq/1.0"
    jcr:isCheckedOut="{Boolean}true"
    jcr:mixinTypes="[mix:referenceable,mix:versionable]"
    jcr:primaryType="dam:Asset"
    jcr:uuid="7d1c8d18-6362-4e09-8ab0-f4e9bfd13dcd">
    <jcr:content
        cq:isDelivered="{Boolean}false"
        cq:lastReplicated="{Date}2025-04-08T09:50:50.047Z"
        cq:lastReplicated_publish="{Date}2025-04-08T09:50:50.047Z"
        cq:lastReplicatedBy="workflow-process-service"
        cq:lastReplicatedBy_publish="workflow-process-service"
        cq:lastReplicationAction="Activate"
        cq:lastReplicationAction_publish="Activate"
        cq:name="e&amp;capital"
        cq:parentPath="/content/dam/cfm-etisalat/smb/footer-quicklinks/quick-links"
        jcr:lastModified="{Date}2023-10-22T09:50:49.683Z"
        jcr:lastModifiedBy="azaraheem@etisalat.ae"
        jcr:mixinTypes="[cq:ReplicationStatus,cq:ReplicationStatus2]"
        jcr:primaryType="dam:AssetContent"
        jcr:title="e&amp;capital "
        contentFragment="{Boolean}true"
        lastFragmentSave="{Date}2023-10-22T09:50:49.683Z">
        <data
            cq:model="/conf/etisalat-business/settings/dam/cfm/models/business-menu-generic-link"
            jcr:primaryType="nt:unstructured"
            _strucVersion="{Long}1">
            <master
                jcr:mixinTypes="[cq:Taggable,dam:cfVariationNode]"
                jcr:primaryType="nt:unstructured"
                actionImage="/content/dam/cfm-etisalat/smb/images/actions-open-link.svg"
                actionImage_x0040_LastModified="{Date}2023-10-22T09:50:37.681Z"
                ctaText_x0040_LastModified="{Date}2023-10-22T09:29:56.520Z"
                linkType="[absolute]"
                linkType_x0040_LastModified="{Date}2023-10-22T09:30:50.596Z"
                sameTabOrNewTab="_blank"
                sameTabOrNewTab_x0040_LastModified="{Date}2023-10-22T09:30:50.597Z"
                subDescription_x0040_LastModified="{Date}2023-10-22T09:29:56.520Z"
                subHeading="e&amp;capital"
                subHeading_x0040_LastModified="{Date}2023-10-22T09:30:50.596Z"
                subLink="https://www.eand.com/en/capital.html"
                subLink_x0040_LastModified="{Date}2023-10-22T09:30:50.597Z"/>
            <ar
                jcr:mixinTypes="[cq:Taggable,dam:cfVariationNode]"
                jcr:primaryType="nt:unstructured"
                _x0040_variationCreationDate="{Date}2023-10-22T09:30:55.600Z"
                actionImage="/content/dam/cfm-etisalat/smb/images/actions-open-link.svg"
                actionImage_x0040_LastModified="{Date}2023-10-22T09:50:49.466Z"
                ctaText_x0040_LastModified="{Date}2023-10-22T09:30:55.602Z"
                linkType="[absolute]"
                linkType_x0040_LastModified="{Date}2023-10-22T09:30:55.601Z"
                sameTabOrNewTab="_blank"
                sameTabOrNewTab_x0040_LastModified="{Date}2023-10-22T09:30:55.602Z"
                subDescription_x0040_LastModified="{Date}2023-10-22T09:30:55.601Z"
                subHeading="الاستثمار &amp;e "
                subHeading_x0040_LastModified="{Date}2023-10-22T09:31:23.511Z"
                subLink="https://www.eand.com/ar/capital.html"
                subLink_x0040_LastModified="{Date}2023-10-22T09:31:23.511Z"/>
        </data>
        <indexedData jcr:primaryType="nt:unstructured">
            <master
                jcr:mixinTypes="[dam:IndexedFragmentData]"
                jcr:primaryType="nt:unstructured"
                jcr:uuid="b7e158d2-ee6a-4f0a-bd85-fac67348fb4c"
                _x0040_string_x0040_model="/conf/etisalat-business/settings/dam/cfm/models/business-menu-generic-link"
                _x0040_stringArray_x0040_variations="[ar]"
                string_x0040_sameTabOrNewTab="_blank"
                string_x0040_subHeading="e&amp;capital"
                string_x0040_subLink="https://www.eand.com/en/capital.html"
                stringArray_x0040_linkType="[absolute]"/>
            <ar
                jcr:mixinTypes="[dam:IndexedFragmentData]"
                jcr:primaryType="nt:unstructured"
                jcr:uuid="c2f71163-9166-44c0-b1f1-90246e44165c"
                _x0040_string_x0040_model="/conf/etisalat-business/settings/dam/cfm/models/business-menu-generic-link"
                string_x0040_sameTabOrNewTab="_blank"
                string_x0040_subHeading="الاستثمار &amp;e "
                string_x0040_subLink="https://www.eand.com/ar/capital.html"
                stringArray_x0040_linkType="[absolute]"/>
        </indexedData>
        <metadata
            jcr:mixinTypes="[cq:Taggable]"
            jcr:primaryType="nt:unstructured"/>
        <model jcr:primaryType="nt:unstructured">
            <variations jcr:primaryType="nt:unstructured">
                <ar
                    jcr:description="\0"
                    jcr:mixinTypes="[cq:Taggable]"
                    jcr:primaryType="nt:unstructured"
                    jcr:title="Ar"
                    name="ar">
                    <properties
                        jcr:primaryType="nt:unstructured"
                        synchronizeWithVersion="[subHeading:c21caeb1-a73e-4328-aa27-ad014082fa30,subDescription:c21caeb1-a73e-4328-aa27-ad014082fa30,linkType:c21caeb1-a73e-4328-aa27-ad014082fa30,ctaText:c21caeb1-a73e-4328-aa27-ad014082fa30,subLink:c21caeb1-a73e-4328-aa27-ad014082fa30,sameTabOrNewTab:c21caeb1-a73e-4328-aa27-ad014082fa30,actionImage:c21caeb1-a73e-4328-aa27-ad014082fa30]"/>
                </ar>
            </variations>
        </model>
        <related jcr:primaryType="nt:unstructured"/>
    </jcr:content>
</jcr:root>
