<?xml version="1.0" encoding="UTF-8"?>
<jcr:root xmlns:jcr="http://www.jcp.org/jcr/1.0" xmlns:dam="http://www.day.com/dam/1.0" xmlns:nt="http://www.jcp.org/jcr/nt/1.0" xmlns:mix="http://www.jcp.org/jcr/mix/1.0" xmlns:cq="http://www.day.com/jcr/cq/1.0"
    jcr:isCheckedOut="{Boolean}true"
    jcr:mixinTypes="[cq:contentFragment,mix:referenceable,mix:versionable]"
    jcr:primaryType="dam:Asset"
    jcr:uuid="933770b3-d906-4814-8d9c-9577e9526834">
    <jcr:content
        cq:isDelivered="{Boolean}false"
        cq:lastModified="{Date}2025-11-28T12:13:40.137Z"
        cq:lastModifiedBy="maripaul@eand.com"
        cq:lastReplicated="{Date}2025-12-12T11:08:27.477Z"
        cq:lastReplicated_publish="{Date}2025-12-12T11:08:27.477Z"
        cq:lastReplicatedBy="workflow-process-service"
        cq:lastReplicatedBy_publish="workflow-process-service"
        cq:lastReplicationAction="Activate"
        cq:lastReplicationAction_publish="Activate"
        cq:name="hospitality-and-tourism"
        cq:parentPath="/content/dam/daas/cfm/header/mega-menu"
        jcr:lastModified="{Date}2025-03-11T21:56:09.396Z"
        jcr:lastModifiedBy="suvenkatachalam@eand.com"
        jcr:mixinTypes="[cq:ReplicationStatus,cq:ReplicationStatus2]"
        jcr:primaryType="dam:AssetContent"
        jcr:title="Hospitality &amp; Tourism"
        contentFragment="{Boolean}true"
        lastFragmentSave="{Date}2025-03-11T21:56:09.396Z">
        <data
            cq:model="/conf/daas/settings/dam/cfm/models/business-menu-generic-link"
            jcr:primaryType="nt:unstructured"
            _strucVersion="{Long}1">
            <master
                jcr:mixinTypes="[cq:Taggable,dam:cfVariationNode]"
                jcr:primaryType="nt:unstructured"
                actionImage_x0040_LastModified="{Date}2023-10-21T18:53:29.030Z"
                ctaText_x0040_LastModified="{Date}2023-10-21T18:53:29.030Z"
                linkType_x0040_LastModified="{Date}2023-10-21T18:53:29.030Z"
                sameTabOrNewTab="_self"
                sameTabOrNewTab_x0040_LastModified="{Date}2023-10-21T18:53:46.732Z"
                subDescription_x0040_LastModified="{Date}2023-10-21T18:53:29.030Z"
                subHeading="Hospitality &amp; Tourism"
                subHeading_x0040_LastModified="{Date}2023-10-21T18:53:46.728Z"
                subLink="#"
                subLink_x0040_LastModified="{Date}2023-10-21T18:53:46.731Z"/>
            <ar
                jcr:mixinTypes="[cq:Taggable,dam:cfVariationNode]"
                jcr:primaryType="nt:unstructured"
                _x0040_variationCreationDate="{Date}2023-10-21T18:53:51.693Z"
                actionImage_x0040_LastModified="{Date}2023-10-21T18:53:51.696Z"
                ctaText_x0040_LastModified="{Date}2023-10-21T18:53:51.695Z"
                linkType_x0040_LastModified="{Date}2023-10-21T18:53:51.695Z"
                sameTabOrNewTab="_self"
                sameTabOrNewTab_x0040_LastModified="{Date}2023-10-21T18:53:51.696Z"
                subDescription_x0040_LastModified="{Date}2023-10-21T18:53:51.695Z"
                subHeading="السّياحة و الضيافة"
                subHeading_x0040_LastModified="{Date}2023-10-21T18:54:05.707Z"
                subLink="#"
                subLink_x0040_LastModified="{Date}2023-10-21T18:54:05.708Z"/>
        </data>
        <indexedData jcr:primaryType="nt:unstructured">
            <master
                jcr:mixinTypes="[dam:IndexedFragmentData]"
                jcr:primaryType="nt:unstructured"
                jcr:uuid="03610889-38da-4ffd-818d-d698b7a6b772"
                _x0040_string_x0040_model="/conf/daas/settings/dam/cfm/models/business-menu-generic-link"
                _x0040_stringArray_x0040_variations="[ar]"
                string_x0040_sameTabOrNewTab="_self"
                string_x0040_subHeading="Hospitality &amp; Tourism"
                string_x0040_subLink="#"/>
            <ar
                jcr:mixinTypes="[dam:IndexedFragmentData]"
                jcr:primaryType="nt:unstructured"
                jcr:uuid="76357015-abcf-42d8-a061-27cad1ac7a5f"
                _x0040_string_x0040_model="/conf/daas/settings/dam/cfm/models/business-menu-generic-link"
                string_x0040_sameTabOrNewTab="_self"
                string_x0040_subHeading="السّياحة و الضيافة"
                string_x0040_subLink="#"/>
        </indexedData>
        <metadata
            jcr:mixinTypes="[cq:Taggable]"
            jcr:primaryType="nt:unstructured">
            <dam:cfVariations jcr:primaryType="nt:unstructured">
                <ar
                    jcr:mixinTypes="[cq:Taggable]"
                    jcr:primaryType="nt:unstructured"/>
            </dam:cfVariations>
        </metadata>
        <model jcr:primaryType="nt:unstructured">
            <variations jcr:primaryType="nt:unstructured">
                <ar
                    jcr:description="\0"
                    jcr:mixinTypes="[cq:Taggable]"
                    jcr:primaryType="nt:unstructured"
                    jcr:title="Ar"
                    name="ar">
                    <properties
                        jcr:primaryType="nt:unstructured"
                        synchronizeWithVersion="[subHeading:260482e5-647c-44ca-b55a-0b1bedb0067f,subDescription:260482e5-647c-44ca-b55a-0b1bedb0067f,linkType:260482e5-647c-44ca-b55a-0b1bedb0067f,ctaText:260482e5-647c-44ca-b55a-0b1bedb0067f,subLink:260482e5-647c-44ca-b55a-0b1bedb0067f,sameTabOrNewTab:260482e5-647c-44ca-b55a-0b1bedb0067f,actionImage:260482e5-647c-44ca-b55a-0b1bedb0067f]"/>
                </ar>
            </variations>
        </model>
        <related jcr:primaryType="nt:unstructured"/>
    </jcr:content>
</jcr:root>
