<?xml version="1.0" encoding="UTF-8"?>
<jcr:root xmlns:jcr="http://www.jcp.org/jcr/1.0" xmlns:dam="http://www.day.com/dam/1.0" xmlns:nt="http://www.jcp.org/jcr/nt/1.0" xmlns:mix="http://www.jcp.org/jcr/mix/1.0" xmlns:cq="http://www.day.com/jcr/cq/1.0"
    jcr:isCheckedOut="{Boolean}true"
    jcr:mixinTypes="[mix:referenceable,mix:versionable]"
    jcr:primaryType="dam:Asset"
    jcr:uuid="b313571c-f9e9-45f0-ba56-6e342fc4b8ac">
    <jcr:content
        cq:isDelivered="{Boolean}false"
        cq:lastModified="{Date}2023-10-22T08:46:45.422Z"
        cq:lastModifiedBy="azaraheem@etisalat.ae"
        cq:lastReplicated="{Date}2025-04-08T09:50:50.047Z"
        cq:lastReplicated_publish="{Date}2025-04-08T09:50:50.047Z"
        cq:lastReplicatedBy="workflow-process-service"
        cq:lastReplicatedBy_publish="workflow-process-service"
        cq:lastReplicationAction="Activate"
        cq:lastReplicationAction_publish="Activate"
        cq:name="mobile-plans"
        cq:parentPath="/content/dam/cfm-etisalat/smb/footer-quicklinks/quick-links"
        jcr:lastModified="{Date}2023-10-22T08:48:25.626Z"
        jcr:lastModifiedBy="azaraheem@etisalat.ae"
        jcr:mixinTypes="[cq:ReplicationStatus,cq:ReplicationStatus2]"
        jcr:primaryType="dam:AssetContent"
        jcr:title="Mobile Plans"
        contentFragment="{Boolean}true"
        lastFragmentSave="{Date}2023-10-22T08:48:25.626Z">
        <data
            cq:model="/conf/etisalat-business/settings/dam/cfm/models/business-menu-generic-link"
            jcr:primaryType="nt:unstructured"
            _strucVersion="{Long}1">
            <master
                jcr:mixinTypes="[cq:Taggable,dam:cfVariationNode]"
                jcr:primaryType="nt:unstructured"
                actionImage_x0040_LastModified="{Date}2023-10-21T16:52:27.526Z"
                ctaText_x0040_LastModified="{Date}2023-10-21T16:52:27.526Z"
                linkType_x0040_LastModified="{Date}2023-10-21T16:52:27.526Z"
                sameTabOrNewTab="_self"
                sameTabOrNewTab_x0040_LastModified="{Date}2023-10-21T16:53:44.008Z"
                subDescription_x0040_LastModified="{Date}2023-10-21T16:52:27.526Z"
                subHeading="Mobile Plans"
                subHeading_x0040_LastModified="{Date}2023-10-22T08:48:01.175Z"
                subLink="/en/smb/products/mobile/mobile-plans.html"
                subLink_x0040_LastModified="{Date}2023-10-21T16:53:44.007Z"/>
            <ar
                jcr:mixinTypes="[cq:Taggable,dam:cfVariationNode]"
                jcr:primaryType="nt:unstructured"
                _x0040_variationCreationDate="{Date}2023-10-21T16:53:50.920Z"
                actionImage_x0040_LastModified="{Date}2023-10-21T16:53:50.922Z"
                ctaText_x0040_LastModified="{Date}2023-10-21T16:53:50.921Z"
                linkType_x0040_LastModified="{Date}2023-10-21T16:53:50.921Z"
                sameTabOrNewTab="_self"
                sameTabOrNewTab_x0040_LastModified="{Date}2023-10-21T16:53:50.922Z"
                subDescription_x0040_LastModified="{Date}2023-10-21T16:53:50.921Z"
                subHeading="باقات الموبايل"
                subHeading_x0040_LastModified="{Date}2023-10-22T08:48:25.416Z"
                subLink="/ar/smb/products/mobile/mobile-plans.html"
                subLink_x0040_LastModified="{Date}2023-10-21T16:54:11.165Z"/>
        </data>
        <indexedData jcr:primaryType="nt:unstructured">
            <master
                jcr:mixinTypes="[dam:IndexedFragmentData]"
                jcr:primaryType="nt:unstructured"
                jcr:uuid="1bec5b86-c93a-4aa1-9c85-e00d247a57b5"
                _x0040_string_x0040_model="/conf/etisalat-business/settings/dam/cfm/models/business-menu-generic-link"
                _x0040_stringArray_x0040_variations="[ar]"
                string_x0040_sameTabOrNewTab="_self"
                string_x0040_subHeading="Mobile Plans"
                string_x0040_subLink="/en/smb/products/mobile/mobile-plans.html"/>
            <ar
                jcr:mixinTypes="[dam:IndexedFragmentData]"
                jcr:primaryType="nt:unstructured"
                jcr:uuid="0d7f7b8f-e9c3-4e02-a024-346925fd617c"
                _x0040_string_x0040_model="/conf/etisalat-business/settings/dam/cfm/models/business-menu-generic-link"
                string_x0040_sameTabOrNewTab="_self"
                string_x0040_subHeading="باقات الموبايل"
                string_x0040_subLink="/ar/smb/products/mobile/mobile-plans.html"/>
        </indexedData>
        <metadata
            jcr:mixinTypes="[cq:Taggable]"
            jcr:primaryType="nt:unstructured"/>
        <model jcr:primaryType="nt:unstructured">
            <variations jcr:primaryType="nt:unstructured">
                <ar
                    jcr:description="\0"
                    jcr:mixinTypes="[cq:Taggable]"
                    jcr:primaryType="nt:unstructured"
                    jcr:title="Ar"
                    name="ar">
                    <properties
                        jcr:primaryType="nt:unstructured"
                        synchronizeWithVersion="[subHeading:e108e2e4-3394-4fd5-ab09-08f714d5546c,subDescription:e108e2e4-3394-4fd5-ab09-08f714d5546c,linkType:e108e2e4-3394-4fd5-ab09-08f714d5546c,ctaText:e108e2e4-3394-4fd5-ab09-08f714d5546c,subLink:e108e2e4-3394-4fd5-ab09-08f714d5546c,sameTabOrNewTab:e108e2e4-3394-4fd5-ab09-08f714d5546c,actionImage:e108e2e4-3394-4fd5-ab09-08f714d5546c]"/>
                </ar>
            </variations>
        </model>
        <related jcr:primaryType="nt:unstructured"/>
    </jcr:content>
</jcr:root>
