<?xml version="1.0" encoding="UTF-8"?>
<jcr:root xmlns:jcr="http://www.jcp.org/jcr/1.0" xmlns:dam="http://www.day.com/dam/1.0" xmlns:nt="http://www.jcp.org/jcr/nt/1.0" xmlns:mix="http://www.jcp.org/jcr/mix/1.0" xmlns:cq="http://www.day.com/jcr/cq/1.0"
    jcr:isCheckedOut="{Boolean}true"
    jcr:mixinTypes="[cq:contentFragment,mix:referenceable,mix:versionable]"
    jcr:primaryType="dam:Asset"
    jcr:uuid="8fd55072-7c64-488b-8118-c236d54e8e01">
    <jcr:content
        cq:isDelivered="{Boolean}false"
        cq:lastModified="{Date}2025-11-28T15:48:23.979+05:30"
        cq:lastModifiedBy="admin"
        cq:lastReplicated="{Date}2025-12-12T11:11:25.622Z"
        cq:lastReplicated_publish="{Date}2025-12-12T11:11:25.622Z"
        cq:lastReplicatedBy="workflow-process-service"
        cq:lastReplicatedBy_publish="workflow-process-service"
        cq:lastReplicationAction="Activate"
        cq:lastReplicationAction_publish="Activate"
        cq:name="e&amp;"
        cq:parentPath="/content/dam/daas/cfm/footer-quicklinks/quick-links"
        jcr:lastModified="{Date}2025-12-05T14:49:32.954Z"
        jcr:lastModifiedBy="amaidheen@eand.com"
        jcr:mixinTypes="[cq:ReplicationStatus,cq:ReplicationStatus2]"
        jcr:primaryType="dam:AssetContent"
        jcr:title="e&amp; "
        contentFragment="{Boolean}true"
        lastFragmentSave="{Date}2025-12-05T14:49:32.954Z">
        <data
            cq:model="/conf/daas/settings/dam/cfm/models/business-menu-generic-link"
            jcr:primaryType="nt:unstructured"
            _strucVersion="{Long}1">
            <master
                jcr:mixinTypes="[cq:Taggable,dam:cfVariationNode]"
                jcr:primaryType="nt:unstructured"
                actionImage="/content/dam/daas/cfm/footer/images/actions-open-link.svg"
                actionImage_x0040_LastModified="{Date}2025-11-28T14:10:55.802Z"
                actionImage_x0040_LastModifiedBy="maripaul@eand.com"
                ctaText_x0040_LastModified="{Date}2023-10-22T09:23:43.794Z"
                linkType="[absolute]"
                linkType_x0040_LastModified="{Date}2023-10-22T09:24:43.619Z"
                sameTabOrNewTab="_blank"
                sameTabOrNewTab_x0040_LastModified="{Date}2023-10-22T09:24:43.620Z"
                subDescription_x0040_LastModified="{Date}2023-10-22T09:23:43.794Z"
                subHeading="e&amp;"
                subHeading_x0040_LastModified="{Date}2023-10-22T09:24:43.618Z"
                subLink="#"
                subLink_x0040_LastModified="{Date}2025-12-05T14:49:28.048Z"
                subLink_x0040_LastModifiedBy="amaidheen@eand.com">
                <card
                    jcr:primaryType="nt:unstructured"
                    assets="[&quot;/content/dam/daas/cfm/images/actions-open-link.svg&quot;]"
                    texts="[e&amp;,https:#]"/>
            </master>
            <ar
                jcr:mixinTypes="[cq:Taggable,dam:cfVariationNode]"
                jcr:primaryType="nt:unstructured"
                _x0040_variationCreationDate="{Date}2023-10-22T09:24:49.934Z"
                actionImage="/content/dam/daas/cfm/footer/images/actions-open-link.svg"
                actionImage_x0040_LastModified="{Date}2025-11-28T14:11:06.842Z"
                actionImage_x0040_LastModifiedBy="maripaul@eand.com"
                ctaText_x0040_LastModified="{Date}2023-10-22T09:24:49.936Z"
                linkType="[absolute]"
                linkType_x0040_LastModified="{Date}2023-10-22T09:24:49.936Z"
                sameTabOrNewTab="_blank"
                sameTabOrNewTab_x0040_LastModified="{Date}2023-10-22T09:24:49.937Z"
                subDescription_x0040_LastModified="{Date}2023-10-22T09:24:49.935Z"
                subHeading="e&amp;"
                subHeading_x0040_LastModified="{Date}2023-10-22T09:24:49.935Z"
                subLink="#"
                subLink_x0040_LastModified="{Date}2025-12-05T14:49:32.788Z"
                subLink_x0040_LastModifiedBy="amaidheen@eand.com"/>
        </data>
        <indexedData jcr:primaryType="nt:unstructured">
            <master
                jcr:mixinTypes="[dam:IndexedFragmentData]"
                jcr:primaryType="nt:unstructured"
                jcr:uuid="00823f7b-6a2d-4332-9f52-9ea665a6f3dc"
                _x0040_string_x0040_model="/conf/daas/settings/dam/cfm/models/business-menu-generic-link"
                _x0040_stringArray_x0040_variations="[ar]"
                string_x0040_sameTabOrNewTab="_blank"
                string_x0040_subHeading="e&amp;"
                string_x0040_subLink="#"
                stringArray_x0040_linkType="[absolute]"/>
            <ar
                jcr:mixinTypes="[dam:IndexedFragmentData]"
                jcr:primaryType="nt:unstructured"
                jcr:uuid="17de188d-b12d-44e4-81e3-73534f51083f"
                _x0040_string_x0040_model="/conf/daas/settings/dam/cfm/models/business-menu-generic-link"
                string_x0040_sameTabOrNewTab="_blank"
                string_x0040_subHeading="e&amp;"
                string_x0040_subLink="#"
                stringArray_x0040_linkType="[absolute]"/>
        </indexedData>
        <metadata
            jcr:mixinTypes="[cq:Taggable]"
            jcr:primaryType="nt:unstructured">
            <dam:cfVariations jcr:primaryType="nt:unstructured">
                <ar
                    jcr:mixinTypes="[cq:Taggable]"
                    jcr:primaryType="nt:unstructured"/>
            </dam:cfVariations>
        </metadata>
        <model jcr:primaryType="nt:unstructured">
            <variations jcr:primaryType="nt:unstructured">
                <ar
                    jcr:description="\0"
                    jcr:mixinTypes="[cq:Taggable]"
                    jcr:primaryType="nt:unstructured"
                    jcr:title="Ar"
                    name="ar">
                    <properties
                        jcr:primaryType="nt:unstructured"
                        synchronizeWithVersion="[subHeading:b83ea014-72e7-4dff-aa5e-b31e6c1541e1,subDescription:b83ea014-72e7-4dff-aa5e-b31e6c1541e1,linkType:b83ea014-72e7-4dff-aa5e-b31e6c1541e1,ctaText:b83ea014-72e7-4dff-aa5e-b31e6c1541e1,subLink:b83ea014-72e7-4dff-aa5e-b31e6c1541e1,sameTabOrNewTab:b83ea014-72e7-4dff-aa5e-b31e6c1541e1,actionImage:b83ea014-72e7-4dff-aa5e-b31e6c1541e1]"/>
                </ar>
            </variations>
        </model>
        <related jcr:primaryType="nt:unstructured"/>
    </jcr:content>
</jcr:root>
