<?xml version="1.0" encoding="UTF-8"?>
<jcr:root xmlns:jcr="http://www.jcp.org/jcr/1.0" xmlns:dam="http://www.day.com/dam/1.0" xmlns:nt="http://www.jcp.org/jcr/nt/1.0" xmlns:mix="http://www.jcp.org/jcr/mix/1.0" xmlns:cq="http://www.day.com/jcr/cq/1.0"
    jcr:isCheckedOut="{Boolean}true"
    jcr:mixinTypes="[cq:contentFragment,mix:referenceable,mix:versionable]"
    jcr:primaryType="dam:Asset"
    jcr:uuid="f749131b-42f0-42ad-8550-a7c528c272ae">
    <jcr:content
        cq:isDelivered="{Boolean}false"
        cq:lastModified="{Date}2025-11-28T12:13:37.346Z"
        cq:lastModifiedBy="maripaul@eand.com"
        cq:lastReplicated="{Date}2025-12-12T11:08:37.533Z"
        cq:lastReplicated_publish="{Date}2025-12-12T11:08:37.533Z"
        cq:lastReplicatedBy="workflow-process-service"
        cq:lastReplicatedBy_publish="workflow-process-service"
        cq:lastReplicationAction="Activate"
        cq:lastReplicationAction_publish="Activate"
        cq:name="my-account"
        cq:parentPath="/content/dam/daas/cfm/header/top-navigation"
        jcr:lastModified="{Date}2025-03-13T07:23:17.657Z"
        jcr:lastModifiedBy="suvenkatachalam@eand.com"
        jcr:mixinTypes="[cq:ReplicationStatus,cq:ReplicationStatus2]"
        jcr:primaryType="dam:AssetContent"
        jcr:title="My Account"
        contentFragment="{Boolean}true"
        lastFragmentSave="{Date}2025-03-13T07:23:17.657Z">
        <data
            cq:model="/conf/daas/settings/dam/cfm/models/business-mega-menu-main-section"
            jcr:primaryType="nt:unstructured"
            _strucVersion="{Long}1">
            <master
                jcr:mixinTypes="[cq:Taggable,dam:cfVariationNode]"
                jcr:primaryType="nt:unstructured"
                actionImage="/content/dam/etisalat/svg-icons/profile-icon.svg"
                actionImage_x0040_LastModified="{Date}2025-03-13T07:23:08.538Z"
                actionImage_x0040_LastModifiedBy="suvenkatachalam@eand.com"
                mainSection="[/content/dam/daas/cfm/header/top-navigation/my-account-sub-section]"
                mainSection_x0040_LastModified="{Date}2023-10-21T20:30:31.526Z"
                mainSectionTitle="My Account"
                mainSectionTitle_x0040_LastModified="{Date}2023-10-21T20:30:31.526Z"
                menuFooterSection_x0040_LastModified="{Date}2023-10-21T20:23:42.878Z"
                promoSection_x0040_LastModified="{Date}2023-10-21T20:23:42.878Z">
                <card
                    jcr:primaryType="nt:unstructured"
                    assets="[&quot;/content/dam/etisalat/svg-icons/profile-icon.svg&quot;]"
                    texts="[My Account]"/>
            </master>
            <ar
                jcr:mixinTypes="[cq:Taggable,dam:cfVariationNode]"
                jcr:primaryType="nt:unstructured"
                _x0040_variationCreationDate="{Date}2023-10-21T20:30:36.133Z"
                actionImage="/content/dam/etisalat/svg-icons/profile-icon.svg"
                actionImage_x0040_LastModified="{Date}2025-03-13T07:23:17.408Z"
                actionImage_x0040_LastModifiedBy="suvenkatachalam@eand.com"
                mainSection="[/content/dam/daas/cfm/header/top-navigation/my-account-sub-section]"
                mainSection_x0040_LastModified="{Date}2023-10-21T20:30:36.135Z"
                mainSectionTitle="حسابي"
                mainSectionTitle_x0040_LastModified="{Date}2023-10-21T20:31:07.290Z"
                menuFooterSection_x0040_LastModified="{Date}2023-10-21T20:30:36.135Z"
                promoSection_x0040_LastModified="{Date}2023-10-21T20:30:36.135Z"/>
        </data>
        <indexedData jcr:primaryType="nt:unstructured">
            <master
                jcr:mixinTypes="[dam:IndexedFragmentData]"
                jcr:primaryType="nt:unstructured"
                jcr:uuid="93b9e2fa-329f-478a-919f-5885c0bf9010"
                _x0040_string_x0040_model="/conf/daas/settings/dam/cfm/models/business-mega-menu-main-section"
                _x0040_stringArray_x0040_variations="[ar]"
                string_x0040_mainSectionTitle="My Account"/>
            <ar
                jcr:mixinTypes="[dam:IndexedFragmentData]"
                jcr:primaryType="nt:unstructured"
                jcr:uuid="f89f034f-4fb3-4a98-a90a-537874c508ff"
                _x0040_string_x0040_model="/conf/daas/settings/dam/cfm/models/business-mega-menu-main-section"
                string_x0040_mainSectionTitle="حسابي"/>
        </indexedData>
        <metadata
            jcr:mixinTypes="[cq:Taggable]"
            jcr:primaryType="nt:unstructured">
            <dam:cfVariations jcr:primaryType="nt:unstructured">
                <ar
                    jcr:mixinTypes="[cq:Taggable]"
                    jcr:primaryType="nt:unstructured"/>
            </dam:cfVariations>
        </metadata>
        <model jcr:primaryType="nt:unstructured">
            <variations jcr:primaryType="nt:unstructured">
                <ar
                    jcr:description="\0"
                    jcr:mixinTypes="[cq:Taggable]"
                    jcr:primaryType="nt:unstructured"
                    jcr:title="Ar"
                    name="ar">
                    <properties
                        jcr:primaryType="nt:unstructured"
                        synchronizeWithVersion="[mainSectionTitle:39282e35-4606-4527-8ef8-68fd4ee4bf36,mainSection:39282e35-4606-4527-8ef8-68fd4ee4bf36,promoSection:39282e35-4606-4527-8ef8-68fd4ee4bf36,menuFooterSection:39282e35-4606-4527-8ef8-68fd4ee4bf36]"/>
                </ar>
            </variations>
        </model>
        <related jcr:primaryType="nt:unstructured"/>
    </jcr:content>
</jcr:root>
