<?xml version="1.0" encoding="UTF-8"?>
<jcr:root xmlns:jcr="http://www.jcp.org/jcr/1.0" xmlns:dam="http://www.day.com/dam/1.0" xmlns:nt="http://www.jcp.org/jcr/nt/1.0" xmlns:mix="http://www.jcp.org/jcr/mix/1.0" xmlns:cq="http://www.day.com/jcr/cq/1.0"
    jcr:isCheckedOut="{Boolean}true"
    jcr:mixinTypes="[cq:contentFragment,mix:referenceable,mix:versionable]"
    jcr:primaryType="dam:Asset"
    jcr:uuid="9a85398f-9763-4408-8b65-88295e64a6a7">
    <jcr:content
        cq:isDelivered="{Boolean}false"
        cq:lastModified="{Date}2025-11-28T12:13:41.130Z"
        cq:lastModifiedBy="maripaul@eand.com"
        cq:lastReplicated="{Date}2025-12-12T11:08:27.477Z"
        cq:lastReplicated_publish="{Date}2025-12-12T11:08:27.477Z"
        cq:lastReplicatedBy="workflow-process-service"
        cq:lastReplicatedBy_publish="workflow-process-service"
        cq:lastReplicationAction="Activate"
        cq:lastReplicationAction_publish="Activate"
        cq:name="remote-working"
        cq:parentPath="/content/dam/daas/cfm/header/mega-menu"
        jcr:lastModified="{Date}2025-03-11T22:19:37.665Z"
        jcr:lastModifiedBy="suvenkatachalam@eand.com"
        jcr:mixinTypes="[cq:ReplicationStatus,cq:ReplicationStatus2]"
        jcr:primaryType="dam:AssetContent"
        jcr:title="Remote Working"
        contentFragment="{Boolean}true"
        lastFragmentSave="{Date}2025-03-11T22:19:37.665Z">
        <data
            cq:model="/conf/daas/settings/dam/cfm/models/business-menu-generic-link"
            jcr:primaryType="nt:unstructured"
            _strucVersion="{Long}1">
            <master
                jcr:mixinTypes="[cq:Taggable,dam:cfVariationNode]"
                jcr:primaryType="nt:unstructured"
                actionImage_x0040_LastModified="{Date}2023-10-21T19:07:12.353Z"
                ctaText_x0040_LastModified="{Date}2023-10-21T19:07:12.353Z"
                linkType_x0040_LastModified="{Date}2023-10-21T19:07:12.353Z"
                sameTabOrNewTab="_self"
                sameTabOrNewTab_x0040_LastModified="{Date}2023-10-21T19:07:29.766Z"
                subDescription_x0040_LastModified="{Date}2023-10-21T19:07:12.353Z"
                subHeading="Remote Working"
                subHeading_x0040_LastModified="{Date}2023-10-21T19:07:29.765Z"
                subLink="#"
                subLink_x0040_LastModified="{Date}2023-10-21T19:07:29.765Z"/>
            <ar
                jcr:mixinTypes="[cq:Taggable,dam:cfVariationNode]"
                jcr:primaryType="nt:unstructured"
                _x0040_variationCreationDate="{Date}2023-10-21T19:07:34.964Z"
                actionImage_x0040_LastModified="{Date}2023-10-21T19:07:34.966Z"
                ctaText_x0040_LastModified="{Date}2023-10-21T19:07:34.965Z"
                linkType_x0040_LastModified="{Date}2023-10-21T19:07:34.965Z"
                sameTabOrNewTab="_self"
                sameTabOrNewTab_x0040_LastModified="{Date}2023-10-21T19:07:34.966Z"
                subDescription_x0040_LastModified="{Date}2023-10-21T19:07:34.965Z"
                subHeading="العاملين عن بعد"
                subHeading_x0040_LastModified="{Date}2023-10-21T19:07:49.349Z"
                subLink="#"
                subLink_x0040_LastModified="{Date}2023-10-21T19:07:49.349Z"/>
        </data>
        <indexedData jcr:primaryType="nt:unstructured">
            <master
                jcr:mixinTypes="[dam:IndexedFragmentData]"
                jcr:primaryType="nt:unstructured"
                jcr:uuid="cb3b65c6-4ea0-4998-856c-85e60bb32984"
                _x0040_string_x0040_model="/conf/daas/settings/dam/cfm/models/business-menu-generic-link"
                _x0040_stringArray_x0040_variations="[ar]"
                string_x0040_sameTabOrNewTab="_self"
                string_x0040_subHeading="Remote Working"
                string_x0040_subLink="#"/>
            <ar
                jcr:mixinTypes="[dam:IndexedFragmentData]"
                jcr:primaryType="nt:unstructured"
                jcr:uuid="caf6d9c3-05af-4282-b436-27a9b00291a4"
                _x0040_string_x0040_model="/conf/daas/settings/dam/cfm/models/business-menu-generic-link"
                string_x0040_sameTabOrNewTab="_self"
                string_x0040_subHeading="العاملين عن بعد"
                string_x0040_subLink="#"/>
        </indexedData>
        <metadata
            jcr:mixinTypes="[cq:Taggable]"
            jcr:primaryType="nt:unstructured"/>
        <model jcr:primaryType="nt:unstructured">
            <variations jcr:primaryType="nt:unstructured">
                <ar
                    jcr:description="\0"
                    jcr:mixinTypes="[cq:Taggable]"
                    jcr:primaryType="nt:unstructured"
                    jcr:title="Ar"
                    name="ar">
                    <properties
                        jcr:primaryType="nt:unstructured"
                        synchronizeWithVersion="[subHeading:d6a45711-fb77-450f-b37a-4029db98007c,subDescription:d6a45711-fb77-450f-b37a-4029db98007c,linkType:d6a45711-fb77-450f-b37a-4029db98007c,ctaText:d6a45711-fb77-450f-b37a-4029db98007c,subLink:d6a45711-fb77-450f-b37a-4029db98007c,sameTabOrNewTab:d6a45711-fb77-450f-b37a-4029db98007c,actionImage:d6a45711-fb77-450f-b37a-4029db98007c]"/>
                </ar>
            </variations>
        </model>
        <related jcr:primaryType="nt:unstructured"/>
    </jcr:content>
</jcr:root>
