<?xml version="1.0" encoding="UTF-8"?>
<jcr:root xmlns:jcr="http://www.jcp.org/jcr/1.0" xmlns:dam="http://www.day.com/dam/1.0" xmlns:nt="http://www.jcp.org/jcr/nt/1.0" xmlns:mix="http://www.jcp.org/jcr/mix/1.0" xmlns:cq="http://www.day.com/jcr/cq/1.0"
    jcr:isCheckedOut="{Boolean}true"
    jcr:mixinTypes="[mix:referenceable,mix:versionable]"
    jcr:primaryType="dam:Asset"
    jcr:uuid="c19f549f-18fa-481f-a133-68f2b9d2ad18">
    <jcr:content
        cq:isDelivered="{Boolean}false"
        cq:lastModified="{Date}2023-10-22T08:25:20.905Z"
        cq:lastModifiedBy="azaraheem@etisalat.ae"
        cq:lastReplicated="{Date}2025-04-08T09:50:50.047Z"
        cq:lastReplicated_publish="{Date}2025-04-08T09:50:50.047Z"
        cq:lastReplicatedBy="workflow-process-service"
        cq:lastReplicatedBy_publish="workflow-process-service"
        cq:lastReplicationAction="Activate"
        cq:lastReplicationAction_publish="Activate"
        cq:name="do-not-call-registry"
        cq:parentPath="/content/dam/cfm-etisalat/smb/mega-menu/mega-menu-footer"
        jcr:lastModified="{Date}2025-03-12T09:32:06.300Z"
        jcr:lastModifiedBy="suvenkatachalam@eand.com"
        jcr:mixinTypes="[cq:ReplicationStatus,cq:ReplicationStatus2]"
        jcr:primaryType="dam:AssetContent"
        jcr:title="Do Not Call Registry"
        contentFragment="{Boolean}true"
        lastFragmentSave="{Date}2025-03-12T09:32:06.300Z">
        <data
            cq:model="/conf/etisalat-business/settings/dam/cfm/models/business-menu-generic-link"
            jcr:primaryType="nt:unstructured"
            _strucVersion="{Long}1">
            <master
                jcr:mixinTypes="[cq:Taggable,dam:cfVariationNode]"
                jcr:primaryType="nt:unstructured"
                actionImage_x0040_LastModified="{Date}2023-10-21T18:25:53.890Z"
                ctaText_x0040_LastModified="{Date}2023-10-21T18:25:53.890Z"
                linkType_x0040_LastModified="{Date}2023-10-21T18:25:53.890Z"
                sameTabOrNewTab="_self"
                sameTabOrNewTab_x0040_LastModified="{Date}2023-10-21T18:26:12.296Z"
                subDescription_x0040_LastModified="{Date}2023-10-21T18:25:53.890Z"
                subHeading="Do Not Call Registry"
                subHeading_x0040_LastModified="{Date}2023-10-21T18:26:12.294Z"
                subLink="/en/smb/dncr.html"
                subLink_x0040_LastModified="{Date}2023-10-21T18:26:12.295Z"/>
            <ar
                jcr:mixinTypes="[cq:Taggable,dam:cfVariationNode]"
                jcr:primaryType="nt:unstructured"
                _x0040_variationCreationDate="{Date}2023-10-21T18:26:17.296Z"
                actionImage_x0040_LastModified="{Date}2023-10-21T18:26:17.298Z"
                ctaText_x0040_LastModified="{Date}2023-10-21T18:26:17.297Z"
                linkType_x0040_LastModified="{Date}2023-10-21T18:26:17.297Z"
                sameTabOrNewTab="_self"
                sameTabOrNewTab_x0040_LastModified="{Date}2023-10-21T18:26:17.298Z"
                subDescription_x0040_LastModified="{Date}2023-10-21T18:26:17.297Z"
                subHeading="سجل عدم الاتصال"
                subHeading_x0040_LastModified="{Date}2023-10-21T18:26:31.756Z"
                subLink="/ar/smb/dncr.html"
                subLink_x0040_LastModified="{Date}2023-10-21T18:26:31.757Z"/>
        </data>
        <indexedData jcr:primaryType="nt:unstructured">
            <master
                jcr:mixinTypes="[dam:IndexedFragmentData]"
                jcr:primaryType="nt:unstructured"
                jcr:uuid="f949af58-305a-472d-8c98-8550410ec96c"
                _x0040_string_x0040_model="/conf/etisalat-business/settings/dam/cfm/models/business-menu-generic-link"
                _x0040_stringArray_x0040_variations="[ar]"
                string_x0040_sameTabOrNewTab="_self"
                string_x0040_subHeading="Do Not Call Registry"
                string_x0040_subLink="/en/smb/dncr.html"/>
            <ar
                jcr:mixinTypes="[dam:IndexedFragmentData]"
                jcr:primaryType="nt:unstructured"
                jcr:uuid="4208d2d7-37f8-43a5-a6cd-6dbe75cdc36d"
                _x0040_string_x0040_model="/conf/etisalat-business/settings/dam/cfm/models/business-menu-generic-link"
                string_x0040_sameTabOrNewTab="_self"
                string_x0040_subHeading="سجل عدم الاتصال"
                string_x0040_subLink="/ar/smb/dncr.html"/>
        </indexedData>
        <metadata
            jcr:mixinTypes="[cq:Taggable]"
            jcr:primaryType="nt:unstructured">
            <dam:cfVariations jcr:primaryType="nt:unstructured">
                <ar
                    jcr:mixinTypes="[cq:Taggable]"
                    jcr:primaryType="nt:unstructured"/>
            </dam:cfVariations>
        </metadata>
        <model jcr:primaryType="nt:unstructured">
            <variations jcr:primaryType="nt:unstructured">
                <ar
                    jcr:description="\0"
                    jcr:mixinTypes="[cq:Taggable]"
                    jcr:primaryType="nt:unstructured"
                    jcr:title="Ar"
                    name="ar">
                    <properties
                        jcr:primaryType="nt:unstructured"
                        synchronizeWithVersion="[subHeading:371c76cd-b97e-4ed0-be02-777da1b2747b,subDescription:371c76cd-b97e-4ed0-be02-777da1b2747b,linkType:371c76cd-b97e-4ed0-be02-777da1b2747b,ctaText:371c76cd-b97e-4ed0-be02-777da1b2747b,subLink:371c76cd-b97e-4ed0-be02-777da1b2747b,sameTabOrNewTab:371c76cd-b97e-4ed0-be02-777da1b2747b,actionImage:371c76cd-b97e-4ed0-be02-777da1b2747b]"/>
                </ar>
            </variations>
        </model>
        <related jcr:primaryType="nt:unstructured"/>
    </jcr:content>
</jcr:root>
