<?xml version="1.0" encoding="UTF-8"?>
<jcr:root xmlns:jcr="http://www.jcp.org/jcr/1.0" xmlns:dam="http://www.day.com/dam/1.0" xmlns:nt="http://www.jcp.org/jcr/nt/1.0" xmlns:mix="http://www.jcp.org/jcr/mix/1.0" xmlns:cq="http://www.day.com/jcr/cq/1.0"
    jcr:isCheckedOut="{Boolean}true"
    jcr:mixinTypes="[mix:referenceable,mix:versionable]"
    jcr:primaryType="dam:Asset"
    jcr:uuid="dc7eff33-011e-4972-832e-c98b116ffbc3">
    <jcr:content
        cq:isDelivered="{Boolean}false"
        cq:lastReplicated="{Date}2025-04-08T09:50:50.047Z"
        cq:lastReplicated_publish="{Date}2025-04-08T09:50:50.047Z"
        cq:lastReplicatedBy="workflow-process-service"
        cq:lastReplicatedBy_publish="workflow-process-service"
        cq:lastReplicationAction="Activate"
        cq:lastReplicationAction_publish="Activate"
        cq:name="download-etisalat-business-app"
        cq:parentPath="/content/dam/cfm-etisalat/smb/footer"
        jcr:lastModified="{Date}2025-03-12T12:49:19.761Z"
        jcr:lastModifiedBy="suvenkatachalam@eand.com"
        jcr:mixinTypes="[cq:ReplicationStatus,cq:ReplicationStatus2]"
        jcr:primaryType="dam:AssetContent"
        jcr:title="Download Etisalat Business App"
        contentFragment="{Boolean}true"
        lastFragmentSave="{Date}2025-03-12T12:49:19.761Z">
        <data
            cq:model="/conf/etisalat-business/settings/dam/cfm/models/business-footer-maintitle-section"
            jcr:primaryType="nt:unstructured"
            _strucVersion="{Long}1">
            <master
                jcr:mixinTypes="[cq:Taggable,dam:cfVariationNode]"
                jcr:primaryType="nt:unstructured"
                mainTitle="Download e&amp; Business App"
                mainTitle_x0040_LastModified="{Date}2025-03-12T12:49:07.478Z"
                mainTitle_x0040_LastModifiedBy="suvenkatachalam@eand.com"
                subsection="[/content/dam/cfm-etisalat/smb/footer-quicklinks/patners/google-play,/content/dam/cfm-etisalat/smb/footer-quicklinks/patners/app-store,/content/dam/cfm-etisalat/smb/footer-quicklinks/patners/app-gallery]"
                subsection_x0040_LastModified="{Date}2023-10-22T11:08:31.301Z">
                <card
                    jcr:primaryType="nt:unstructured"
                    assets="[]"
                    texts="[Download e&amp; Business App]"/>
            </master>
            <ar
                jcr:mixinTypes="[cq:Taggable,dam:cfVariationNode]"
                jcr:primaryType="nt:unstructured"
                _x0040_variationCreationDate="{Date}2023-10-22T11:08:37.295Z"
                mainTitle="حمّل تطبيق e&amp; BUSINESS"
                mainTitle_x0040_LastModified="{Date}2025-03-12T12:49:19.552Z"
                mainTitle_x0040_LastModifiedBy="suvenkatachalam@eand.com"
                subsection="[/content/dam/cfm-etisalat/smb/footer-quicklinks/patners/google-play,/content/dam/cfm-etisalat/smb/footer-quicklinks/patners/app-store,/content/dam/cfm-etisalat/smb/footer-quicklinks/patners/app-gallery]"
                subsection_x0040_LastModified="{Date}2023-10-22T11:08:37.296Z"/>
        </data>
        <indexedData jcr:primaryType="nt:unstructured">
            <master
                jcr:mixinTypes="[dam:IndexedFragmentData]"
                jcr:primaryType="nt:unstructured"
                jcr:uuid="c74ea6d5-f923-4ed7-8b12-117e8092b5da"
                _x0040_string_x0040_model="/conf/etisalat-business/settings/dam/cfm/models/business-footer-maintitle-section"
                _x0040_stringArray_x0040_variations="[ar]"
                string_x0040_mainTitle="Download e&amp; Business App"/>
            <ar
                jcr:mixinTypes="[dam:IndexedFragmentData]"
                jcr:primaryType="nt:unstructured"
                jcr:uuid="e77d1f0b-cad2-4f4d-93b9-0a260d31489d"
                _x0040_string_x0040_model="/conf/etisalat-business/settings/dam/cfm/models/business-footer-maintitle-section"
                string_x0040_mainTitle="حمّل تطبيق e&amp; BUSINESS"/>
        </indexedData>
        <metadata
            jcr:mixinTypes="[cq:Taggable]"
            jcr:primaryType="nt:unstructured">
            <dam:cfVariations jcr:primaryType="nt:unstructured">
                <ar
                    jcr:mixinTypes="[cq:Taggable]"
                    jcr:primaryType="nt:unstructured"/>
            </dam:cfVariations>
        </metadata>
        <model jcr:primaryType="nt:unstructured">
            <variations jcr:primaryType="nt:unstructured">
                <ar
                    jcr:description="\0"
                    jcr:mixinTypes="[cq:Taggable]"
                    jcr:primaryType="nt:unstructured"
                    jcr:title="Ar"
                    name="ar">
                    <properties
                        jcr:primaryType="nt:unstructured"
                        synchronizeWithVersion="[mainTitle:55effdfb-eb12-49cd-be0e-5eb165ece58a,subsection:55effdfb-eb12-49cd-be0e-5eb165ece58a]"/>
                </ar>
            </variations>
        </model>
        <related jcr:primaryType="nt:unstructured"/>
    </jcr:content>
</jcr:root>
