<?xml version="1.0" encoding="UTF-8"?>
<jcr:root xmlns:jcr="http://www.jcp.org/jcr/1.0" xmlns:dam="http://www.day.com/dam/1.0" xmlns:nt="http://www.jcp.org/jcr/nt/1.0" xmlns:mix="http://www.jcp.org/jcr/mix/1.0" xmlns:cq="http://www.day.com/jcr/cq/1.0"
    jcr:isCheckedOut="{Boolean}true"
    jcr:mixinTypes="[cq:contentFragment,mix:referenceable,mix:versionable]"
    jcr:primaryType="dam:Asset"
    jcr:uuid="b85ae78d-1438-4471-9cea-96fa31859efb">
    <jcr:content
        cq:isDelivered="{Boolean}false"
        cq:lastModified="{Date}2025-11-28T15:48:23.517+05:30"
        cq:lastModifiedBy="admin"
        cq:lastReplicated="{Date}2025-12-12T11:11:25.622Z"
        cq:lastReplicated_publish="{Date}2025-12-12T11:11:25.622Z"
        cq:lastReplicatedBy="workflow-process-service"
        cq:lastReplicatedBy_publish="workflow-process-service"
        cq:lastReplicationAction="Activate"
        cq:lastReplicationAction_publish="Activate"
        cq:name="help-and-support"
        cq:parentPath="/content/dam/daas/cfm/footer-quicklinks/quick-links"
        jcr:lastModified="{Date}2025-04-15T13:46:38.509Z"
        jcr:lastModifiedBy="suvenkatachalam@eand.com"
        jcr:mixinTypes="[cq:ReplicationStatus,cq:ReplicationStatus2]"
        jcr:primaryType="dam:AssetContent"
        jcr:title="Help &amp; Support"
        contentFragment="{Boolean}true"
        lastFragmentSave="{Date}2025-04-15T13:46:38.509Z">
        <data
            cq:model="/conf/daas/settings/dam/cfm/models/business-menu-generic-link"
            jcr:primaryType="nt:unstructured"
            _strucVersion="{Long}1">
            <master
                jcr:mixinTypes="[cq:Taggable,dam:cfVariationNode]"
                jcr:primaryType="nt:unstructured"
                actionImage_x0040_LastModified="{Date}2023-10-21T20:43:44.646Z"
                ctaText_x0040_LastModified="{Date}2023-10-21T20:43:44.646Z"
                linkType_x0040_LastModified="{Date}2023-10-21T20:43:44.646Z"
                sameTabOrNewTab="_blank"
                sameTabOrNewTab_x0040_LastModified="{Date}2023-10-21T20:44:33.420Z"
                subDescription_x0040_LastModified="{Date}2023-10-21T20:43:44.646Z"
                subHeading="Help &amp; Support"
                subHeading_x0040_LastModified="{Date}2025-04-15T13:46:22.378Z"
                subHeading_x0040_LastModifiedBy="suvenkatachalam@eand.com"
                subLink="#?locale=en"
                subLink_x0040_LastModified="{Date}2025-04-15T13:46:22.382Z"
                subLink_x0040_LastModifiedBy="suvenkatachalam@eand.com"/>
            <ar
                jcr:mixinTypes="[cq:Taggable,dam:cfVariationNode]"
                jcr:primaryType="nt:unstructured"
                _x0040_variationCreationDate="{Date}2023-10-21T20:45:13.829Z"
                actionImage_x0040_LastModified="{Date}2023-10-21T20:45:13.831Z"
                ctaText_x0040_LastModified="{Date}2023-10-21T20:45:13.830Z"
                linkType_x0040_LastModified="{Date}2023-10-21T20:45:13.830Z"
                sameTabOrNewTab="_blank"
                sameTabOrNewTab_x0040_LastModified="{Date}2023-10-21T20:45:13.831Z"
                subDescription_x0040_LastModified="{Date}2023-10-21T20:45:13.830Z"
                subHeading="المساعدة والدعم"
                subHeading_x0040_LastModified="{Date}2025-04-15T13:46:38.301Z"
                subHeading_x0040_LastModifiedBy="suvenkatachalam@eand.com"
                subLink="#?locale=ar"
                subLink_x0040_LastModified="{Date}2025-04-15T13:46:38.303Z"
                subLink_x0040_LastModifiedBy="suvenkatachalam@eand.com"/>
        </data>
        <indexedData jcr:primaryType="nt:unstructured">
            <master
                jcr:mixinTypes="[dam:IndexedFragmentData]"
                jcr:primaryType="nt:unstructured"
                jcr:uuid="4d332549-6337-4ed2-ad11-aed66263bfbc"
                _x0040_string_x0040_model="/conf/daas/settings/dam/cfm/models/business-menu-generic-link"
                _x0040_stringArray_x0040_variations="[ar]"
                string_x0040_sameTabOrNewTab="_blank"
                string_x0040_subHeading="Help &amp; Support"
                string_x0040_subLink="#?locale=en"/>
            <ar
                jcr:mixinTypes="[dam:IndexedFragmentData]"
                jcr:primaryType="nt:unstructured"
                jcr:uuid="04cc563d-77a7-46b8-99d5-337d3ba54c4c"
                _x0040_string_x0040_model="/conf/daas/settings/dam/cfm/models/business-menu-generic-link"
                string_x0040_sameTabOrNewTab="_blank"
                string_x0040_subHeading="المساعدة والدعم"
                string_x0040_subLink="#?locale=ar"/>
        </indexedData>
        <metadata
            jcr:mixinTypes="[cq:Taggable]"
            jcr:primaryType="nt:unstructured">
            <dam:cfVariations jcr:primaryType="nt:unstructured">
                <ar
                    jcr:mixinTypes="[cq:Taggable]"
                    jcr:primaryType="nt:unstructured"/>
            </dam:cfVariations>
        </metadata>
        <model jcr:primaryType="nt:unstructured">
            <variations jcr:primaryType="nt:unstructured">
                <ar
                    jcr:description="\0"
                    jcr:mixinTypes="[cq:Taggable]"
                    jcr:primaryType="nt:unstructured"
                    jcr:title="Ar"
                    name="ar">
                    <properties
                        jcr:primaryType="nt:unstructured"
                        synchronizeWithVersion="[subHeading:4ec04c5e-c17a-43cd-b71b-f5ab05c3a8e3,subDescription:4ec04c5e-c17a-43cd-b71b-f5ab05c3a8e3,linkType:4ec04c5e-c17a-43cd-b71b-f5ab05c3a8e3,ctaText:4ec04c5e-c17a-43cd-b71b-f5ab05c3a8e3,subLink:4ec04c5e-c17a-43cd-b71b-f5ab05c3a8e3,sameTabOrNewTab:4ec04c5e-c17a-43cd-b71b-f5ab05c3a8e3,actionImage:4ec04c5e-c17a-43cd-b71b-f5ab05c3a8e3]"/>
                </ar>
            </variations>
        </model>
        <related jcr:primaryType="nt:unstructured"/>
    </jcr:content>
</jcr:root>
