<?xml version="1.0" encoding="UTF-8"?>
<jcr:root xmlns:jcr="http://www.jcp.org/jcr/1.0" xmlns:rep="internal" xmlns:sling="http://sling.apache.org/jcr/sling/1.0" xmlns:cq="http://www.day.com/jcr/cq/1.0"
    jcr:mixinTypes="[rep:AccessControllable]"
    jcr:primaryType="sling:OrderedFolder">
    <dam/>
    <campaigns/>
    <projects/>
    <experience-fragments/>
    <cq:tags/>
    <cq:graphql/>
    <usergenerated/>
    <launches/>
    <etisalat/>
    <fivemobile/>
    <gochat/>
    <careers/>
    <rep:policy/>
    <eandenterprise/>
    <smarthubix/>
    <outbound-marketing/>
    <test-site/>
    <plugplay/>
    <shs/>
    <moi/>
    <threatpc/>
    <blockpc/>
    <eand/>
    <services/>
    <emoney/>
    <smiles/>
    <adcda/>
    <daas/>
    <cq:i18n/>
</jcr:root>
