<?xml version="1.0" encoding="UTF-8"?>
<jcr:root xmlns:jcr="http://www.jcp.org/jcr/1.0" xmlns:dam="http://www.day.com/dam/1.0" xmlns:nt="http://www.jcp.org/jcr/nt/1.0" xmlns:mix="http://www.jcp.org/jcr/mix/1.0" xmlns:cq="http://www.day.com/jcr/cq/1.0"
    jcr:isCheckedOut="{Boolean}true"
    jcr:mixinTypes="[cq:contentFragment,mix:referenceable,mix:versionable]"
    jcr:primaryType="dam:Asset"
    jcr:uuid="49d7b9ea-7acf-40af-9521-20fbe48bd0aa">
    <jcr:content
        cq:isDelivered="{Boolean}false"
        cq:lastModified="{Date}2025-11-28T12:13:52.320Z"
        cq:lastModifiedBy="maripaul@eand.com"
        cq:lastReplicated="{Date}2025-12-12T11:08:37.533Z"
        cq:lastReplicated_publish="{Date}2025-12-12T11:08:37.533Z"
        cq:lastReplicatedBy="workflow-process-service"
        cq:lastReplicatedBy_publish="workflow-process-service"
        cq:lastReplicationAction="Activate"
        cq:lastReplicationAction_publish="Activate"
        cq:name="power-apps"
        cq:parentPath="/content/dam/daas/cfm/header/mega-menu/productivity"
        jcr:lastModified="{Date}2025-03-11T22:33:55.457Z"
        jcr:lastModifiedBy="suvenkatachalam@eand.com"
        jcr:mixinTypes="[cq:ReplicationStatus,cq:ReplicationStatus2]"
        jcr:primaryType="dam:AssetContent"
        jcr:title="Power Apps"
        contentFragment="{Boolean}true"
        lastFragmentSave="{Date}2025-03-11T22:33:55.457Z">
        <data
            cq:model="/conf/daas/settings/dam/cfm/models/business-menu-generic-link"
            jcr:primaryType="nt:unstructured"
            _strucVersion="{Long}1">
            <master
                jcr:mixinTypes="[cq:Taggable,dam:cfVariationNode]"
                jcr:primaryType="nt:unstructured"
                actionImage_x0040_LastModified="{Date}2023-10-21T19:23:52.296Z"
                ctaText_x0040_LastModified="{Date}2023-10-21T19:23:52.296Z"
                linkType_x0040_LastModified="{Date}2023-10-21T19:23:52.296Z"
                sameTabOrNewTab="_self"
                sameTabOrNewTab_x0040_LastModified="{Date}2023-10-21T19:24:10.519Z"
                subDescription_x0040_LastModified="{Date}2023-10-21T19:23:52.296Z"
                subHeading="Power Apps"
                subHeading_x0040_LastModified="{Date}2023-10-21T19:24:10.518Z"
                subLink="#"
                subLink_x0040_LastModified="{Date}2025-03-11T22:33:46.818Z"
                subLink_x0040_LastModifiedBy="suvenkatachalam@eand.com"/>
            <ar
                jcr:mixinTypes="[cq:Taggable,dam:cfVariationNode]"
                jcr:primaryType="nt:unstructured"
                _x0040_variationCreationDate="{Date}2023-10-21T19:24:15.057Z"
                actionImage_x0040_LastModified="{Date}2023-10-21T19:24:15.061Z"
                ctaText_x0040_LastModified="{Date}2023-10-21T19:24:15.059Z"
                linkType_x0040_LastModified="{Date}2023-10-21T19:24:15.059Z"
                sameTabOrNewTab="_self"
                sameTabOrNewTab_x0040_LastModified="{Date}2023-10-21T19:24:15.060Z"
                subDescription_x0040_LastModified="{Date}2023-10-21T19:24:15.059Z"
                subHeading=" تطبيقات تعزيز العمل"
                subHeading_x0040_LastModified="{Date}2025-03-11T22:31:02.568Z"
                subHeading_x0040_LastModifiedBy="suvenkatachalam@eand.com"
                subLink="#"
                subLink_x0040_LastModified="{Date}2025-03-11T22:33:55.250Z"
                subLink_x0040_LastModifiedBy="suvenkatachalam@eand.com"/>
        </data>
        <indexedData jcr:primaryType="nt:unstructured">
            <master
                jcr:mixinTypes="[dam:IndexedFragmentData]"
                jcr:primaryType="nt:unstructured"
                jcr:uuid="9dba4914-b1d8-45da-8316-ca9b5fb3a442"
                _x0040_string_x0040_model="/conf/daas/settings/dam/cfm/models/business-menu-generic-link"
                _x0040_stringArray_x0040_variations="[ar]"
                string_x0040_sameTabOrNewTab="_self"
                string_x0040_subHeading="Power Apps"
                string_x0040_subLink="#"/>
            <ar
                jcr:mixinTypes="[dam:IndexedFragmentData]"
                jcr:primaryType="nt:unstructured"
                jcr:uuid="aefd3a11-3964-4e0f-a1ae-d8515f4f0d9e"
                _x0040_string_x0040_model="/conf/daas/settings/dam/cfm/models/business-menu-generic-link"
                string_x0040_sameTabOrNewTab="_self"
                string_x0040_subHeading=" تطبيقات تعزيز العمل"
                string_x0040_subLink="#"/>
        </indexedData>
        <metadata
            jcr:mixinTypes="[cq:Taggable]"
            jcr:primaryType="nt:unstructured">
            <dam:cfVariations jcr:primaryType="nt:unstructured">
                <ar
                    jcr:mixinTypes="[cq:Taggable]"
                    jcr:primaryType="nt:unstructured"/>
            </dam:cfVariations>
        </metadata>
        <model jcr:primaryType="nt:unstructured">
            <variations jcr:primaryType="nt:unstructured">
                <ar
                    jcr:description="\0"
                    jcr:mixinTypes="[cq:Taggable]"
                    jcr:primaryType="nt:unstructured"
                    jcr:title="Ar"
                    name="ar">
                    <properties
                        jcr:primaryType="nt:unstructured"
                        synchronizeWithVersion="[subHeading:cf52e14d-95d8-4f32-a258-eec2e7e6e694,subDescription:cf52e14d-95d8-4f32-a258-eec2e7e6e694,linkType:cf52e14d-95d8-4f32-a258-eec2e7e6e694,ctaText:cf52e14d-95d8-4f32-a258-eec2e7e6e694,subLink:cf52e14d-95d8-4f32-a258-eec2e7e6e694,sameTabOrNewTab:cf52e14d-95d8-4f32-a258-eec2e7e6e694,actionImage:cf52e14d-95d8-4f32-a258-eec2e7e6e694]"/>
                </ar>
            </variations>
        </model>
        <related jcr:primaryType="nt:unstructured"/>
    </jcr:content>
</jcr:root>
