<?xml version="1.0" encoding="UTF-8"?>
<jcr:root xmlns:jcr="http://www.jcp.org/jcr/1.0" xmlns:dam="http://www.day.com/dam/1.0" xmlns:nt="http://www.jcp.org/jcr/nt/1.0" xmlns:mix="http://www.jcp.org/jcr/mix/1.0" xmlns:cq="http://www.day.com/jcr/cq/1.0"
    jcr:isCheckedOut="{Boolean}true"
    jcr:mixinTypes="[cq:contentFragment,mix:referenceable,mix:versionable]"
    jcr:primaryType="dam:Asset"
    jcr:uuid="ffe8f5d4-d08c-49bd-95a2-2bee141cd8a1">
    <jcr:content
        cq:isDelivered="{Boolean}false"
        cq:lastModified="{Date}2025-11-28T12:13:35.263Z"
        cq:lastModifiedBy="maripaul@eand.com"
        cq:lastReplicated="{Date}2025-12-12T11:08:37.533Z"
        cq:lastReplicated_publish="{Date}2025-12-12T11:08:37.533Z"
        cq:lastReplicatedBy="workflow-process-service"
        cq:lastReplicatedBy_publish="workflow-process-service"
        cq:lastReplicationAction="Activate"
        cq:lastReplicationAction_publish="Activate"
        cq:name="solutions-sub-sec-1"
        cq:parentPath="/content/dam/daas/cfm/header/top-navigation/solutions"
        jcr:lastModified="{Date}2025-03-24T09:52:18.764Z"
        jcr:lastModifiedBy="amaidheen@eand.com"
        jcr:mixinTypes="[cq:ReplicationStatus,cq:ReplicationStatus2]"
        jcr:primaryType="dam:AssetContent"
        jcr:title="Solutions Sub Sec 1"
        contentFragment="{Boolean}true"
        lastFragmentSave="{Date}2025-03-24T09:52:18.764Z">
        <data
            cq:model="/conf/daas/settings/dam/cfm/models/business-mega-menu-sub-section"
            jcr:primaryType="nt:unstructured"
            _strucVersion="{Long}1">
            <master
                jcr:mixinTypes="[cq:Taggable,dam:cfVariationNode]"
                jcr:primaryType="nt:unstructured"
                menuHeading="By Industry"
                menuHeading_x0040_LastModified="{Date}2025-03-24T09:52:18.569Z"
                menuHeading_x0040_LastModifiedBy="amaidheen@eand.com"
                menuSubSection="[/content/dam/daas/cfm/header/mega-menu/by-industry/hospitality-and-tourism,/content/dam/daas/cfm/header/mega-menu/by-industry/trading,/content/dam/daas/cfm/header/mega-menu/by-industry/healthcare,/content/dam/daas/cfm/header/mega-menu/by-industry/logistics,/content/dam/daas/cfm/header/mega-menu/by-industry/real-estate,/content/dam/daas/cfm/header/mega-menu/by-industry/retail]"
                menuSubSection_x0040_LastModified="{Date}2023-10-21T19:11:41.743Z"/>
            <ar
                jcr:mixinTypes="[cq:Taggable,dam:cfVariationNode]"
                jcr:primaryType="nt:unstructured"
                _x0040_variationCreationDate="{Date}2023-10-21T19:11:53.774Z"
                menuHeading="حسب المجال في السوق"
                menuHeading_x0040_LastModified="{Date}2023-10-21T19:12:01.935Z"
                menuSubSection="[/content/dam/daas/cfm/header/mega-menu/by-industry/hospitality-and-tourism,/content/dam/daas/cfm/header/mega-menu/by-industry/trading,/content/dam/daas/cfm/header/mega-menu/by-industry/healthcare,/content/dam/daas/cfm/header/mega-menu/by-industry/logistics,/content/dam/daas/cfm/header/mega-menu/by-industry/real-estate,/content/dam/daas/cfm/header/mega-menu/by-industry/retail]"
                menuSubSection_x0040_LastModified="{Date}2023-10-21T19:11:53.775Z"/>
        </data>
        <indexedData jcr:primaryType="nt:unstructured">
            <master
                jcr:mixinTypes="[dam:IndexedFragmentData]"
                jcr:primaryType="nt:unstructured"
                jcr:uuid="0732cd3b-067d-420f-ac5a-acaeb5378798"
                _x0040_string_x0040_model="/conf/daas/settings/dam/cfm/models/business-mega-menu-sub-section"
                _x0040_stringArray_x0040_variations="[ar]"
                string_x0040_menuHeading="By Industry"/>
            <ar
                jcr:mixinTypes="[dam:IndexedFragmentData]"
                jcr:primaryType="nt:unstructured"
                jcr:uuid="5530b92f-8f54-462a-8673-a29f1998668a"
                _x0040_string_x0040_model="/conf/daas/settings/dam/cfm/models/business-mega-menu-sub-section"
                string_x0040_menuHeading="حسب المجال في السوق"/>
        </indexedData>
        <metadata
            jcr:mixinTypes="[cq:Taggable]"
            jcr:primaryType="nt:unstructured"/>
        <model jcr:primaryType="nt:unstructured">
            <variations jcr:primaryType="nt:unstructured">
                <ar
                    jcr:description="\0"
                    jcr:mixinTypes="[cq:Taggable]"
                    jcr:primaryType="nt:unstructured"
                    jcr:title="Ar"
                    name="ar">
                    <properties
                        jcr:primaryType="nt:unstructured"
                        synchronizeWithVersion="[menuHeading:9d0592b8-561d-4e02-9d4c-78a13bf738da,menuSubSection:9d0592b8-561d-4e02-9d4c-78a13bf738da]"/>
                </ar>
            </variations>
        </model>
        <related jcr:primaryType="nt:unstructured"/>
    </jcr:content>
</jcr:root>
