<?xml version="1.0" encoding="UTF-8"?>
<jcr:root xmlns:jcr="http://www.jcp.org/jcr/1.0" xmlns:dam="http://www.day.com/dam/1.0" xmlns:nt="http://www.jcp.org/jcr/nt/1.0" xmlns:mix="http://www.jcp.org/jcr/mix/1.0" xmlns:cq="http://www.day.com/jcr/cq/1.0"
    jcr:isCheckedOut="{Boolean}true"
    jcr:mixinTypes="[cq:contentFragment,mix:referenceable,mix:versionable]"
    jcr:primaryType="dam:Asset"
    jcr:uuid="08fb72ef-7a7b-4bb1-ad59-6804533cb085">
    <jcr:content
        cq:isDelivered="{Boolean}false"
        cq:lastModified="{Date}2025-12-25T05:29:54.200Z"
        cq:lastModifiedBy="amaidheen@eand.com"
        cq:lastReplicationAction_publish="Activate"
        cq:name="overview"
        cq:parentPath="/content/dam/daas/cfm/smb-existing-modules/icon-header-text"
        jcr:lastModified="{Date}2025-05-01T09:12:58.166Z"
        jcr:lastModifiedBy="amaidheen@eand.com"
        jcr:mixinTypes="[cq:ReplicationStatus,cq:ReplicationStatus2]"
        jcr:primaryType="dam:AssetContent"
        jcr:title="Overview"
        contentFragment="{Boolean}true"
        lastFragmentSave="{Date}2025-05-01T09:12:58.166Z">
        <data
            cq:model="/conf/daas/settings/dam/cfm/models/b2b-transformation-main"
            jcr:primaryType="nt:unstructured"
            _strucVersion="{Long}1">
            <master
                jcr:mixinTypes="[cq:Taggable,dam:cfVariationNode]"
                jcr:primaryType="nt:unstructured"
                b2bTransformationMainSec="[/content/dam/daas/cfm/smb-existing-modules/icon-header-text/variation1/sub-sec,/content/dam/daas/cfm/smb-existing-modules/icon-header-text/variation2/sub-sec]"
                b2bTransformationMainSec_x0040_LastModified="{Date}2025-05-01T09:12:47.630Z"
                b2bTransformationMainSec_x0040_LastModifiedBy="amaidheen@eand.com">
                <card
                    jcr:primaryType="nt:unstructured"
                    assets="[]"
                    texts="[]"/>
            </master>
            <ar
                jcr:mixinTypes="[cq:Taggable,dam:cfVariationNode]"
                jcr:primaryType="nt:unstructured"
                _x0040_variationCreationDate="{Date}2025-05-01T09:12:51.445Z"
                b2bTransformationMainSec="[/content/dam/daas/cfm/smb-existing-modules/icon-header-text/variation1/sub-sec,/content/dam/daas/cfm/smb-existing-modules/icon-header-text/variation2/sub-sec]"
                b2bTransformationMainSec_x0040_LastModified="{Date}2025-05-01T09:12:51.447Z"
                b2bTransformationMainSec_x0040_LastModifiedBy="amaidheen@eand.com"/>
        </data>
        <indexedData jcr:primaryType="nt:unstructured">
            <master
                jcr:mixinTypes="[dam:IndexedFragmentData]"
                jcr:primaryType="nt:unstructured"
                jcr:uuid="189cc5dd-9b42-4ec0-bbb4-cfef08e34f1d"
                _x0040_string_x0040_model="/conf/daas/settings/dam/cfm/models/b2b-transformation-main"
                _x0040_stringArray_x0040_variations="[ar]"/>
            <ar
                jcr:mixinTypes="[dam:IndexedFragmentData]"
                jcr:primaryType="nt:unstructured"
                jcr:uuid="80daa479-a3f5-4913-a129-844449062661"
                _x0040_string_x0040_model="/conf/daas/settings/dam/cfm/models/b2b-transformation-main"/>
        </indexedData>
        <metadata
            jcr:mixinTypes="[cq:Taggable]"
            jcr:primaryType="nt:unstructured">
            <dam:cfVariations jcr:primaryType="nt:unstructured">
                <ar
                    jcr:mixinTypes="[cq:Taggable]"
                    jcr:primaryType="nt:unstructured"/>
            </dam:cfVariations>
        </metadata>
        <model jcr:primaryType="nt:unstructured">
            <variations jcr:primaryType="nt:unstructured">
                <ar
                    jcr:description="\0"
                    jcr:mixinTypes="[cq:Taggable]"
                    jcr:primaryType="nt:unstructured"
                    jcr:title="ar"
                    name="ar">
                    <properties
                        jcr:primaryType="nt:unstructured"
                        synchronizeWithVersion="[b2bTransformationMainSec:78b469d2-2218-43e5-ad54-8c6c058d41b2]"/>
                </ar>
            </variations>
        </model>
        <related jcr:primaryType="nt:unstructured"/>
    </jcr:content>
</jcr:root>
