<?xml version="1.0" encoding="UTF-8"?>
<jcr:root xmlns:jcr="http://www.jcp.org/jcr/1.0" xmlns:dam="http://www.day.com/dam/1.0" xmlns:nt="http://www.jcp.org/jcr/nt/1.0" xmlns:mix="http://www.jcp.org/jcr/mix/1.0" xmlns:cq="http://www.day.com/jcr/cq/1.0"
    jcr:isCheckedOut="{Boolean}true"
    jcr:mixinTypes="[cq:contentFragment,mix:referenceable,mix:versionable]"
    jcr:primaryType="dam:Asset"
    jcr:uuid="3ad7d678-0d4a-4da8-b40c-e66f45252444">
    <jcr:content
        cq:isDelivered="{Boolean}false"
        cq:lastModified="{Date}2025-11-28T12:13:44.639Z"
        cq:lastModifiedBy="maripaul@eand.com"
        cq:lastReplicated="{Date}2025-12-12T11:08:27.477Z"
        cq:lastReplicated_publish="{Date}2025-12-12T11:08:27.477Z"
        cq:lastReplicatedBy="workflow-process-service"
        cq:lastReplicatedBy_publish="workflow-process-service"
        cq:lastReplicationAction="Activate"
        cq:lastReplicationAction_publish="Activate"
        cq:name="website-solutions"
        cq:parentPath="/content/dam/daas/cfm/header/mega-menu/digital-marketing"
        jcr:lastModified="{Date}2025-03-11T23:03:11.816Z"
        jcr:lastModifiedBy="suvenkatachalam@eand.com"
        jcr:mixinTypes="[cq:ReplicationStatus,cq:ReplicationStatus2]"
        jcr:primaryType="dam:AssetContent"
        jcr:title="Website Solutions"
        contentFragment="{Boolean}true"
        lastFragmentSave="{Date}2025-03-11T23:03:11.816Z">
        <data
            cq:model="/conf/daas/settings/dam/cfm/models/business-menu-generic-link"
            jcr:primaryType="nt:unstructured"
            _strucVersion="{Long}1">
            <master
                jcr:mixinTypes="[cq:Taggable,dam:cfVariationNode]"
                jcr:primaryType="nt:unstructured"
                actionImage_x0040_LastModified="{Date}2023-10-21T19:34:07.677Z"
                ctaText_x0040_LastModified="{Date}2023-10-21T19:34:07.677Z"
                linkType_x0040_LastModified="{Date}2023-10-21T19:34:07.677Z"
                sameTabOrNewTab="_self"
                sameTabOrNewTab_x0040_LastModified="{Date}2023-10-21T19:34:23.864Z"
                subDescription_x0040_LastModified="{Date}2023-10-21T19:34:07.677Z"
                subHeading="Website Solutions"
                subHeading_x0040_LastModified="{Date}2023-10-21T19:34:23.863Z"
                subLink="#?##1"
                subLink_x0040_LastModified="{Date}2025-03-11T22:52:31.662Z"
                subLink_x0040_LastModifiedBy="suvenkatachalam@eand.com"/>
            <ar
                jcr:mixinTypes="[cq:Taggable,dam:cfVariationNode]"
                jcr:primaryType="nt:unstructured"
                _x0040_variationCreationDate="{Date}2023-10-21T19:34:28.215Z"
                actionImage_x0040_LastModified="{Date}2023-10-21T19:34:28.217Z"
                ctaText_x0040_LastModified="{Date}2023-10-21T19:34:28.216Z"
                linkType_x0040_LastModified="{Date}2023-10-21T19:34:28.216Z"
                sameTabOrNewTab="_self"
                sameTabOrNewTab_x0040_LastModified="{Date}2023-10-21T19:34:28.217Z"
                subDescription_x0040_LastModified="{Date}2023-10-21T19:34:28.216Z"
                subHeading="التسويق الرقمي"
                subHeading_x0040_LastModified="{Date}2023-10-21T19:34:42.078Z"
                subLink="#?##1"
                subLink_x0040_LastModified="{Date}2025-03-11T22:53:02.211Z"
                subLink_x0040_LastModifiedBy="suvenkatachalam@eand.com"/>
        </data>
        <indexedData jcr:primaryType="nt:unstructured">
            <master
                jcr:mixinTypes="[dam:IndexedFragmentData]"
                jcr:primaryType="nt:unstructured"
                jcr:uuid="13fe9ed0-deeb-4ea3-8e49-e16c61511894"
                _x0040_string_x0040_model="/conf/daas/settings/dam/cfm/models/business-menu-generic-link"
                _x0040_stringArray_x0040_variations="[ar]"
                string_x0040_sameTabOrNewTab="_self"
                string_x0040_subHeading="Website Solutions"
                string_x0040_subLink="#?##1"/>
            <ar
                jcr:mixinTypes="[dam:IndexedFragmentData]"
                jcr:primaryType="nt:unstructured"
                jcr:uuid="1ae63181-72a3-4702-a762-c74bcac39deb"
                _x0040_string_x0040_model="/conf/daas/settings/dam/cfm/models/business-menu-generic-link"
                string_x0040_sameTabOrNewTab="_self"
                string_x0040_subHeading="التسويق الرقمي"
                string_x0040_subLink="#?##1"/>
        </indexedData>
        <metadata
            jcr:mixinTypes="[cq:Taggable]"
            jcr:primaryType="nt:unstructured">
            <dam:cfVariations jcr:primaryType="nt:unstructured">
                <ar
                    jcr:mixinTypes="[cq:Taggable]"
                    jcr:primaryType="nt:unstructured"/>
            </dam:cfVariations>
        </metadata>
        <model jcr:primaryType="nt:unstructured">
            <variations jcr:primaryType="nt:unstructured">
                <ar
                    jcr:description="\0"
                    jcr:mixinTypes="[cq:Taggable]"
                    jcr:primaryType="nt:unstructured"
                    jcr:title="Ar"
                    name="ar">
                    <properties
                        jcr:primaryType="nt:unstructured"
                        synchronizeWithVersion="[subHeading:2a26c1d6-faa6-4bb3-950a-1beddd4a679f,subDescription:2a26c1d6-faa6-4bb3-950a-1beddd4a679f,linkType:2a26c1d6-faa6-4bb3-950a-1beddd4a679f,ctaText:2a26c1d6-faa6-4bb3-950a-1beddd4a679f,subLink:2a26c1d6-faa6-4bb3-950a-1beddd4a679f,sameTabOrNewTab:2a26c1d6-faa6-4bb3-950a-1beddd4a679f,actionImage:2a26c1d6-faa6-4bb3-950a-1beddd4a679f]"/>
                </ar>
            </variations>
        </model>
        <related jcr:primaryType="nt:unstructured"/>
    </jcr:content>
</jcr:root>
