<?xml version="1.0" encoding="UTF-8"?>
<jcr:root xmlns:jcr="http://www.jcp.org/jcr/1.0" xmlns:dam="http://www.day.com/dam/1.0" xmlns:nt="http://www.jcp.org/jcr/nt/1.0" xmlns:mix="http://www.jcp.org/jcr/mix/1.0" xmlns:cq="http://www.day.com/jcr/cq/1.0"
    jcr:isCheckedOut="{Boolean}true"
    jcr:mixinTypes="[cq:contentFragment,mix:referenceable,mix:versionable]"
    jcr:primaryType="dam:Asset"
    jcr:uuid="7ad0b6ef-354b-446b-b188-7c7e303cfea1">
    <jcr:content
        cq:isDelivered="{Boolean}false"
        cq:lastModified="{Date}2025-11-28T12:13:51.362Z"
        cq:lastModifiedBy="maripaul@eand.com"
        cq:lastReplicated="{Date}2025-12-12T11:08:27.477Z"
        cq:lastReplicated_publish="{Date}2025-12-12T11:08:27.477Z"
        cq:lastReplicatedBy="workflow-process-service"
        cq:lastReplicatedBy_publish="workflow-process-service"
        cq:lastReplicationAction="Activate"
        cq:lastReplicationAction_publish="Activate"
        cq:name="roaming"
        cq:parentPath="/content/dam/daas/cfm/header/mega-menu"
        jcr:lastModified="{Date}2025-03-11T09:29:21.114Z"
        jcr:lastModifiedBy="suvenkatachalam@eand.com"
        jcr:mixinTypes="[cq:ReplicationStatus,cq:ReplicationStatus2]"
        jcr:primaryType="dam:AssetContent"
        jcr:title="Roaming"
        contentFragment="{Boolean}true"
        lastFragmentSave="{Date}2025-03-11T09:29:21.114Z">
        <data
            cq:model="/conf/daas/settings/dam/cfm/models/business-menu-generic-link"
            jcr:primaryType="nt:unstructured"
            _strucVersion="{Long}1">
            <master
                jcr:mixinTypes="[cq:Taggable,dam:cfVariationNode]"
                jcr:primaryType="nt:unstructured"
                actionImage_x0040_LastModified="{Date}2023-10-21T17:09:52.691Z"
                ctaText_x0040_LastModified="{Date}2023-10-21T17:09:52.691Z"
                linkType_x0040_LastModified="{Date}2023-10-21T17:09:52.691Z"
                sameTabOrNewTab="_self"
                sameTabOrNewTab_x0040_LastModified="{Date}2023-10-21T17:10:19.051Z"
                subDescription_x0040_LastModified="{Date}2023-10-21T17:09:52.691Z"
                subHeading="Roaming"
                subHeading_x0040_LastModified="{Date}2023-10-21T17:10:19.050Z"
                subLink="#"
                subLink_x0040_LastModified="{Date}2023-10-21T17:10:19.050Z"/>
            <ar
                jcr:mixinTypes="[cq:Taggable,dam:cfVariationNode]"
                jcr:primaryType="nt:unstructured"
                _x0040_variationCreationDate="{Date}2023-10-21T17:10:58.515Z"
                actionImage_x0040_LastModified="{Date}2023-10-21T17:10:58.518Z"
                ctaText_x0040_LastModified="{Date}2023-10-21T17:10:58.517Z"
                linkType_x0040_LastModified="{Date}2023-10-21T17:10:58.517Z"
                sameTabOrNewTab="_self"
                sameTabOrNewTab_x0040_LastModified="{Date}2023-10-21T17:10:58.518Z"
                subDescription_x0040_LastModified="{Date}2023-10-21T17:10:58.516Z"
                subHeading="التجوال"
                subHeading_x0040_LastModified="{Date}2023-10-21T17:11:12.770Z"
                subLink="#"
                subLink_x0040_LastModified="{Date}2023-10-21T17:11:12.771Z"/>
        </data>
        <indexedData jcr:primaryType="nt:unstructured">
            <master
                jcr:mixinTypes="[dam:IndexedFragmentData]"
                jcr:primaryType="nt:unstructured"
                jcr:uuid="110ad38a-6f40-4e1e-ac16-b1d8965d2e18"
                _x0040_string_x0040_model="/conf/daas/settings/dam/cfm/models/business-menu-generic-link"
                _x0040_stringArray_x0040_variations="[ar]"
                string_x0040_sameTabOrNewTab="_self"
                string_x0040_subHeading="Roaming"
                string_x0040_subLink="#"/>
            <ar
                jcr:mixinTypes="[dam:IndexedFragmentData]"
                jcr:primaryType="nt:unstructured"
                jcr:uuid="6825d579-7be5-4bef-83e3-2cf2f51e74dc"
                _x0040_string_x0040_model="/conf/daas/settings/dam/cfm/models/business-menu-generic-link"
                string_x0040_sameTabOrNewTab="_self"
                string_x0040_subHeading="التجوال"
                string_x0040_subLink="#"/>
        </indexedData>
        <metadata
            jcr:mixinTypes="[cq:Taggable]"
            jcr:primaryType="nt:unstructured">
            <dam:cfVariations jcr:primaryType="nt:unstructured">
                <ar
                    jcr:mixinTypes="[cq:Taggable]"
                    jcr:primaryType="nt:unstructured"/>
            </dam:cfVariations>
        </metadata>
        <model jcr:primaryType="nt:unstructured">
            <variations jcr:primaryType="nt:unstructured">
                <ar
                    jcr:description="\0"
                    jcr:mixinTypes="[cq:Taggable]"
                    jcr:primaryType="nt:unstructured"
                    jcr:title="Ar"
                    name="ar">
                    <properties
                        jcr:primaryType="nt:unstructured"
                        synchronizeWithVersion="[subHeading:38aeae74-90a8-403c-82f7-a4102eea0a45,subDescription:38aeae74-90a8-403c-82f7-a4102eea0a45,linkType:38aeae74-90a8-403c-82f7-a4102eea0a45,ctaText:38aeae74-90a8-403c-82f7-a4102eea0a45,subLink:38aeae74-90a8-403c-82f7-a4102eea0a45,sameTabOrNewTab:38aeae74-90a8-403c-82f7-a4102eea0a45,actionImage:38aeae74-90a8-403c-82f7-a4102eea0a45]"/>
                </ar>
            </variations>
        </model>
        <related jcr:primaryType="nt:unstructured"/>
    </jcr:content>
</jcr:root>
