<?xml version="1.0" encoding="UTF-8"?>
<jcr:root xmlns:jcr="http://www.jcp.org/jcr/1.0" xmlns:dam="http://www.day.com/dam/1.0" xmlns:nt="http://www.jcp.org/jcr/nt/1.0" xmlns:mix="http://www.jcp.org/jcr/mix/1.0" xmlns:cq="http://www.day.com/jcr/cq/1.0"
    jcr:isCheckedOut="{Boolean}true"
    jcr:mixinTypes="[cq:contentFragment,mix:referenceable,mix:versionable]"
    jcr:primaryType="dam:Asset"
    jcr:uuid="ee57b260-76e4-4aed-88c5-9ebb84e1c8c0">
    <jcr:content
        cq:isDelivered="{Boolean}false"
        cq:lastModified="{Date}2025-11-28T12:13:38.489Z"
        cq:lastModifiedBy="maripaul@eand.com"
        cq:lastReplicated="{Date}2025-12-12T11:08:27.477Z"
        cq:lastReplicated_publish="{Date}2025-12-12T11:08:27.477Z"
        cq:lastReplicatedBy="workflow-process-service"
        cq:lastReplicatedBy_publish="workflow-process-service"
        cq:lastReplicationAction="Activate"
        cq:lastReplicationAction_publish="Activate"
        cq:name="finance"
        cq:parentPath="/content/dam/daas/cfm/header/mega-menu/ai-solutions"
        jcr:lastModified="{Date}2025-03-11T21:34:30.927Z"
        jcr:lastModifiedBy="suvenkatachalam@eand.com"
        jcr:mixinTypes="[cq:ReplicationStatus,cq:ReplicationStatus2]"
        jcr:primaryType="dam:AssetContent"
        jcr:title="Finance"
        contentFragment="{Boolean}true"
        lastFragmentSave="{Date}2025-03-11T21:34:30.927Z">
        <data
            cq:model="/conf/daas/settings/dam/cfm/models/business-menu-generic-link"
            jcr:primaryType="nt:unstructured"
            _strucVersion="{Long}1">
            <master
                jcr:mixinTypes="[cq:Taggable,dam:cfVariationNode]"
                jcr:primaryType="nt:unstructured"
                actionImage_x0040_LastModified="{Date}2023-10-21T17:24:04.091Z"
                ctaText_x0040_LastModified="{Date}2023-10-21T17:24:04.091Z"
                linkType_x0040_LastModified="{Date}2023-10-21T17:24:04.091Z"
                sameTabOrNewTab="_self"
                sameTabOrNewTab_x0040_LastModified="{Date}2023-10-21T17:24:32.995Z"
                subDescription_x0040_LastModified="{Date}2023-10-21T17:24:04.091Z"
                subHeading="Finance"
                subHeading_x0040_LastModified="{Date}2025-03-11T21:33:52.833Z"
                subHeading_x0040_LastModifiedBy="suvenkatachalam@eand.com"
                subLink="#"
                subLink_x0040_LastModified="{Date}2025-03-11T21:33:52.839Z"
                subLink_x0040_LastModifiedBy="suvenkatachalam@eand.com"/>
            <ar
                jcr:mixinTypes="[cq:Taggable,dam:cfVariationNode]"
                jcr:primaryType="nt:unstructured"
                _x0040_variationCreationDate="{Date}2023-10-21T17:24:38.794Z"
                actionImage_x0040_LastModified="{Date}2023-10-21T17:24:38.796Z"
                ctaText_x0040_LastModified="{Date}2023-10-21T17:24:38.795Z"
                linkType_x0040_LastModified="{Date}2023-10-21T17:24:38.795Z"
                sameTabOrNewTab="_self"
                sameTabOrNewTab_x0040_LastModified="{Date}2023-10-21T17:24:38.796Z"
                subDescription_x0040_LastModified="{Date}2023-10-21T17:24:38.795Z"
                subHeading=" الشؤون المالية                        "
                subHeading_x0040_LastModified="{Date}2025-03-11T21:34:30.710Z"
                subHeading_x0040_LastModifiedBy="suvenkatachalam@eand.com"
                subLink="#"
                subLink_x0040_LastModified="{Date}2025-03-11T21:34:30.712Z"
                subLink_x0040_LastModifiedBy="suvenkatachalam@eand.com"/>
        </data>
        <indexedData jcr:primaryType="nt:unstructured">
            <master
                jcr:mixinTypes="[dam:IndexedFragmentData]"
                jcr:primaryType="nt:unstructured"
                jcr:uuid="f4768305-b374-4cdb-89c0-4acaa85c2883"
                _x0040_string_x0040_model="/conf/daas/settings/dam/cfm/models/business-menu-generic-link"
                _x0040_stringArray_x0040_variations="[ar]"
                string_x0040_sameTabOrNewTab="_self"
                string_x0040_subHeading="Finance"
                string_x0040_subLink="#"/>
            <ar
                jcr:mixinTypes="[dam:IndexedFragmentData]"
                jcr:primaryType="nt:unstructured"
                jcr:uuid="fc75b5a1-f0b0-438c-a0b8-4f6672b3afc5"
                _x0040_string_x0040_model="/conf/daas/settings/dam/cfm/models/business-menu-generic-link"
                string_x0040_sameTabOrNewTab="_self"
                string_x0040_subHeading=" الشؤون المالية                        "
                string_x0040_subLink="#"/>
        </indexedData>
        <metadata
            jcr:mixinTypes="[cq:Taggable]"
            jcr:primaryType="nt:unstructured">
            <dam:cfVariations jcr:primaryType="nt:unstructured">
                <ar
                    jcr:mixinTypes="[cq:Taggable]"
                    jcr:primaryType="nt:unstructured"/>
            </dam:cfVariations>
        </metadata>
        <model jcr:primaryType="nt:unstructured">
            <variations jcr:primaryType="nt:unstructured">
                <ar
                    jcr:description="\0"
                    jcr:mixinTypes="[cq:Taggable]"
                    jcr:primaryType="nt:unstructured"
                    jcr:title="Ar"
                    name="ar">
                    <properties
                        jcr:primaryType="nt:unstructured"
                        synchronizeWithVersion="[subHeading:ae7e310d-e2d5-43e4-8473-2d482a2076c6,subDescription:ae7e310d-e2d5-43e4-8473-2d482a2076c6,linkType:ae7e310d-e2d5-43e4-8473-2d482a2076c6,ctaText:ae7e310d-e2d5-43e4-8473-2d482a2076c6,subLink:ae7e310d-e2d5-43e4-8473-2d482a2076c6,sameTabOrNewTab:ae7e310d-e2d5-43e4-8473-2d482a2076c6,actionImage:ae7e310d-e2d5-43e4-8473-2d482a2076c6]"/>
                </ar>
            </variations>
        </model>
        <related jcr:primaryType="nt:unstructured"/>
    </jcr:content>
</jcr:root>
