<?xml version="1.0" encoding="UTF-8"?>
<jcr:root xmlns:jcr="http://www.jcp.org/jcr/1.0" xmlns:rep="internal" xmlns:cq="http://www.day.com/jcr/cq/1.0" xmlns:sling="http://sling.apache.org/jcr/sling/1.0"
    cq:isDelivered="{Boolean}false"
    cq:lastReplicated="{Date}2025-12-05T10:05:27.125Z"
    cq:lastReplicated_publish="{Date}2025-12-05T10:05:27.125Z"
    cq:lastReplicated_scene7="{Date}2022-03-21T17:35:39.670Z"
    cq:lastReplicatedBy="sravulapalli@eand.com"
    cq:lastReplicatedBy_publish="sravulapalli@eand.com"
    cq:lastReplicatedBy_scene7="cap04477@adobe.com"
    cq:lastReplicationAction="Activate"
    cq:lastReplicationAction_publish="Activate"
    cq:lastReplicationAction_scene7="Activate"
    jcr:description="\0"
    jcr:mixinTypes="[cq:ReplicationStatus,cq:ReplicationStatus2,rep:AccessControllable]"
    jcr:primaryType="cq:Tag"
    jcr:title="Etisalat"
    sling:resourceType="cq/tagging/components/tag">
    <product-card/>
    <business/>
    <recommend-product/>
    <store-locator/>
    <featured-page/>
    <nwt/>
    <smb-filter-sub-category/>
    <nwt-smb-channels-list-category/>
    <device-cards/>
    <smb-filter-category/>
    <cfm-nwt-con-buttons-color/>
    <cfm-nwt-con-bg-color/>
    <cfm-nwt-con-badges-color/>
    <cfm-nwt-con-component-name/>
    <digital-internet/>
    <need-help/>
    <rep:policy/>
    <rmp-2025/>
    <cfm-nwt-con-button-type/>
    <cfm-nwt-con-spacer/>
    <cfm-nwt-consumer-banner-type/>
    <cfm-nwt-con-card-template/>
    <mobile-app-reference/>
    <cfm-nwt-consumer-toggle-_x0028_on-load-behaviour_x0029_/>
    <cfm-nwt-con-accessibility-color/>
    <plan-cards/>
    <cfm-nwt-app-identify/>
    <daas/>
    <cfm-nwt-con-tabs-color/>
</jcr:root>
