<?xml version="1.0" encoding="UTF-8"?>
<jcr:root xmlns:jcr="http://www.jcp.org/jcr/1.0" xmlns:dam="http://www.day.com/dam/1.0" xmlns:nt="http://www.jcp.org/jcr/nt/1.0" xmlns:mix="http://www.jcp.org/jcr/mix/1.0" xmlns:cq="http://www.day.com/jcr/cq/1.0"
    jcr:isCheckedOut="{Boolean}true"
    jcr:mixinTypes="[cq:contentFragment,mix:referenceable,mix:versionable]"
    jcr:primaryType="dam:Asset"
    jcr:uuid="7996d5bf-ba61-4625-affa-d0586cd03271">
    <jcr:content
        cq:isDelivered="{Boolean}false"
        cq:lastModified="{Date}2025-11-28T12:13:53.509Z"
        cq:lastModifiedBy="maripaul@eand.com"
        cq:lastReplicated="{Date}2025-12-12T11:08:37.533Z"
        cq:lastReplicated_publish="{Date}2025-12-12T11:08:37.533Z"
        cq:lastReplicatedBy="workflow-process-service"
        cq:lastReplicatedBy_publish="workflow-process-service"
        cq:lastReplicationAction="Activate"
        cq:lastReplicationAction_publish="Activate"
        cq:name="billing-and-payments"
        cq:parentPath="/content/dam/daas/cfm/header/mega-menu"
        jcr:lastModified="{Date}2025-03-11T23:17:25.568Z"
        jcr:lastModifiedBy="suvenkatachalam@eand.com"
        jcr:mixinTypes="[cq:ReplicationStatus,cq:ReplicationStatus2]"
        jcr:primaryType="dam:AssetContent"
        jcr:title="Billing and Payments"
        contentFragment="{Boolean}true"
        lastFragmentSave="{Date}2025-03-11T23:17:25.568Z">
        <data
            cq:model="/conf/daas/settings/dam/cfm/models/business-menu-generic-link"
            jcr:primaryType="nt:unstructured"
            _strucVersion="{Long}1">
            <master
                jcr:mixinTypes="[cq:Taggable,dam:cfVariationNode]"
                jcr:primaryType="nt:unstructured"
                actionImage_x0040_LastModified="{Date}2023-10-21T20:05:07.539Z"
                ctaText_x0040_LastModified="{Date}2023-10-21T20:05:07.539Z"
                linkType_x0040_LastModified="{Date}2023-10-21T20:05:07.539Z"
                sameTabOrNewTab="_self"
                sameTabOrNewTab_x0040_LastModified="{Date}2023-10-21T20:05:27.242Z"
                subDescription_x0040_LastModified="{Date}2023-10-21T20:05:07.539Z"
                subHeading="Billing and Payments"
                subHeading_x0040_LastModified="{Date}2023-10-21T20:05:27.241Z"
                subLink="#"
                subLink_x0040_LastModified="{Date}2023-10-21T20:05:27.241Z"/>
            <ar
                jcr:mixinTypes="[cq:Taggable,dam:cfVariationNode]"
                jcr:primaryType="nt:unstructured"
                _x0040_variationCreationDate="{Date}2023-10-21T20:05:32.670Z"
                actionImage_x0040_LastModified="{Date}2023-10-21T20:05:32.672Z"
                ctaText_x0040_LastModified="{Date}2023-10-21T20:05:32.672Z"
                linkType_x0040_LastModified="{Date}2023-10-21T20:05:32.671Z"
                sameTabOrNewTab="_self"
                sameTabOrNewTab_x0040_LastModified="{Date}2023-10-21T20:05:32.672Z"
                subDescription_x0040_LastModified="{Date}2023-10-21T20:05:32.671Z"
                subHeading="الفواتير والمدفوعات"
                subHeading_x0040_LastModified="{Date}2023-10-21T20:05:51.983Z"
                subLink="#"
                subLink_x0040_LastModified="{Date}2023-10-21T20:05:51.983Z"/>
        </data>
        <indexedData jcr:primaryType="nt:unstructured">
            <master
                jcr:mixinTypes="[dam:IndexedFragmentData]"
                jcr:primaryType="nt:unstructured"
                jcr:uuid="4a41eb36-4a4f-4eb3-a70b-69fb5823bde8"
                _x0040_string_x0040_model="/conf/daas/settings/dam/cfm/models/business-menu-generic-link"
                _x0040_stringArray_x0040_variations="[ar]"
                string_x0040_sameTabOrNewTab="_self"
                string_x0040_subHeading="Billing and Payments"
                string_x0040_subLink="#"/>
            <ar
                jcr:mixinTypes="[dam:IndexedFragmentData]"
                jcr:primaryType="nt:unstructured"
                jcr:uuid="89d52003-82aa-4124-a11f-3ece75e0b1eb"
                _x0040_string_x0040_model="/conf/daas/settings/dam/cfm/models/business-menu-generic-link"
                string_x0040_sameTabOrNewTab="_self"
                string_x0040_subHeading="الفواتير والمدفوعات"
                string_x0040_subLink="#"/>
        </indexedData>
        <metadata
            jcr:mixinTypes="[cq:Taggable]"
            jcr:primaryType="nt:unstructured">
            <dam:cfVariations jcr:primaryType="nt:unstructured">
                <ar
                    jcr:mixinTypes="[cq:Taggable]"
                    jcr:primaryType="nt:unstructured"/>
            </dam:cfVariations>
        </metadata>
        <model jcr:primaryType="nt:unstructured">
            <variations jcr:primaryType="nt:unstructured">
                <ar
                    jcr:description="\0"
                    jcr:mixinTypes="[cq:Taggable]"
                    jcr:primaryType="nt:unstructured"
                    jcr:title="Ar"
                    name="ar">
                    <properties
                        jcr:primaryType="nt:unstructured"
                        synchronizeWithVersion="[subHeading:11a1c8ec-427d-4c47-a800-e0d462df33e5,subDescription:11a1c8ec-427d-4c47-a800-e0d462df33e5,linkType:11a1c8ec-427d-4c47-a800-e0d462df33e5,ctaText:11a1c8ec-427d-4c47-a800-e0d462df33e5,subLink:11a1c8ec-427d-4c47-a800-e0d462df33e5,sameTabOrNewTab:11a1c8ec-427d-4c47-a800-e0d462df33e5,actionImage:11a1c8ec-427d-4c47-a800-e0d462df33e5]"/>
                </ar>
            </variations>
        </model>
        <related jcr:primaryType="nt:unstructured"/>
    </jcr:content>
</jcr:root>
