<?xml version="1.0" encoding="UTF-8"?>
<jcr:root xmlns:jcr="http://www.jcp.org/jcr/1.0" xmlns:dam="http://www.day.com/dam/1.0" xmlns:nt="http://www.jcp.org/jcr/nt/1.0" xmlns:mix="http://www.jcp.org/jcr/mix/1.0" xmlns:cq="http://www.day.com/jcr/cq/1.0"
    jcr:isCheckedOut="{Boolean}true"
    jcr:mixinTypes="[cq:contentFragment,mix:referenceable,mix:versionable]"
    jcr:primaryType="dam:Asset"
    jcr:uuid="fb3670ad-b934-4b49-9d95-64ed07c8ad69">
    <jcr:content
        cq:name="overview"
        cq:parentPath="/content/dam/daas/cfm/tab-with-quicklinks"
        cq:versionCreator="maripaul@eand.com"
        jcr:lastModified="{Date}2025-12-03T10:41:04.105Z"
        jcr:lastModifiedBy="amaidheen@eand.com"
        jcr:primaryType="dam:AssetContent"
        jcr:title="Overview"
        contentFragment="{Boolean}true">
        <data
            cq:model="/conf/daas/settings/dam/cfm/models/b2b-transformation-main"
            jcr:primaryType="nt:unstructured"
            _strucVersion="{Long}1">
            <master
                jcr:mixinTypes="[cq:Taggable,dam:cfVariationNode]"
                jcr:primaryType="nt:unstructured"
                b2bTransformationMainSec="[/content/dam/daas/cfm/tab-with-quicklinks/tab-sub-sec]"
                b2bTransformationMainSec_x0040_LastModified="{Date}2025-12-03T10:40:59.468Z"
                b2bTransformationMainSec_x0040_LastModifiedBy="amaidheen@eand.com">
                <card
                    jcr:primaryType="nt:unstructured"
                    assets="[]"
                    texts="[]"/>
            </master>
            <ar
                jcr:mixinTypes="[cq:Taggable,dam:cfVariationNode]"
                jcr:primaryType="nt:unstructured"
                _x0040_variationCreationDate="{Date}2025-12-03T10:41:04.103Z"
                b2bTransformationMainSec="[/content/dam/daas/cfm/tab-with-quicklinks/tab-sub-sec]"
                b2bTransformationMainSec_x0040_LastModified="{Date}2025-12-03T10:41:04.105Z"
                b2bTransformationMainSec_x0040_LastModifiedBy="amaidheen@eand.com"/>
        </data>
        <indexedData jcr:primaryType="nt:unstructured">
            <master
                jcr:mixinTypes="[dam:IndexedFragmentData]"
                jcr:primaryType="nt:unstructured"
                jcr:uuid="9c0b2fb6-9fd9-485a-839f-13cf2d3bed83"
                _x0040_string_x0040_model="/conf/daas/settings/dam/cfm/models/b2b-transformation-main"
                _x0040_stringArray_x0040_variations="[ar]"/>
            <ar
                jcr:mixinTypes="[dam:IndexedFragmentData]"
                jcr:primaryType="nt:unstructured"
                jcr:uuid="fc82ad3a-d23e-4412-9549-42aa6435eb7e"
                _x0040_string_x0040_model="/conf/daas/settings/dam/cfm/models/b2b-transformation-main"/>
        </indexedData>
        <metadata
            jcr:mixinTypes="[cq:Taggable]"
            jcr:primaryType="nt:unstructured"/>
        <model jcr:primaryType="nt:unstructured">
            <variations jcr:primaryType="nt:unstructured">
                <ar
                    jcr:description="\0"
                    jcr:mixinTypes="[cq:Taggable]"
                    jcr:primaryType="nt:unstructured"
                    jcr:title="ar"
                    name="ar"/>
            </variations>
        </model>
        <related jcr:primaryType="nt:unstructured"/>
    </jcr:content>
</jcr:root>
