<?xml version="1.0" encoding="UTF-8"?>
<jcr:root xmlns:jcr="http://www.jcp.org/jcr/1.0" xmlns:dam="http://www.day.com/dam/1.0" xmlns:nt="http://www.jcp.org/jcr/nt/1.0" xmlns:mix="http://www.jcp.org/jcr/mix/1.0" xmlns:cq="http://www.day.com/jcr/cq/1.0"
    jcr:isCheckedOut="{Boolean}true"
    jcr:mixinTypes="[cq:contentFragment,mix:referenceable,mix:versionable]"
    jcr:primaryType="dam:Asset"
    jcr:uuid="ade00f27-bcec-4f86-a15d-3115f331e55e">
    <jcr:content
        cq:isDelivered="{Boolean}false"
        cq:lastModified="{Date}2025-11-28T12:13:51.834Z"
        cq:lastModifiedBy="maripaul@eand.com"
        cq:lastReplicated="{Date}2025-12-12T11:08:37.533Z"
        cq:lastReplicated_publish="{Date}2025-12-12T11:08:37.533Z"
        cq:lastReplicatedBy="workflow-process-service"
        cq:lastReplicatedBy_publish="workflow-process-service"
        cq:lastReplicationAction="Activate"
        cq:lastReplicationAction_publish="Activate"
        cq:name="data-backup"
        cq:parentPath="/content/dam/daas/cfm/header/mega-menu/productivity"
        jcr:lastModified="{Date}2025-03-11T22:37:14.013Z"
        jcr:lastModifiedBy="suvenkatachalam@eand.com"
        jcr:mixinTypes="[cq:ReplicationStatus,cq:ReplicationStatus2]"
        jcr:primaryType="dam:AssetContent"
        jcr:title="Data backup"
        contentFragment="{Boolean}true"
        lastFragmentSave="{Date}2025-03-11T22:37:14.013Z">
        <data
            cq:model="/conf/daas/settings/dam/cfm/models/business-menu-generic-link"
            jcr:primaryType="nt:unstructured"
            _strucVersion="{Long}1">
            <master
                jcr:mixinTypes="[cq:Taggable,dam:cfVariationNode]"
                jcr:primaryType="nt:unstructured"
                actionImage_x0040_LastModified="{Date}2023-10-21T19:21:22.278Z"
                ctaText_x0040_LastModified="{Date}2023-10-21T19:21:22.278Z"
                linkType_x0040_LastModified="{Date}2023-10-21T19:21:22.278Z"
                sameTabOrNewTab="_self"
                sameTabOrNewTab_x0040_LastModified="{Date}2023-10-21T19:21:39.722Z"
                subDescription_x0040_LastModified="{Date}2023-10-21T19:21:22.278Z"
                subHeading="Data Backup"
                subHeading_x0040_LastModified="{Date}2025-03-11T22:36:42.985Z"
                subHeading_x0040_LastModifiedBy="suvenkatachalam@eand.com"
                subLink="#"
                subLink_x0040_LastModified="{Date}2025-03-11T22:36:42.986Z"
                subLink_x0040_LastModifiedBy="suvenkatachalam@eand.com"/>
            <ar
                jcr:mixinTypes="[cq:Taggable,dam:cfVariationNode]"
                jcr:primaryType="nt:unstructured"
                _x0040_variationCreationDate="{Date}2023-10-21T19:21:44.637Z"
                actionImage_x0040_LastModified="{Date}2023-10-21T19:21:44.639Z"
                ctaText_x0040_LastModified="{Date}2023-10-21T19:21:44.638Z"
                linkType_x0040_LastModified="{Date}2023-10-21T19:21:44.638Z"
                sameTabOrNewTab="_self"
                sameTabOrNewTab_x0040_LastModified="{Date}2023-10-21T19:21:44.638Z"
                subDescription_x0040_LastModified="{Date}2023-10-21T19:21:44.638Z"
                subHeading="النسخ الاحتياطي للبيانات"
                subHeading_x0040_LastModified="{Date}2025-03-11T22:37:06.304Z"
                subHeading_x0040_LastModifiedBy="suvenkatachalam@eand.com"
                subLink="#"
                subLink_x0040_LastModified="{Date}2025-03-11T22:37:06.306Z"
                subLink_x0040_LastModifiedBy="suvenkatachalam@eand.com"/>
        </data>
        <indexedData jcr:primaryType="nt:unstructured">
            <master
                jcr:mixinTypes="[dam:IndexedFragmentData]"
                jcr:primaryType="nt:unstructured"
                jcr:uuid="be470863-5d9a-4049-9a3a-2646e45456a3"
                _x0040_string_x0040_model="/conf/daas/settings/dam/cfm/models/business-menu-generic-link"
                _x0040_stringArray_x0040_variations="[ar]"
                string_x0040_sameTabOrNewTab="_self"
                string_x0040_subHeading="Data Backup"
                string_x0040_subLink="#"/>
            <ar
                jcr:mixinTypes="[dam:IndexedFragmentData]"
                jcr:primaryType="nt:unstructured"
                jcr:uuid="ef727bea-f2e3-47a5-a186-29c5130a31a4"
                _x0040_string_x0040_model="/conf/daas/settings/dam/cfm/models/business-menu-generic-link"
                string_x0040_sameTabOrNewTab="_self"
                string_x0040_subHeading="النسخ الاحتياطي للبيانات"
                string_x0040_subLink="#"/>
        </indexedData>
        <metadata
            jcr:mixinTypes="[cq:Taggable]"
            jcr:primaryType="nt:unstructured">
            <dam:cfVariations jcr:primaryType="nt:unstructured">
                <ar
                    jcr:mixinTypes="[cq:Taggable]"
                    jcr:primaryType="nt:unstructured"/>
            </dam:cfVariations>
        </metadata>
        <model jcr:primaryType="nt:unstructured">
            <variations jcr:primaryType="nt:unstructured">
                <ar
                    jcr:description="\0"
                    jcr:mixinTypes="[cq:Taggable]"
                    jcr:primaryType="nt:unstructured"
                    jcr:title="Ar"
                    name="ar">
                    <properties
                        jcr:primaryType="nt:unstructured"
                        synchronizeWithVersion="[subHeading:ceeb5844-9c0e-4fdd-ab83-27f055952a13,subDescription:ceeb5844-9c0e-4fdd-ab83-27f055952a13,linkType:ceeb5844-9c0e-4fdd-ab83-27f055952a13,ctaText:ceeb5844-9c0e-4fdd-ab83-27f055952a13,subLink:ceeb5844-9c0e-4fdd-ab83-27f055952a13,sameTabOrNewTab:ceeb5844-9c0e-4fdd-ab83-27f055952a13,actionImage:ceeb5844-9c0e-4fdd-ab83-27f055952a13]"/>
                </ar>
            </variations>
        </model>
        <related jcr:primaryType="nt:unstructured"/>
    </jcr:content>
</jcr:root>
