<?xml version="1.0" encoding="UTF-8"?>
<jcr:root xmlns:jcr="http://www.jcp.org/jcr/1.0" xmlns:dam="http://www.day.com/dam/1.0" xmlns:nt="http://www.jcp.org/jcr/nt/1.0" xmlns:mix="http://www.jcp.org/jcr/mix/1.0" xmlns:cq="http://www.day.com/jcr/cq/1.0"
    jcr:isCheckedOut="{Boolean}true"
    jcr:mixinTypes="[mix:referenceable,mix:versionable]"
    jcr:primaryType="dam:Asset"
    jcr:uuid="7b3de2c7-aaa6-4326-a1e6-d3956e139a38">
    <jcr:content
        cq:isDelivered="{Boolean}false"
        cq:lastModified="{Date}2025-11-28T15:48:23.386+05:30"
        cq:lastModifiedBy="admin"
        cq:lastReplicationAction_publish="Activate"
        cq:name="instagram"
        cq:parentPath="/content/dam/daas/cfm/footer-quicklinks/patners"
        jcr:lastModified="{Date}2025-03-14T10:21:41.535Z"
        jcr:lastModifiedBy="suvenkatachalam@eand.com"
        jcr:mixinTypes="[cq:ReplicationStatus,cq:ReplicationStatus2]"
        jcr:primaryType="dam:AssetContent"
        jcr:title="Instagram"
        contentFragment="{Boolean}true"
        lastFragmentSave="{Date}2025-03-14T10:21:41.535Z">
        <data
            cq:model="/conf/daas/settings/dam/cfm/models/business-menu-generic-link"
            jcr:primaryType="nt:unstructured"
            _strucVersion="{Long}1">
            <master
                jcr:mixinTypes="[cq:Taggable,dam:cfVariationNode]"
                jcr:primaryType="nt:unstructured"
                actionImage="/content/dam/etisalat/business-images/smb/2023/footer/footer-icons/finsta.svg"
                actionImage_x0040_LastModified="{Date}2025-03-13T05:47:01.721Z"
                actionImage_x0040_LastModifiedBy="suvenkatachalam@eand.com"
                ctaText_x0040_LastModified="{Date}2023-10-22T10:13:49.573Z"
                linkType="[absolute]"
                linkType_x0040_LastModified="{Date}2023-10-22T10:14:20.988Z"
                sameTabOrNewTab="_blank"
                sameTabOrNewTab_x0040_LastModified="{Date}2023-10-22T10:14:20.988Z"
                subDescription_x0040_LastModified="{Date}2023-10-22T10:13:49.573Z"
                subHeading_x0040_LastModified="{Date}2023-10-22T10:13:49.573Z"
                subLink="https://www.instagram.com/eanduae/ "
                subLink_x0040_LastModified="{Date}2025-03-14T10:21:41.312Z"
                subLink_x0040_LastModifiedBy="suvenkatachalam@eand.com"/>
            <ar
                jcr:mixinTypes="[cq:Taggable,dam:cfVariationNode]"
                jcr:primaryType="nt:unstructured"
                _x0040_variationCreationDate="{Date}2023-10-22T10:14:25.932Z"
                actionImage="/content/dam/etisalat/business-images/smb/2023/footer/footer-icons/finsta.svg"
                actionImage_x0040_LastModified="{Date}2025-03-13T05:47:09.039Z"
                actionImage_x0040_LastModifiedBy="suvenkatachalam@eand.com"
                ctaText_x0040_LastModified="{Date}2023-10-22T10:14:25.934Z"
                linkType="[absolute]"
                linkType_x0040_LastModified="{Date}2023-10-22T10:14:25.934Z"
                sameTabOrNewTab="_blank"
                sameTabOrNewTab_x0040_LastModified="{Date}2023-10-22T10:14:25.935Z"
                subDescription_x0040_LastModified="{Date}2023-10-22T10:14:25.933Z"
                subHeading_x0040_LastModified="{Date}2023-10-22T10:14:25.933Z"
                subLink="https://www.instagram.com/eanduae/"
                subLink_x0040_LastModified="{Date}2025-03-13T06:32:29.530Z"
                subLink_x0040_LastModifiedBy="suvenkatachalam@eand.com"/>
        </data>
        <indexedData jcr:primaryType="nt:unstructured">
            <master
                jcr:mixinTypes="[dam:IndexedFragmentData]"
                jcr:primaryType="nt:unstructured"
                jcr:uuid="6e630a2e-9bea-43b6-89b3-e692bd936e73"
                _x0040_string_x0040_model="/conf/daas/settings/dam/cfm/models/business-menu-generic-link"
                _x0040_stringArray_x0040_variations="[ar]"
                string_x0040_sameTabOrNewTab="_blank"
                string_x0040_subLink="https://www.instagram.com/eanduae/ "
                stringArray_x0040_linkType="[absolute]"/>
            <ar
                jcr:mixinTypes="[dam:IndexedFragmentData]"
                jcr:primaryType="nt:unstructured"
                jcr:uuid="99c226f9-7597-4a26-86fc-5838821c2fc6"
                _x0040_string_x0040_model="/conf/daas/settings/dam/cfm/models/business-menu-generic-link"
                string_x0040_sameTabOrNewTab="_blank"
                string_x0040_subLink="https://www.instagram.com/eanduae/"
                stringArray_x0040_linkType="[absolute]"/>
        </indexedData>
        <metadata
            jcr:mixinTypes="[cq:Taggable]"
            jcr:primaryType="nt:unstructured">
            <dam:cfVariations jcr:primaryType="nt:unstructured">
                <ar
                    jcr:mixinTypes="[cq:Taggable]"
                    jcr:primaryType="nt:unstructured"/>
            </dam:cfVariations>
        </metadata>
        <model jcr:primaryType="nt:unstructured">
            <variations jcr:primaryType="nt:unstructured">
                <ar
                    jcr:description="\0"
                    jcr:mixinTypes="[cq:Taggable]"
                    jcr:primaryType="nt:unstructured"
                    jcr:title="Ar"
                    name="ar">
                    <properties
                        jcr:primaryType="nt:unstructured"
                        synchronizeWithVersion="[subHeading:8ad5d588-d4f4-478e-a5af-b7af0e056d1d,subDescription:8ad5d588-d4f4-478e-a5af-b7af0e056d1d,linkType:8ad5d588-d4f4-478e-a5af-b7af0e056d1d,ctaText:8ad5d588-d4f4-478e-a5af-b7af0e056d1d,subLink:8ad5d588-d4f4-478e-a5af-b7af0e056d1d,sameTabOrNewTab:8ad5d588-d4f4-478e-a5af-b7af0e056d1d,actionImage:8ad5d588-d4f4-478e-a5af-b7af0e056d1d]"/>
                </ar>
            </variations>
        </model>
        <related jcr:primaryType="nt:unstructured"/>
    </jcr:content>
</jcr:root>
