<?xml version="1.0" encoding="UTF-8"?>
<jcr:root xmlns:jcr="http://www.jcp.org/jcr/1.0" xmlns:dam="http://www.day.com/dam/1.0" xmlns:nt="http://www.jcp.org/jcr/nt/1.0" xmlns:mix="http://www.jcp.org/jcr/mix/1.0" xmlns:cq="http://www.day.com/jcr/cq/1.0"
    jcr:isCheckedOut="{Boolean}true"
    jcr:mixinTypes="[mix:referenceable,mix:versionable]"
    jcr:primaryType="dam:Asset"
    jcr:uuid="ea39a64b-c7ad-45b7-aa49-46d55ed24158">
    <jcr:content
        cq:isDelivered="{Boolean}false"
        cq:lastModified="{Date}2025-11-28T15:19:27.178+05:30"
        cq:lastModifiedBy="admin"
        cq:lastReplicationAction_publish="Activate"
        cq:name="small-&amp;-medium-business"
        cq:parentPath="/content/dam/daas/cfm/footer"
        jcr:lastModified="{Date}2025-04-08T09:34:02.121Z"
        jcr:lastModifiedBy="suvenkatachalam@eand.com"
        jcr:mixinTypes="[cq:ReplicationStatus,cq:ReplicationStatus2]"
        jcr:primaryType="dam:AssetContent"
        jcr:title="SMALL &amp; MEDIUM BUSINESS"
        contentFragment="{Boolean}true"
        lastFragmentSave="{Date}2025-04-08T09:34:02.121Z">
        <data
            cq:model="/conf/daas/settings/dam/cfm/models/business-footer-maintitle-section"
            jcr:primaryType="nt:unstructured"
            _strucVersion="{Long}1">
            <master
                jcr:mixinTypes="[cq:Taggable,dam:cfVariationNode]"
                jcr:primaryType="nt:unstructured"
                mainTitle="SMALL &amp; MEDIUM BUSINESS"
                mainTitle_x0040_LastModified="{Date}2023-10-22T10:59:58.608Z"
                subsection="[/content/dam/daas/cfm/footer-quicklinks/quick-links/mobile-plans,/content/dam/daas/cfm/footer-quicklinks/quick-links/internet-&amp;-bundles,/content/dam/daas/cfm/footer-quicklinks/quick-links/internet-calling-plans,/content/dam/daas/cfm/footer-quicklinks/quick-links/mobile-devices,/content/dam/daas/cfm/footer-quicklinks/quick-links/business-app-store,/content/dam/daas/cfm/footer-quicklinks/quick-links/startup-&amp;-micro-business]"
                subsection_x0040_LastModified="{Date}2025-04-08T09:33:48.742Z"
                subsection_x0040_LastModifiedBy="suvenkatachalam@eand.com">
                <card
                    jcr:primaryType="nt:unstructured"
                    assets="[]"
                    texts="[SMALL &amp; MEDIUM BUSINESS]"/>
            </master>
            <ar
                jcr:mixinTypes="[cq:Taggable,dam:cfVariationNode]"
                jcr:primaryType="nt:unstructured"
                _x0040_variationCreationDate="{Date}2023-10-22T11:02:11.514Z"
                mainTitle="الشركات الصغيرة والمتوسطة"
                mainTitle_x0040_LastModified="{Date}2023-10-22T11:02:39.358Z"
                subsection="[/content/dam/daas/cfm/footer-quicklinks/quick-links/mobile-plans,/content/dam/daas/cfm/footer-quicklinks/quick-links/internet-&amp;-bundles,/content/dam/daas/cfm/footer-quicklinks/quick-links/internet-calling-plans,/content/dam/daas/cfm/footer-quicklinks/quick-links/business-app-store,/content/dam/daas/cfm/footer-quicklinks/quick-links/startup-&amp;-micro-business]"
                subsection_x0040_LastModified="{Date}2023-10-22T11:02:11.516Z"/>
        </data>
        <indexedData jcr:primaryType="nt:unstructured">
            <master
                jcr:mixinTypes="[dam:IndexedFragmentData]"
                jcr:primaryType="nt:unstructured"
                jcr:uuid="de8f939f-beae-433d-b381-0cb22fe37c0c"
                _x0040_string_x0040_model="/conf/daas/settings/dam/cfm/models/business-footer-maintitle-section"
                _x0040_stringArray_x0040_variations="[ar]"
                string_x0040_mainTitle="SMALL &amp; MEDIUM BUSINESS"/>
            <ar
                jcr:mixinTypes="[dam:IndexedFragmentData]"
                jcr:primaryType="nt:unstructured"
                jcr:uuid="82f63cb5-0090-4461-90d9-1279a9fce0c5"
                _x0040_string_x0040_model="/conf/daas/settings/dam/cfm/models/business-footer-maintitle-section"
                string_x0040_mainTitle="الشركات الصغيرة والمتوسطة"/>
        </indexedData>
        <metadata
            jcr:mixinTypes="[cq:Taggable]"
            jcr:primaryType="nt:unstructured"/>
        <model jcr:primaryType="nt:unstructured">
            <variations jcr:primaryType="nt:unstructured">
                <ar
                    jcr:description="\0"
                    jcr:mixinTypes="[cq:Taggable]"
                    jcr:primaryType="nt:unstructured"
                    jcr:title="Ar"
                    name="ar">
                    <properties
                        jcr:primaryType="nt:unstructured"
                        synchronizeWithVersion="[mainTitle:07f9c0c9-b840-43d5-819d-7e4900f8e697,subsection:07f9c0c9-b840-43d5-819d-7e4900f8e697]"/>
                </ar>
            </variations>
        </model>
        <related jcr:primaryType="nt:unstructured"/>
    </jcr:content>
</jcr:root>
