<?xml version="1.0" encoding="UTF-8"?>
<jcr:root xmlns:jcr="http://www.jcp.org/jcr/1.0" xmlns:dam="http://www.day.com/dam/1.0" xmlns:nt="http://www.jcp.org/jcr/nt/1.0" xmlns:mix="http://www.jcp.org/jcr/mix/1.0" xmlns:cq="http://www.day.com/jcr/cq/1.0"
    jcr:isCheckedOut="{Boolean}true"
    jcr:mixinTypes="[cq:contentFragment,mix:referenceable,mix:versionable]"
    jcr:primaryType="dam:Asset"
    jcr:uuid="c42b98e3-7007-486e-a804-6e586ae96c55">
    <jcr:content
        cq:isDelivered="{Boolean}false"
        cq:lastModified="{Date}2025-11-28T12:13:54.132Z"
        cq:lastModifiedBy="maripaul@eand.com"
        cq:lastReplicated="{Date}2025-12-12T11:08:37.533Z"
        cq:lastReplicated_publish="{Date}2025-12-12T11:08:37.533Z"
        cq:lastReplicatedBy="workflow-process-service"
        cq:lastReplicatedBy_publish="workflow-process-service"
        cq:lastReplicationAction="Activate"
        cq:lastReplicationAction_publish="Activate"
        cq:name="register"
        cq:parentPath="/content/dam/daas/cfm/header/mega-menu"
        jcr:lastModified="{Date}2025-03-13T07:24:33.098Z"
        jcr:lastModifiedBy="suvenkatachalam@eand.com"
        jcr:mixinTypes="[cq:ReplicationStatus,cq:ReplicationStatus2]"
        jcr:primaryType="dam:AssetContent"
        jcr:title="Register"
        contentFragment="{Boolean}true"
        lastFragmentSave="{Date}2025-03-13T07:24:33.098Z">
        <data
            cq:model="/conf/daas/settings/dam/cfm/models/business-menu-generic-link"
            jcr:primaryType="nt:unstructured"
            _strucVersion="{Long}1">
            <master
                jcr:mixinTypes="[cq:Taggable,dam:cfVariationNode]"
                jcr:primaryType="nt:unstructured"
                actionImage_x0040_LastModified="{Date}2023-10-21T20:26:55.538Z"
                ctaText_x0040_LastModified="{Date}2023-10-21T20:26:55.538Z"
                linkType_x0040_LastModified="{Date}2023-10-21T20:26:55.538Z"
                sameTabOrNewTab="_self"
                sameTabOrNewTab_x0040_LastModified="{Date}2023-10-21T20:27:28.529Z"
                subDescription_x0040_LastModified="{Date}2023-10-21T20:26:55.538Z"
                subHeading="Register"
                subHeading_x0040_LastModified="{Date}2023-10-21T20:27:28.528Z"
                subLink="#?locale=en"
                subLink_x0040_LastModified="{Date}2025-03-13T07:24:18.923Z"
                subLink_x0040_LastModifiedBy="suvenkatachalam@eand.com"/>
            <ar
                jcr:mixinTypes="[cq:Taggable,dam:cfVariationNode]"
                jcr:primaryType="nt:unstructured"
                _x0040_variationCreationDate="{Date}2023-10-21T20:27:33.088Z"
                actionImage_x0040_LastModified="{Date}2023-10-21T20:27:33.091Z"
                ctaText_x0040_LastModified="{Date}2023-10-21T20:27:33.090Z"
                linkType_x0040_LastModified="{Date}2023-10-21T20:27:33.089Z"
                sameTabOrNewTab="_self"
                sameTabOrNewTab_x0040_LastModified="{Date}2023-10-21T20:27:33.090Z"
                subDescription_x0040_LastModified="{Date}2023-10-21T20:27:33.089Z"
                subHeading="إنشاء حساب"
                subHeading_x0040_LastModified="{Date}2023-10-21T20:27:57.031Z"
                subLink="#?locale=ar"
                subLink_x0040_LastModified="{Date}2025-03-13T07:24:32.847Z"
                subLink_x0040_LastModifiedBy="suvenkatachalam@eand.com"/>
        </data>
        <indexedData jcr:primaryType="nt:unstructured">
            <master
                jcr:mixinTypes="[dam:IndexedFragmentData]"
                jcr:primaryType="nt:unstructured"
                jcr:uuid="17921e59-88f6-4358-95a7-522e55076c31"
                _x0040_string_x0040_model="/conf/daas/settings/dam/cfm/models/business-menu-generic-link"
                _x0040_stringArray_x0040_variations="[ar]"
                string_x0040_sameTabOrNewTab="_self"
                string_x0040_subHeading="Register"
                string_x0040_subLink="#?locale=en"/>
            <ar
                jcr:mixinTypes="[dam:IndexedFragmentData]"
                jcr:primaryType="nt:unstructured"
                jcr:uuid="cbb7202c-f936-4900-a7cf-7de6ab374fc5"
                _x0040_string_x0040_model="/conf/daas/settings/dam/cfm/models/business-menu-generic-link"
                string_x0040_sameTabOrNewTab="_self"
                string_x0040_subHeading="إنشاء حساب"
                string_x0040_subLink="#?locale=ar"/>
        </indexedData>
        <metadata
            jcr:mixinTypes="[cq:Taggable]"
            jcr:primaryType="nt:unstructured">
            <dam:cfVariations jcr:primaryType="nt:unstructured">
                <ar
                    jcr:mixinTypes="[cq:Taggable]"
                    jcr:primaryType="nt:unstructured"/>
            </dam:cfVariations>
        </metadata>
        <model jcr:primaryType="nt:unstructured">
            <variations jcr:primaryType="nt:unstructured">
                <ar
                    jcr:description="\0"
                    jcr:mixinTypes="[cq:Taggable]"
                    jcr:primaryType="nt:unstructured"
                    jcr:title="Ar"
                    name="ar">
                    <properties
                        jcr:primaryType="nt:unstructured"
                        synchronizeWithVersion="[subHeading:d8ebb6f1-ec0a-4107-ab05-f25214f3143c,subDescription:d8ebb6f1-ec0a-4107-ab05-f25214f3143c,linkType:d8ebb6f1-ec0a-4107-ab05-f25214f3143c,ctaText:d8ebb6f1-ec0a-4107-ab05-f25214f3143c,subLink:d8ebb6f1-ec0a-4107-ab05-f25214f3143c,sameTabOrNewTab:d8ebb6f1-ec0a-4107-ab05-f25214f3143c,actionImage:d8ebb6f1-ec0a-4107-ab05-f25214f3143c]"/>
                </ar>
            </variations>
        </model>
        <related jcr:primaryType="nt:unstructured"/>
    </jcr:content>
</jcr:root>
