<?xml version="1.0" encoding="UTF-8"?>
<jcr:root xmlns:jcr="http://www.jcp.org/jcr/1.0" xmlns:dam="http://www.day.com/dam/1.0" xmlns:nt="http://www.jcp.org/jcr/nt/1.0" xmlns:mix="http://www.jcp.org/jcr/mix/1.0" xmlns:cq="http://www.day.com/jcr/cq/1.0"
    jcr:isCheckedOut="{Boolean}true"
    jcr:mixinTypes="[cq:contentFragment,mix:referenceable,mix:versionable]"
    jcr:primaryType="dam:Asset"
    jcr:uuid="5ed49e06-ee97-4448-b43b-e54a2e72f04a">
    <jcr:content
        cq:isDelivered="{Boolean}false"
        cq:lastModified="{Date}2025-11-28T15:48:24.222+05:30"
        cq:lastModifiedBy="admin"
        cq:lastReplicated="{Date}2025-12-12T11:20:32.796Z"
        cq:lastReplicated_publish="{Date}2025-12-12T11:20:32.796Z"
        cq:lastReplicatedBy="workflow-process-service"
        cq:lastReplicatedBy_publish="workflow-process-service"
        cq:lastReplicationAction="Activate"
        cq:lastReplicationAction_publish="Activate"
        cq:name="privacy-policy"
        cq:parentPath="/content/dam/daas/cfm/footer-quicklinks/bottom"
        jcr:lastModified="{Date}2025-12-12T11:18:20.195Z"
        jcr:lastModifiedBy="amaidheen@eand.com"
        jcr:mixinTypes="[cq:ReplicationStatus,cq:ReplicationStatus2]"
        jcr:primaryType="dam:AssetContent"
        jcr:title="Privacy Policy"
        contentFragment="{Boolean}true"
        lastFragmentSave="{Date}2024-09-24T10:49:15.807Z">
        <data
            cq:model="/conf/daas/settings/dam/cfm/models/business-menu-generic-link"
            jcr:primaryType="nt:unstructured"
            _strucVersion="{Long}1">
            <master
                jcr:mixinTypes="[cq:Taggable,dam:cfVariationNode]"
                jcr:primaryType="nt:unstructured"
                actionImage_x0040_LastModified="{Date}2023-10-22T10:32:37.054Z"
                ctaText_x0040_LastModified="{Date}2023-10-22T10:32:37.054Z"
                linkType_x0040_LastModified="{Date}2023-10-22T10:32:37.054Z"
                sameTabOrNewTab="_self"
                sameTabOrNewTab_x0040_LastModified="{Date}2023-10-22T10:33:17.210Z"
                subDescription_x0040_LastModified="{Date}2023-10-22T10:32:37.054Z"
                subHeading="Privacy Policy"
                subHeading_x0040_LastModified="{Date}2023-10-22T10:33:17.209Z"
                subLink="https://www.etisalat.ae/en/smb/footer/privacy-policy.html"
                subLink_x0040_LastModified="{Date}2025-12-12T11:18:09.542Z"
                subLink_x0040_LastModifiedBy="amaidheen@eand.com">
                <card
                    jcr:primaryType="nt:unstructured"
                    assets="[]"
                    texts="[سياسة الخصوصية,https://www.etisalat.ae/ar/smb/footer/privacy-policy.html]"/>
            </master>
            <ar
                jcr:mixinTypes="[cq:Taggable,dam:cfVariationNode]"
                jcr:primaryType="nt:unstructured"
                _x0040_variationCreationDate="{Date}2023-10-22T10:33:22.611Z"
                actionImage_x0040_LastModified="{Date}2023-10-22T10:33:22.613Z"
                ctaText_x0040_LastModified="{Date}2023-10-22T10:33:22.612Z"
                linkType_x0040_LastModified="{Date}2023-10-22T10:33:22.612Z"
                sameTabOrNewTab="_self"
                sameTabOrNewTab_x0040_LastModified="{Date}2023-10-22T10:33:22.613Z"
                subDescription_x0040_LastModified="{Date}2023-10-22T10:33:22.612Z"
                subHeading="سياسة الخصوصية"
                subHeading_x0040_LastModified="{Date}2023-10-22T10:33:33.455Z"
                subLink="https://www.etisalat.ae/ar/smb/footer/privacy-policy.html"
                subLink_x0040_LastModified="{Date}2025-12-12T11:18:20.195Z"
                subLink_x0040_LastModifiedBy="amaidheen@eand.com"/>
        </data>
        <indexedData jcr:primaryType="nt:unstructured">
            <master
                jcr:mixinTypes="[dam:IndexedFragmentData]"
                jcr:primaryType="nt:unstructured"
                jcr:uuid="a0423483-5776-48b2-87a6-29ba5d8eee15"
                _x0040_string_x0040_model="/conf/daas/settings/dam/cfm/models/business-menu-generic-link"
                _x0040_stringArray_x0040_variations="[ar]"
                string_x0040_sameTabOrNewTab="_self"
                string_x0040_subHeading="Privacy Policy"
                string_x0040_subLink="https://www.etisalat.ae/en/smb/footer/privacy-policy.html"/>
            <ar
                jcr:mixinTypes="[dam:IndexedFragmentData]"
                jcr:primaryType="nt:unstructured"
                jcr:uuid="7a38ef93-e192-44b6-962f-94daf03acd2e"
                _x0040_string_x0040_model="/conf/daas/settings/dam/cfm/models/business-menu-generic-link"
                string_x0040_sameTabOrNewTab="_self"
                string_x0040_subHeading="سياسة الخصوصية"
                string_x0040_subLink="https://www.etisalat.ae/ar/smb/footer/privacy-policy.html"/>
        </indexedData>
        <metadata
            jcr:mixinTypes="[cq:Taggable]"
            jcr:primaryType="nt:unstructured"/>
        <model jcr:primaryType="nt:unstructured">
            <variations jcr:primaryType="nt:unstructured">
                <ar
                    jcr:description="\0"
                    jcr:mixinTypes="[cq:Taggable]"
                    jcr:primaryType="nt:unstructured"
                    jcr:title="Ar"
                    name="ar">
                    <properties
                        jcr:primaryType="nt:unstructured"
                        synchronizeWithVersion="[subHeading:02404d74-aa9d-4bf9-ac6f-d220fde85829,subDescription:02404d74-aa9d-4bf9-ac6f-d220fde85829,linkType:02404d74-aa9d-4bf9-ac6f-d220fde85829,ctaText:02404d74-aa9d-4bf9-ac6f-d220fde85829,subLink:02404d74-aa9d-4bf9-ac6f-d220fde85829,sameTabOrNewTab:02404d74-aa9d-4bf9-ac6f-d220fde85829,actionImage:02404d74-aa9d-4bf9-ac6f-d220fde85829]"/>
                </ar>
            </variations>
        </model>
        <related jcr:primaryType="nt:unstructured"/>
    </jcr:content>
</jcr:root>
