<?xml version="1.0" encoding="UTF-8"?>
<jcr:root xmlns:jcr="http://www.jcp.org/jcr/1.0" xmlns:dam="http://www.day.com/dam/1.0" xmlns:nt="http://www.jcp.org/jcr/nt/1.0" xmlns:mix="http://www.jcp.org/jcr/mix/1.0" xmlns:cq="http://www.day.com/jcr/cq/1.0"
    jcr:isCheckedOut="{Boolean}true"
    jcr:mixinTypes="[mix:referenceable,mix:versionable]"
    jcr:primaryType="dam:Asset"
    jcr:uuid="1eedbe51-24d9-4441-a2f2-b52fcec681b1">
    <jcr:content
        cq:isDelivered="{Boolean}false"
        cq:lastReplicated="{Date}2025-04-08T09:50:50.047Z"
        cq:lastReplicated_publish="{Date}2025-04-08T09:50:50.047Z"
        cq:lastReplicatedBy="workflow-process-service"
        cq:lastReplicatedBy_publish="workflow-process-service"
        cq:lastReplicationAction="Activate"
        cq:lastReplicationAction_publish="Activate"
        cq:name="get-domain-names"
        cq:parentPath="/content/dam/cfm-etisalat/smb/footer-quicklinks/quick-links"
        jcr:lastModified="{Date}2025-03-12T12:45:59.826Z"
        jcr:lastModifiedBy="suvenkatachalam@eand.com"
        jcr:mixinTypes="[cq:ReplicationStatus,cq:ReplicationStatus2]"
        jcr:primaryType="dam:AssetContent"
        jcr:title="Get Domain Names"
        contentFragment="{Boolean}true"
        lastFragmentSave="{Date}2025-03-12T12:45:59.826Z">
        <data
            cq:model="/conf/etisalat-business/settings/dam/cfm/models/business-menu-generic-link"
            jcr:primaryType="nt:unstructured"
            _strucVersion="{Long}1">
            <master
                jcr:mixinTypes="[cq:Taggable,dam:cfVariationNode]"
                jcr:primaryType="nt:unstructured"
                actionImage_x0040_LastModified="{Date}2023-10-22T08:26:17.319Z"
                ctaText_x0040_LastModified="{Date}2023-10-22T08:26:17.319Z"
                linkType="[absolute]"
                linkType_x0040_LastModified="{Date}2023-10-22T08:28:59.707Z"
                sameTabOrNewTab="_blank"
                sameTabOrNewTab_x0040_LastModified="{Date}2023-10-22T08:28:59.708Z"
                subDescription_x0040_LastModified="{Date}2023-10-22T08:26:17.319Z"
                subHeading="Get Domain Names"
                subHeading_x0040_LastModified="{Date}2023-10-22T08:28:59.707Z"
                subLink="https://www.nic.ae/masterFlow.html?execution=e1s1"
                subLink_x0040_LastModified="{Date}2023-10-22T08:28:59.708Z"/>
            <ar
                jcr:mixinTypes="[cq:Taggable,dam:cfVariationNode]"
                jcr:primaryType="nt:unstructured"
                _x0040_variationCreationDate="{Date}2023-10-22T08:29:49.104Z"
                actionImage_x0040_LastModified="{Date}2023-10-22T08:29:49.107Z"
                ctaText_x0040_LastModified="{Date}2023-10-22T08:29:49.106Z"
                linkType="[absolute]"
                linkType_x0040_LastModified="{Date}2023-10-22T08:29:49.106Z"
                sameTabOrNewTab="_blank"
                sameTabOrNewTab_x0040_LastModified="{Date}2023-10-22T08:29:49.107Z"
                subDescription_x0040_LastModified="{Date}2023-10-22T08:29:49.106Z"
                subHeading="احصل على اسماء النطاق"
                subHeading_x0040_LastModified="{Date}2023-10-22T08:30:41.340Z"
                subLink="https://www.nic.ae/masterFlow.html?execution=e1s1"
                subLink_x0040_LastModified="{Date}2023-10-22T08:29:49.106Z"/>
        </data>
        <indexedData jcr:primaryType="nt:unstructured">
            <master
                jcr:mixinTypes="[dam:IndexedFragmentData]"
                jcr:primaryType="nt:unstructured"
                jcr:uuid="1ba9676f-bf73-4b1e-883d-3b9d4cf9e37d"
                _x0040_string_x0040_model="/conf/etisalat-business/settings/dam/cfm/models/business-menu-generic-link"
                _x0040_stringArray_x0040_variations="[ar]"
                string_x0040_sameTabOrNewTab="_blank"
                string_x0040_subHeading="Get Domain Names"
                string_x0040_subLink="https://www.nic.ae/masterFlow.html?execution=e1s1"
                stringArray_x0040_linkType="[absolute]"/>
            <ar
                jcr:mixinTypes="[dam:IndexedFragmentData]"
                jcr:primaryType="nt:unstructured"
                jcr:uuid="fc699009-3578-4d10-bbcd-f4f342d05b52"
                _x0040_string_x0040_model="/conf/etisalat-business/settings/dam/cfm/models/business-menu-generic-link"
                string_x0040_sameTabOrNewTab="_blank"
                string_x0040_subHeading="احصل على اسماء النطاق"
                string_x0040_subLink="https://www.nic.ae/masterFlow.html?execution=e1s1"
                stringArray_x0040_linkType="[absolute]"/>
        </indexedData>
        <metadata
            jcr:mixinTypes="[cq:Taggable]"
            jcr:primaryType="nt:unstructured">
            <dam:cfVariations jcr:primaryType="nt:unstructured">
                <ar
                    jcr:mixinTypes="[cq:Taggable]"
                    jcr:primaryType="nt:unstructured"/>
            </dam:cfVariations>
        </metadata>
        <model jcr:primaryType="nt:unstructured">
            <variations jcr:primaryType="nt:unstructured">
                <ar
                    jcr:description="\0"
                    jcr:mixinTypes="[cq:Taggable]"
                    jcr:primaryType="nt:unstructured"
                    jcr:title="Ar"
                    name="ar">
                    <properties
                        jcr:primaryType="nt:unstructured"
                        synchronizeWithVersion="[subHeading:bc688321-cb7f-40ea-924f-ad371f747f69,subDescription:bc688321-cb7f-40ea-924f-ad371f747f69,linkType:bc688321-cb7f-40ea-924f-ad371f747f69,ctaText:bc688321-cb7f-40ea-924f-ad371f747f69,subLink:bc688321-cb7f-40ea-924f-ad371f747f69,sameTabOrNewTab:bc688321-cb7f-40ea-924f-ad371f747f69,actionImage:bc688321-cb7f-40ea-924f-ad371f747f69]"/>
                </ar>
            </variations>
        </model>
        <related jcr:primaryType="nt:unstructured"/>
    </jcr:content>
</jcr:root>
