<?xml version="1.0" encoding="UTF-8"?>
<jcr:root xmlns:jcr="http://www.jcp.org/jcr/1.0" xmlns:dam="http://www.day.com/dam/1.0" xmlns:nt="http://www.jcp.org/jcr/nt/1.0" xmlns:mix="http://www.jcp.org/jcr/mix/1.0" xmlns:cq="http://www.day.com/jcr/cq/1.0"
    jcr:isCheckedOut="{Boolean}true"
    jcr:mixinTypes="[cq:contentFragment,mix:referenceable,mix:versionable]"
    jcr:primaryType="dam:Asset"
    jcr:uuid="a726d4c8-be1e-414d-a2d7-6ee891ede22d">
    <jcr:content
        cq:isDelivered="{Boolean}false"
        cq:lastModified="{Date}2025-11-28T12:13:53.784Z"
        cq:lastModifiedBy="maripaul@eand.com"
        cq:lastReplicated="{Date}2025-12-12T11:08:37.533Z"
        cq:lastReplicated_publish="{Date}2025-12-12T11:08:37.533Z"
        cq:lastReplicatedBy="workflow-process-service"
        cq:lastReplicatedBy_publish="workflow-process-service"
        cq:lastReplicationAction="Activate"
        cq:lastReplicationAction_publish="Activate"
        cq:name="locate-business-center"
        cq:parentPath="/content/dam/daas/cfm/header/mega-menu"
        jcr:lastModified="{Date}2023-10-21T20:04:38.726Z"
        jcr:lastModifiedBy="azaraheem@etisalat.ae"
        jcr:mixinTypes="[cq:ReplicationStatus,cq:ReplicationStatus2]"
        jcr:primaryType="dam:AssetContent"
        jcr:title="Locate Business Center"
        contentFragment="{Boolean}true"
        lastFragmentSave="{Date}2023-10-21T20:04:38.726Z">
        <data
            cq:model="/conf/daas/settings/dam/cfm/models/business-menu-generic-link"
            jcr:primaryType="nt:unstructured"
            _strucVersion="{Long}1">
            <master
                jcr:mixinTypes="[cq:Taggable,dam:cfVariationNode]"
                jcr:primaryType="nt:unstructured"
                actionImage_x0040_LastModified="{Date}2023-10-21T20:03:23.136Z"
                ctaText_x0040_LastModified="{Date}2023-10-21T20:03:23.136Z"
                linkType_x0040_LastModified="{Date}2023-10-21T20:03:23.136Z"
                sameTabOrNewTab="_self"
                sameTabOrNewTab_x0040_LastModified="{Date}2023-10-21T20:03:51.729Z"
                subDescription_x0040_LastModified="{Date}2023-10-21T20:03:23.136Z"
                subHeading="Locate Business Center"
                subHeading_x0040_LastModified="{Date}2023-10-21T20:03:51.728Z"
                subLink="#"
                subLink_x0040_LastModified="{Date}2023-10-21T20:03:51.729Z"/>
            <ar
                jcr:mixinTypes="[cq:Taggable,dam:cfVariationNode]"
                jcr:primaryType="nt:unstructured"
                _x0040_variationCreationDate="{Date}2023-10-21T20:03:56.270Z"
                actionImage_x0040_LastModified="{Date}2023-10-21T20:03:56.274Z"
                ctaText_x0040_LastModified="{Date}2023-10-21T20:03:56.273Z"
                linkType_x0040_LastModified="{Date}2023-10-21T20:03:56.272Z"
                sameTabOrNewTab="_self"
                sameTabOrNewTab_x0040_LastModified="{Date}2023-10-21T20:03:56.273Z"
                subDescription_x0040_LastModified="{Date}2023-10-21T20:03:56.272Z"
                subHeading="مواقع مراكز الأعمال"
                subHeading_x0040_LastModified="{Date}2023-10-21T20:04:38.515Z"
                subLink="#"
                subLink_x0040_LastModified="{Date}2023-10-21T20:04:38.516Z"/>
        </data>
        <indexedData jcr:primaryType="nt:unstructured">
            <master
                jcr:mixinTypes="[dam:IndexedFragmentData]"
                jcr:primaryType="nt:unstructured"
                jcr:uuid="3a03fae4-f38c-4951-9f8e-9c44945ff271"
                _x0040_string_x0040_model="/conf/daas/settings/dam/cfm/models/business-menu-generic-link"
                _x0040_stringArray_x0040_variations="[ar]"
                string_x0040_sameTabOrNewTab="_self"
                string_x0040_subHeading="Locate Business Center"
                string_x0040_subLink="#"/>
            <ar
                jcr:mixinTypes="[dam:IndexedFragmentData]"
                jcr:primaryType="nt:unstructured"
                jcr:uuid="0456ac38-cac6-432f-b8e4-9f4dac57efdc"
                _x0040_string_x0040_model="/conf/daas/settings/dam/cfm/models/business-menu-generic-link"
                string_x0040_sameTabOrNewTab="_self"
                string_x0040_subHeading="مواقع مراكز الأعمال"
                string_x0040_subLink="#"/>
        </indexedData>
        <metadata
            jcr:mixinTypes="[cq:Taggable]"
            jcr:primaryType="nt:unstructured"/>
        <model jcr:primaryType="nt:unstructured">
            <variations jcr:primaryType="nt:unstructured">
                <ar
                    jcr:description="\0"
                    jcr:mixinTypes="[cq:Taggable]"
                    jcr:primaryType="nt:unstructured"
                    jcr:title="Ar"
                    name="ar">
                    <properties
                        jcr:primaryType="nt:unstructured"
                        synchronizeWithVersion="[subHeading:bca35a03-fe01-4e2a-9621-523f68257a1d,subDescription:bca35a03-fe01-4e2a-9621-523f68257a1d,linkType:bca35a03-fe01-4e2a-9621-523f68257a1d,ctaText:bca35a03-fe01-4e2a-9621-523f68257a1d,subLink:bca35a03-fe01-4e2a-9621-523f68257a1d,sameTabOrNewTab:bca35a03-fe01-4e2a-9621-523f68257a1d,actionImage:bca35a03-fe01-4e2a-9621-523f68257a1d]"/>
                </ar>
            </variations>
        </model>
        <related jcr:primaryType="nt:unstructured"/>
    </jcr:content>
</jcr:root>
