<?xml version="1.0" encoding="UTF-8"?>
<jcr:root xmlns:jcr="http://www.jcp.org/jcr/1.0" xmlns:dam="http://www.day.com/dam/1.0" xmlns:nt="http://www.jcp.org/jcr/nt/1.0" xmlns:mix="http://www.jcp.org/jcr/mix/1.0" xmlns:cq="http://www.day.com/jcr/cq/1.0"
    jcr:isCheckedOut="{Boolean}true"
    jcr:mixinTypes="[cq:contentFragment,mix:referenceable,mix:versionable]"
    jcr:primaryType="dam:Asset"
    jcr:uuid="2c632ee6-f4bf-495c-ad29-4c95279ccfcd">
    <jcr:content
        cq:isDelivered="{Boolean}false"
        cq:lastModified="{Date}2025-11-28T12:13:32.301Z"
        cq:lastModifiedBy="maripaul@eand.com"
        cq:lastReplicated="{Date}2025-12-12T11:08:37.533Z"
        cq:lastReplicated_publish="{Date}2025-12-12T11:08:37.533Z"
        cq:lastReplicatedBy="workflow-process-service"
        cq:lastReplicatedBy_publish="workflow-process-service"
        cq:lastReplicationAction="Activate"
        cq:lastReplicationAction_publish="Activate"
        cq:name="solutions-sub-sec-1"
        cq:parentPath="/content/dam/daas/cfm/header/top-navigation/enterprise-solutions"
        jcr:lastModified="{Date}2025-03-12T00:44:13.995Z"
        jcr:lastModifiedBy="suvenkatachalam@eand.com"
        jcr:mixinTypes="[cq:ReplicationStatus,cq:ReplicationStatus2]"
        jcr:primaryType="dam:AssetContent"
        jcr:title="Solutions Sub Sec 1"
        contentFragment="{Boolean}true"
        lastFragmentSave="{Date}2025-03-12T00:44:13.995Z">
        <data
            cq:model="/conf/daas/settings/dam/cfm/models/business-mega-menu-sub-section"
            jcr:primaryType="nt:unstructured"
            _strucVersion="{Long}1">
            <master
                jcr:mixinTypes="[cq:Taggable,dam:cfVariationNode]"
                jcr:primaryType="nt:unstructured"
                menuHeading="Enterprise Solutions"
                menuHeading_x0040_LastModified="{Date}2025-03-12T00:44:01.600Z"
                menuHeading_x0040_LastModifiedBy="suvenkatachalam@eand.com"
                menuSubSection="[/content/dam/daas/cfm/header/mega-menu/enterprise-solutions/communications,/content/dam/daas/cfm/header/mega-menu/enterprise-solutions/managed-connectivity,/content/dam/daas/cfm/header/mega-menu/enterprise-solutions/global-services,/content/dam/daas/cfm/header/mega-menu/enterprise-solutions/m2m-iot-connectivity,/content/dam/daas/cfm/header/mega-menu/enterprise-solutions/5g-for-business,/content/dam/daas/cfm/header/mega-menu/enterprise-solutions/mobile,/content/dam/daas/cfm/header/mega-menu/enterprise-solutions/media-tv,/content/dam/daas/cfm/header/mega-menu/enterprise-solutions/project-management-as-a-service]"
                menuSubSection_x0040_LastModified="{Date}2025-03-12T00:44:01.601Z"
                menuSubSection_x0040_LastModifiedBy="suvenkatachalam@eand.com"/>
            <ar
                jcr:mixinTypes="[cq:Taggable,dam:cfVariationNode]"
                jcr:primaryType="nt:unstructured"
                _x0040_variationCreationDate="{Date}2023-10-21T19:11:53.774Z"
                menuHeading="حلول المؤسسات"
                menuHeading_x0040_LastModified="{Date}2025-03-12T00:41:00.640Z"
                menuHeading_x0040_LastModifiedBy="suvenkatachalam@eand.com"
                menuSubSection="[/content/dam/daas/cfm/header/mega-menu/enterprise-solutions/communications,/content/dam/daas/cfm/header/mega-menu/enterprise-solutions/managed-connectivity,/content/dam/daas/cfm/header/mega-menu/enterprise-solutions/global-services,/content/dam/daas/cfm/header/mega-menu/enterprise-solutions/m2m-iot-connectivity,/content/dam/daas/cfm/header/mega-menu/enterprise-solutions/5g-for-business,/content/dam/daas/cfm/header/mega-menu/enterprise-solutions/mobile,/content/dam/daas/cfm/header/mega-menu/enterprise-solutions/media-tv,/content/dam/daas/cfm/header/mega-menu/enterprise-solutions/project-management-as-a-service]"
                menuSubSection_x0040_LastModified="{Date}2025-03-12T00:42:42.807Z"
                menuSubSection_x0040_LastModifiedBy="suvenkatachalam@eand.com"/>
        </data>
        <indexedData jcr:primaryType="nt:unstructured">
            <master
                jcr:mixinTypes="[dam:IndexedFragmentData]"
                jcr:primaryType="nt:unstructured"
                jcr:uuid="105acd43-c37d-4be2-8aed-4bebea19b57b"
                _x0040_string_x0040_model="/conf/daas/settings/dam/cfm/models/business-mega-menu-sub-section"
                _x0040_stringArray_x0040_variations="[ar]"
                string_x0040_menuHeading="Enterprise Solutions"/>
            <ar
                jcr:mixinTypes="[dam:IndexedFragmentData]"
                jcr:primaryType="nt:unstructured"
                jcr:uuid="1c699bf5-cd06-4303-9e4e-a4bf2b300cca"
                _x0040_string_x0040_model="/conf/daas/settings/dam/cfm/models/business-mega-menu-sub-section"
                string_x0040_menuHeading="حلول المؤسسات"/>
        </indexedData>
        <metadata
            jcr:mixinTypes="[cq:Taggable]"
            jcr:primaryType="nt:unstructured">
            <dam:cfVariations jcr:primaryType="nt:unstructured">
                <ar
                    jcr:mixinTypes="[cq:Taggable]"
                    jcr:primaryType="nt:unstructured"/>
            </dam:cfVariations>
        </metadata>
        <model jcr:primaryType="nt:unstructured">
            <variations jcr:primaryType="nt:unstructured">
                <ar
                    jcr:description="\0"
                    jcr:mixinTypes="[cq:Taggable]"
                    jcr:primaryType="nt:unstructured"
                    jcr:title="Ar"
                    name="ar">
                    <properties
                        jcr:primaryType="nt:unstructured"
                        synchronizeWithVersion="[menuHeading:9d0592b8-561d-4e02-9d4c-78a13bf738da,menuSubSection:9d0592b8-561d-4e02-9d4c-78a13bf738da]"/>
                </ar>
            </variations>
        </model>
        <related jcr:primaryType="nt:unstructured"/>
    </jcr:content>
</jcr:root>
