<?xml version="1.0" encoding="UTF-8"?>
<jcr:root xmlns:jcr="http://www.jcp.org/jcr/1.0" xmlns:dam="http://www.day.com/dam/1.0" xmlns:nt="http://www.jcp.org/jcr/nt/1.0" xmlns:mix="http://www.jcp.org/jcr/mix/1.0" xmlns:cq="http://www.day.com/jcr/cq/1.0"
    jcr:isCheckedOut="{Boolean}true"
    jcr:mixinTypes="[cq:contentFragment,mix:referenceable,mix:versionable]"
    jcr:primaryType="dam:Asset"
    jcr:uuid="6f9ff67e-e2f6-4ba7-8435-5bbb0fa61dbf">
    <jcr:content
        cq:isDelivered="{Boolean}false"
        cq:lastModified="{Date}2025-11-28T12:13:49.096Z"
        cq:lastModifiedBy="maripaul@eand.com"
        cq:lastReplicated="{Date}2025-12-12T11:08:27.477Z"
        cq:lastReplicated_publish="{Date}2025-12-12T11:08:27.477Z"
        cq:lastReplicatedBy="workflow-process-service"
        cq:lastReplicatedBy_publish="workflow-process-service"
        cq:lastReplicationAction="Activate"
        cq:lastReplicationAction_publish="Activate"
        cq:name="vat---tax-filing"
        cq:parentPath="/content/dam/daas/cfm/header/mega-menu/finance"
        jcr:lastModified="{Date}2025-03-11T22:39:43.240Z"
        jcr:lastModifiedBy="suvenkatachalam@eand.com"
        jcr:mixinTypes="[cq:ReplicationStatus,cq:ReplicationStatus2]"
        jcr:primaryType="dam:AssetContent"
        jcr:title="VAT / Tax Filing"
        contentFragment="{Boolean}true"
        lastFragmentSave="{Date}2025-03-11T22:39:43.240Z">
        <data
            cq:model="/conf/daas/settings/dam/cfm/models/business-menu-generic-link"
            jcr:primaryType="nt:unstructured"
            _strucVersion="{Long}1">
            <master
                jcr:mixinTypes="[cq:Taggable,dam:cfVariationNode]"
                jcr:primaryType="nt:unstructured"
                actionImage_x0040_LastModified="{Date}2023-10-21T19:27:16.806Z"
                ctaText_x0040_LastModified="{Date}2023-10-21T19:27:16.806Z"
                linkType_x0040_LastModified="{Date}2023-10-21T19:27:16.806Z"
                sameTabOrNewTab="_self"
                sameTabOrNewTab_x0040_LastModified="{Date}2023-10-21T19:27:34.981Z"
                subDescription_x0040_LastModified="{Date}2023-10-21T19:27:16.806Z"
                subHeading="VAT / Tax Filing"
                subHeading_x0040_LastModified="{Date}2023-10-21T19:27:34.980Z"
                subLink="#"
                subLink_x0040_LastModified="{Date}2025-03-11T22:38:34.178Z"
                subLink_x0040_LastModifiedBy="suvenkatachalam@eand.com"/>
            <ar
                jcr:mixinTypes="[cq:Taggable,dam:cfVariationNode]"
                jcr:primaryType="nt:unstructured"
                _x0040_variationCreationDate="{Date}2023-10-21T19:27:39.513Z"
                actionImage_x0040_LastModified="{Date}2023-10-21T19:27:39.515Z"
                ctaText_x0040_LastModified="{Date}2023-10-21T19:27:39.514Z"
                linkType_x0040_LastModified="{Date}2023-10-21T19:27:39.514Z"
                sameTabOrNewTab="_self"
                sameTabOrNewTab_x0040_LastModified="{Date}2023-10-21T19:27:39.515Z"
                subDescription_x0040_LastModified="{Date}2023-10-21T19:27:39.514Z"
                subHeading="أدوات تدوين الضريبة"
                subHeading_x0040_LastModified="{Date}2025-03-11T22:39:43.036Z"
                subHeading_x0040_LastModifiedBy="suvenkatachalam@eand.com"
                subLink="#?##1"
                subLink_x0040_LastModified="{Date}2025-03-11T22:39:43.037Z"
                subLink_x0040_LastModifiedBy="suvenkatachalam@eand.com"/>
        </data>
        <indexedData jcr:primaryType="nt:unstructured">
            <master
                jcr:mixinTypes="[dam:IndexedFragmentData]"
                jcr:primaryType="nt:unstructured"
                jcr:uuid="a2e1cf19-2e4f-4b98-a5e9-2230adba63ff"
                _x0040_string_x0040_model="/conf/daas/settings/dam/cfm/models/business-menu-generic-link"
                _x0040_stringArray_x0040_variations="[ar]"
                string_x0040_sameTabOrNewTab="_self"
                string_x0040_subHeading="VAT / Tax Filing"
                string_x0040_subLink="#"/>
            <ar
                jcr:mixinTypes="[dam:IndexedFragmentData]"
                jcr:primaryType="nt:unstructured"
                jcr:uuid="9c9ba432-50e5-4e39-a4a5-5dd6ec3a2f73"
                _x0040_string_x0040_model="/conf/daas/settings/dam/cfm/models/business-menu-generic-link"
                string_x0040_sameTabOrNewTab="_self"
                string_x0040_subHeading="أدوات تدوين الضريبة"
                string_x0040_subLink="#?##1"/>
        </indexedData>
        <metadata
            jcr:mixinTypes="[cq:Taggable]"
            jcr:primaryType="nt:unstructured">
            <dam:cfVariations jcr:primaryType="nt:unstructured">
                <ar
                    jcr:mixinTypes="[cq:Taggable]"
                    jcr:primaryType="nt:unstructured"/>
            </dam:cfVariations>
        </metadata>
        <model jcr:primaryType="nt:unstructured">
            <variations jcr:primaryType="nt:unstructured">
                <ar
                    jcr:description="\0"
                    jcr:mixinTypes="[cq:Taggable]"
                    jcr:primaryType="nt:unstructured"
                    jcr:title="Ar"
                    name="ar">
                    <properties
                        jcr:primaryType="nt:unstructured"
                        synchronizeWithVersion="[subHeading:e9e921d6-a036-470a-a81c-c5b4df106d2d,subDescription:e9e921d6-a036-470a-a81c-c5b4df106d2d,linkType:e9e921d6-a036-470a-a81c-c5b4df106d2d,ctaText:e9e921d6-a036-470a-a81c-c5b4df106d2d,subLink:e9e921d6-a036-470a-a81c-c5b4df106d2d,sameTabOrNewTab:e9e921d6-a036-470a-a81c-c5b4df106d2d,actionImage:e9e921d6-a036-470a-a81c-c5b4df106d2d]"/>
                </ar>
            </variations>
        </model>
        <related jcr:primaryType="nt:unstructured"/>
    </jcr:content>
</jcr:root>
