<?xml version="1.0" encoding="UTF-8"?>
<jcr:root xmlns:jcr="http://www.jcp.org/jcr/1.0" xmlns:dam="http://www.day.com/dam/1.0" xmlns:nt="http://www.jcp.org/jcr/nt/1.0" xmlns:mix="http://www.jcp.org/jcr/mix/1.0" xmlns:cq="http://www.day.com/jcr/cq/1.0"
    jcr:isCheckedOut="{Boolean}true"
    jcr:mixinTypes="[cq:contentFragment,mix:referenceable,mix:versionable]"
    jcr:primaryType="dam:Asset"
    jcr:uuid="ae497d23-6247-40d8-b238-490c5667455e">
    <jcr:content
        cq:isDelivered="{Boolean}false"
        cq:lastModified="{Date}2025-11-28T12:13:39.464Z"
        cq:lastModifiedBy="maripaul@eand.com"
        cq:lastReplicated="{Date}2025-12-12T11:08:27.477Z"
        cq:lastReplicated_publish="{Date}2025-12-12T11:08:27.477Z"
        cq:lastReplicatedBy="workflow-process-service"
        cq:lastReplicatedBy_publish="workflow-process-service"
        cq:lastReplicationAction="Activate"
        cq:lastReplicationAction_publish="Activate"
        cq:name="medium-business"
        cq:parentPath="/content/dam/daas/cfm/header/mega-menu"
        jcr:lastModified="{Date}2025-03-11T22:15:50.587Z"
        jcr:lastModifiedBy="suvenkatachalam@eand.com"
        jcr:mixinTypes="[cq:ReplicationStatus,cq:ReplicationStatus2]"
        jcr:primaryType="dam:AssetContent"
        jcr:title="Medium Business"
        contentFragment="{Boolean}true"
        lastFragmentSave="{Date}2025-03-11T22:15:50.587Z">
        <data
            cq:model="/conf/daas/settings/dam/cfm/models/business-menu-generic-link"
            jcr:primaryType="nt:unstructured"
            _strucVersion="{Long}1">
            <master
                jcr:mixinTypes="[cq:Taggable,dam:cfVariationNode]"
                jcr:primaryType="nt:unstructured"
                actionImage_x0040_LastModified="{Date}2023-10-21T19:04:26.483Z"
                ctaText_x0040_LastModified="{Date}2023-10-21T19:04:26.483Z"
                linkType_x0040_LastModified="{Date}2023-10-21T19:04:26.483Z"
                sameTabOrNewTab="_self"
                sameTabOrNewTab_x0040_LastModified="{Date}2023-10-21T19:04:44.709Z"
                subDescription_x0040_LastModified="{Date}2023-10-21T19:04:26.483Z"
                subHeading="Medium Business"
                subHeading_x0040_LastModified="{Date}2023-10-21T19:04:44.708Z"
                subLink="#"
                subLink_x0040_LastModified="{Date}2023-10-21T19:04:44.708Z"/>
            <ar
                jcr:mixinTypes="[cq:Taggable,dam:cfVariationNode]"
                jcr:primaryType="nt:unstructured"
                _x0040_variationCreationDate="{Date}2023-10-21T19:04:47.330Z"
                actionImage_x0040_LastModified="{Date}2023-10-21T19:04:47.332Z"
                ctaText_x0040_LastModified="{Date}2023-10-21T19:04:47.331Z"
                linkType_x0040_LastModified="{Date}2023-10-21T19:04:47.331Z"
                sameTabOrNewTab="_self"
                sameTabOrNewTab_x0040_LastModified="{Date}2023-10-21T19:04:47.332Z"
                subDescription_x0040_LastModified="{Date}2023-10-21T19:04:47.331Z"
                subHeading="الشركات المتوسطة"
                subHeading_x0040_LastModified="{Date}2023-10-21T19:05:00.771Z"
                subLink="#"
                subLink_x0040_LastModified="{Date}2023-10-21T19:05:00.771Z"/>
        </data>
        <indexedData jcr:primaryType="nt:unstructured">
            <master
                jcr:mixinTypes="[dam:IndexedFragmentData]"
                jcr:primaryType="nt:unstructured"
                jcr:uuid="b4732dbd-6145-41b9-ae2e-69a751a4e0f9"
                _x0040_string_x0040_model="/conf/daas/settings/dam/cfm/models/business-menu-generic-link"
                _x0040_stringArray_x0040_variations="[ar]"
                string_x0040_sameTabOrNewTab="_self"
                string_x0040_subHeading="Medium Business"
                string_x0040_subLink="#"/>
            <ar
                jcr:mixinTypes="[dam:IndexedFragmentData]"
                jcr:primaryType="nt:unstructured"
                jcr:uuid="b7978dbd-a3d3-400a-8e64-176e68f96a56"
                _x0040_string_x0040_model="/conf/daas/settings/dam/cfm/models/business-menu-generic-link"
                string_x0040_sameTabOrNewTab="_self"
                string_x0040_subHeading="الشركات المتوسطة"
                string_x0040_subLink="#"/>
        </indexedData>
        <metadata
            jcr:mixinTypes="[cq:Taggable]"
            jcr:primaryType="nt:unstructured">
            <dam:cfVariations jcr:primaryType="nt:unstructured">
                <ar
                    jcr:mixinTypes="[cq:Taggable]"
                    jcr:primaryType="nt:unstructured"/>
            </dam:cfVariations>
        </metadata>
        <model jcr:primaryType="nt:unstructured">
            <variations jcr:primaryType="nt:unstructured">
                <ar
                    jcr:description="\0"
                    jcr:mixinTypes="[cq:Taggable]"
                    jcr:primaryType="nt:unstructured"
                    jcr:title="Ar"
                    name="ar">
                    <properties
                        jcr:primaryType="nt:unstructured"
                        synchronizeWithVersion="[subHeading:58caf54c-d7ad-4895-82e7-57f642556d4b,subDescription:58caf54c-d7ad-4895-82e7-57f642556d4b,linkType:58caf54c-d7ad-4895-82e7-57f642556d4b,ctaText:58caf54c-d7ad-4895-82e7-57f642556d4b,subLink:58caf54c-d7ad-4895-82e7-57f642556d4b,sameTabOrNewTab:58caf54c-d7ad-4895-82e7-57f642556d4b,actionImage:58caf54c-d7ad-4895-82e7-57f642556d4b]"/>
                </ar>
            </variations>
        </model>
        <related jcr:primaryType="nt:unstructured"/>
    </jcr:content>
</jcr:root>
