<?xml version="1.0" encoding="UTF-8"?>
<jcr:root xmlns:jcr="http://www.jcp.org/jcr/1.0" xmlns:nt="http://www.jcp.org/jcr/nt/1.0" xmlns:granite="http://www.adobe.com/jcr/granite/1.0" xmlns:cq="http://www.day.com/jcr/cq/1.0" xmlns:sling="http://sling.apache.org/jcr/sling/1.0"
    jcr:primaryType="cq:Template"
    allowedPaths="[/content/entities(/.*)?]"
    ranking="{Long}100">
    <jcr:content
        cq:isDelivered="{Boolean}false"
        cq:lastModified="{Date}2025-12-15T06:29:22.808Z"
        cq:lastModifiedBy="amaidheen@eand.com"
        cq:lastReplicated="{Date}2025-12-12T11:08:49.105Z"
        cq:lastReplicated_publish="{Date}2025-12-12T11:08:49.105Z"
        cq:lastReplicatedBy="amaidheen@eand.com"
        cq:lastReplicatedBy_publish="amaidheen@eand.com"
        cq:lastReplicationAction="Activate"
        cq:lastReplicationAction_publish="Activate"
        cq:scaffolding="/conf/daas/settings/dam/cfm/models/b2b-transformation-tab-generic/jcr:content/model"
        cq:templateType="/libs/settings/dam/cfm/model-types/fragment"
        jcr:mixinTypes="[cq:ReplicationStatus2]"
        jcr:primaryType="cq:PageContent"
        jcr:title="B2B Transformation Tab Generic"
        sling:resourceSuperType="dam/cfm/models/console/components/data/entity"
        sling:resourceType="dam/cfm/models/console/components/data/entity/default"
        isLocked="{Boolean}false"
        status="enabled">
        <metadata jcr:primaryType="nt:unstructured"/>
        <model
            cq:targetPath="/content/entities"
            jcr:primaryType="cq:PageContent"
            sling:resourceType="wcm/scaffolding/components/scaffolding"
            dataTypesConfig="/mnt/overlay/settings/dam/cfm/models/formbuilderconfig/datatypes"
            maxGeneratedOrder="20">
            <cq:dialog
                jcr:primaryType="nt:unstructured"
                sling:resourceType="cq/gui/components/authoring/dialog">
                <content
                    jcr:lastModified="{Date}2025-12-15T06:29:22.808Z"
                    jcr:lastModifiedBy="amaidheen@eand.com"
                    jcr:primaryType="nt:unstructured"
                    sling:resourceType="granite/ui/components/coral/foundation/fixedcolumns">
                    <items
                        jcr:primaryType="nt:unstructured"
                        maxGeneratedOrder="20">
                        <_x0031_723468766258
                            jcr:primaryType="nt:unstructured"
                            sling:resourceType="granite/ui/components/coral/foundation/form/textfield"
                            fieldLabel="Tab Label Text"
                            listOrder="1"
                            maxlength="255"
                            metaType="text-single"
                            name="tabLabelText"
                            renderReadOnly="false"
                            showEmptyInReadOnly="true"
                            valueType="string">
                            <granite:data jcr:primaryType="nt:unstructured"/>
                        </_x0031_723468766258>
                        <_x0031_723468777072
                            jcr:primaryType="nt:unstructured"
                            sling:resourceType="granite/ui/components/coral/foundation/form/textfield"
                            emptyText="Enter the Tab Id without space"
                            fieldLabel="Tab ID"
                            listOrder="1"
                            maxlength="255"
                            metaType="text-single"
                            name="tabId"
                            renderReadOnly="false"
                            showEmptyInReadOnly="true"
                            valueType="string">
                            <granite:data jcr:primaryType="nt:unstructured"/>
                        </_x0031_723468777072>
                        <_x0031_765779900920
                            jcr:primaryType="nt:unstructured"
                            sling:resourceType="dam/cfm/models/editor/components/fragmentreference"
                            allowNew="{Boolean}true"
                            fieldLabel="Tab Sub Sec"
                            filter="hierarchy"
                            fragmentmodelreference="/conf/daas/settings/dam/cfm/models/b2b-transformation-sub-sec"
                            listOrder="8"
                            metaType="fragment-reference"
                            name="tabSubSec"
                            nameSuffix="contentReference"
                            renderReadOnly="false"
                            showEmptyInReadOnly="true"
                            valueType="string/content-fragment">
                            <granite:data jcr:primaryType="nt:unstructured"/>
                            <field jcr:primaryType="nt:unstructured"/>
                        </_x0031_765779900920>
                    </items>
                </content>
            </cq:dialog>
        </model>
        <change-register jcr:primaryType="nt:unstructured"/>
    </jcr:content>
</jcr:root>
