<?xml version="1.0" encoding="UTF-8"?>
<jcr:root xmlns:jcr="http://www.jcp.org/jcr/1.0" xmlns:dam="http://www.day.com/dam/1.0" xmlns:nt="http://www.jcp.org/jcr/nt/1.0" xmlns:mix="http://www.jcp.org/jcr/mix/1.0" xmlns:cq="http://www.day.com/jcr/cq/1.0"
    jcr:isCheckedOut="{Boolean}true"
    jcr:mixinTypes="[cq:contentFragment,mix:referenceable,mix:versionable]"
    jcr:primaryType="dam:Asset"
    jcr:uuid="5a303238-c8c0-4e5f-bb08-889ae9bb0b69">
    <jcr:content
        cq:isDelivered="{Boolean}false"
        cq:lastModified="{Date}2025-11-28T12:13:48.775Z"
        cq:lastModifiedBy="maripaul@eand.com"
        cq:lastReplicated="{Date}2025-12-12T11:08:27.477Z"
        cq:lastReplicated_publish="{Date}2025-12-12T11:08:27.477Z"
        cq:lastReplicatedBy="workflow-process-service"
        cq:lastReplicatedBy_publish="workflow-process-service"
        cq:lastReplicationAction="Activate"
        cq:lastReplicationAction_publish="Activate"
        cq:name="invoicing"
        cq:parentPath="/content/dam/daas/cfm/header/mega-menu/finance"
        jcr:lastModified="{Date}2025-03-11T22:41:09.547Z"
        jcr:lastModifiedBy="suvenkatachalam@eand.com"
        jcr:mixinTypes="[cq:ReplicationStatus,cq:ReplicationStatus2]"
        jcr:primaryType="dam:AssetContent"
        jcr:title="Invoicing"
        contentFragment="{Boolean}true"
        lastFragmentSave="{Date}2025-03-11T22:41:09.547Z">
        <data
            cq:model="/conf/daas/settings/dam/cfm/models/business-menu-generic-link"
            jcr:primaryType="nt:unstructured"
            _strucVersion="{Long}1">
            <master
                jcr:mixinTypes="[cq:Taggable,dam:cfVariationNode]"
                jcr:primaryType="nt:unstructured"
                actionImage_x0040_LastModified="{Date}2023-10-21T19:28:20.553Z"
                ctaText_x0040_LastModified="{Date}2023-10-21T19:28:20.553Z"
                linkType_x0040_LastModified="{Date}2023-10-21T19:28:20.553Z"
                sameTabOrNewTab="_self"
                sameTabOrNewTab_x0040_LastModified="{Date}2023-10-21T19:28:47.226Z"
                subDescription_x0040_LastModified="{Date}2023-10-21T19:28:20.553Z"
                subHeading="Invoicing"
                subHeading_x0040_LastModified="{Date}2023-10-21T19:28:47.225Z"
                subLink="#"
                subLink_x0040_LastModified="{Date}2025-03-11T22:40:35.490Z"
                subLink_x0040_LastModifiedBy="suvenkatachalam@eand.com"/>
            <ar
                jcr:mixinTypes="[cq:Taggable,dam:cfVariationNode]"
                jcr:primaryType="nt:unstructured"
                _x0040_variationCreationDate="{Date}2023-10-21T19:28:52.724Z"
                actionImage_x0040_LastModified="{Date}2023-10-21T19:28:52.726Z"
                ctaText_x0040_LastModified="{Date}2023-10-21T19:28:52.726Z"
                linkType_x0040_LastModified="{Date}2023-10-21T19:28:52.725Z"
                sameTabOrNewTab="_self"
                sameTabOrNewTab_x0040_LastModified="{Date}2023-10-21T19:28:52.726Z"
                subDescription_x0040_LastModified="{Date}2023-10-21T19:28:52.725Z"
                subHeading="الفوترة"
                subHeading_x0040_LastModified="{Date}2023-10-21T19:29:11.705Z"
                subLink="#?##2"
                subLink_x0040_LastModified="{Date}2025-03-11T22:41:09.245Z"
                subLink_x0040_LastModifiedBy="suvenkatachalam@eand.com"/>
        </data>
        <indexedData jcr:primaryType="nt:unstructured">
            <master
                jcr:mixinTypes="[dam:IndexedFragmentData]"
                jcr:primaryType="nt:unstructured"
                jcr:uuid="ed4d582d-47db-48a4-b5db-975f96a01049"
                _x0040_string_x0040_model="/conf/daas/settings/dam/cfm/models/business-menu-generic-link"
                _x0040_stringArray_x0040_variations="[ar]"
                string_x0040_sameTabOrNewTab="_self"
                string_x0040_subHeading="Invoicing"
                string_x0040_subLink="#"/>
            <ar
                jcr:mixinTypes="[dam:IndexedFragmentData]"
                jcr:primaryType="nt:unstructured"
                jcr:uuid="5c260744-bd69-4799-ab39-a4eaecfbe9c4"
                _x0040_string_x0040_model="/conf/daas/settings/dam/cfm/models/business-menu-generic-link"
                string_x0040_sameTabOrNewTab="_self"
                string_x0040_subHeading="الفوترة"
                string_x0040_subLink="#?##2"/>
        </indexedData>
        <metadata
            jcr:mixinTypes="[cq:Taggable]"
            jcr:primaryType="nt:unstructured">
            <dam:cfVariations jcr:primaryType="nt:unstructured">
                <ar
                    jcr:mixinTypes="[cq:Taggable]"
                    jcr:primaryType="nt:unstructured"/>
            </dam:cfVariations>
        </metadata>
        <model jcr:primaryType="nt:unstructured">
            <variations jcr:primaryType="nt:unstructured">
                <ar
                    jcr:description="\0"
                    jcr:mixinTypes="[cq:Taggable]"
                    jcr:primaryType="nt:unstructured"
                    jcr:title="Ar"
                    name="ar">
                    <properties
                        jcr:primaryType="nt:unstructured"
                        synchronizeWithVersion="[subHeading:b1905a98-fd38-47e7-94b6-ca567f3a1ce1,subDescription:b1905a98-fd38-47e7-94b6-ca567f3a1ce1,linkType:b1905a98-fd38-47e7-94b6-ca567f3a1ce1,ctaText:b1905a98-fd38-47e7-94b6-ca567f3a1ce1,subLink:b1905a98-fd38-47e7-94b6-ca567f3a1ce1,sameTabOrNewTab:b1905a98-fd38-47e7-94b6-ca567f3a1ce1,actionImage:b1905a98-fd38-47e7-94b6-ca567f3a1ce1]"/>
                </ar>
            </variations>
        </model>
        <related jcr:primaryType="nt:unstructured"/>
    </jcr:content>
</jcr:root>
