<?xml version="1.0" encoding="UTF-8"?>
<jcr:root xmlns:jcr="http://www.jcp.org/jcr/1.0" xmlns:dam="http://www.day.com/dam/1.0" xmlns:nt="http://www.jcp.org/jcr/nt/1.0" xmlns:mix="http://www.jcp.org/jcr/mix/1.0" xmlns:cq="http://www.day.com/jcr/cq/1.0"
    jcr:isCheckedOut="{Boolean}true"
    jcr:mixinTypes="[cq:contentFragment,mix:referenceable,mix:versionable]"
    jcr:primaryType="dam:Asset"
    jcr:uuid="3532f6aa-0d2a-4745-bc0d-8779e08449d8">
    <jcr:content
        cq:isDelivered="{Boolean}false"
        cq:lastModified="{Date}2025-12-07T10:03:17.446Z"
        cq:lastModifiedBy="amaidheen@eand.com"
        cq:lastReplicated="{Date}2025-12-12T11:08:37.533Z"
        cq:lastReplicated_publish="{Date}2025-12-12T11:08:37.533Z"
        cq:lastReplicatedBy="workflow-process-service"
        cq:lastReplicatedBy_publish="workflow-process-service"
        cq:lastReplicationAction="Activate"
        cq:lastReplicationAction_publish="Activate"
        cq:name="small-medium-business"
        cq:parentPath="/content/dam/daas/cfm/header/top-navigation"
        jcr:lastModified="{Date}2025-12-11T13:43:14.832Z"
        jcr:lastModifiedBy="amaidheen@eand.com"
        jcr:mixinTypes="[cq:ReplicationStatus,cq:ReplicationStatus2]"
        jcr:primaryType="dam:AssetContent"
        jcr:title="Small &amp; Medium Business"
        contentFragment="{Boolean}true"
        lastFragmentSave="{Date}2025-12-11T13:43:14.832Z">
        <data
            cq:model="/conf/daas/settings/dam/cfm/models/business-menu-generic-link"
            jcr:primaryType="nt:unstructured"
            _strucVersion="{Long}1">
            <master
                jcr:mixinTypes="[cq:Taggable,dam:cfVariationNode]"
                jcr:primaryType="nt:unstructured"
                actionImage_x0040_LastModified="{Date}2023-10-21T11:51:45.964Z"
                ctaText_x0040_LastModified="{Date}2023-10-21T11:51:45.964Z"
                linkType_x0040_LastModified="{Date}2023-10-21T11:51:45.964Z"
                sameTabOrNewTab="_self"
                sameTabOrNewTab_x0040_LastModified="{Date}2023-10-21T11:54:56.053Z"
                subDescription_x0040_LastModified="{Date}2023-10-21T11:51:45.964Z"
                subHeading="Small &amp; Medium Business"
                subHeading_x0040_LastModified="{Date}2025-12-07T10:32:14.807Z"
                subHeading_x0040_LastModifiedBy="amaidheen@eand.com"
                subLink="https://www.etisalat.ae/en/smb/index.html"
                subLink_x0040_LastModified="{Date}2025-12-11T13:42:51.494Z"
                subLink_x0040_LastModifiedBy="amaidheen@eand.com">
                <card
                    jcr:primaryType="nt:unstructured"
                    assets="[]"
                    texts="[Consumer,#]"/>
            </master>
            <ar
                jcr:mixinTypes="[cq:Taggable,dam:cfVariationNode]"
                jcr:primaryType="nt:unstructured"
                _x0040_variationCreationDate="{Date}2023-10-21T11:55:40.176Z"
                actionImage_x0040_LastModified="{Date}2023-10-21T11:55:40.181Z"
                ctaText_x0040_LastModified="{Date}2023-10-21T11:55:40.180Z"
                linkType_x0040_LastModified="{Date}2023-10-21T11:55:40.180Z"
                sameTabOrNewTab="_self"
                sameTabOrNewTab_x0040_LastModified="{Date}2023-10-21T11:55:40.181Z"
                subDescription_x0040_LastModified="{Date}2023-10-21T11:55:40.180Z"
                subHeading="الشركات الصغيرة والمتوسطة"
                subHeading_x0040_LastModified="{Date}2025-12-07T10:32:29.546Z"
                subHeading_x0040_LastModifiedBy="amaidheen@eand.com"
                subLink="https://www.etisalat.ae/ar/smb/index.html"
                subLink_x0040_LastModified="{Date}2025-12-11T13:43:03.838Z"
                subLink_x0040_LastModifiedBy="amaidheen@eand.com"/>
        </data>
        <indexedData jcr:primaryType="nt:unstructured">
            <master
                jcr:mixinTypes="[dam:IndexedFragmentData]"
                jcr:primaryType="nt:unstructured"
                jcr:uuid="aa0e3441-386b-4f37-989b-9b081cf112b8"
                _x0040_string_x0040_model="/conf/daas/settings/dam/cfm/models/business-menu-generic-link"
                _x0040_stringArray_x0040_variations="[ar]"
                string_x0040_sameTabOrNewTab="_self"
                string_x0040_subHeading="Small &amp; Medium Business"
                string_x0040_subLink="https://www.etisalat.ae/en/smb/index.html"/>
            <ar
                jcr:mixinTypes="[dam:IndexedFragmentData]"
                jcr:primaryType="nt:unstructured"
                jcr:uuid="2851b93e-c2ee-471f-b34c-5a0ad0aabdd1"
                _x0040_string_x0040_model="/conf/daas/settings/dam/cfm/models/business-menu-generic-link"
                string_x0040_sameTabOrNewTab="_self"
                string_x0040_subHeading="الشركات الصغيرة والمتوسطة"
                string_x0040_subLink="https://www.etisalat.ae/ar/smb/index.html"/>
        </indexedData>
        <metadata
            jcr:mixinTypes="[cq:Taggable]"
            jcr:primaryType="nt:unstructured">
            <dam:cfVariations jcr:primaryType="nt:unstructured">
                <ar
                    jcr:mixinTypes="[cq:Taggable]"
                    jcr:primaryType="nt:unstructured"/>
            </dam:cfVariations>
        </metadata>
        <model jcr:primaryType="nt:unstructured">
            <variations jcr:primaryType="nt:unstructured">
                <ar
                    jcr:description="\0"
                    jcr:mixinTypes="[cq:Taggable]"
                    jcr:primaryType="nt:unstructured"
                    jcr:title="Ar"
                    name="ar">
                    <properties
                        jcr:primaryType="nt:unstructured"
                        synchronizeWithVersion="[subHeading:5e52532b-079b-44ab-83e6-46b99f71022f,subDescription:5e52532b-079b-44ab-83e6-46b99f71022f,linkType:5e52532b-079b-44ab-83e6-46b99f71022f,ctaText:5e52532b-079b-44ab-83e6-46b99f71022f,subLink:5e52532b-079b-44ab-83e6-46b99f71022f,sameTabOrNewTab:5e52532b-079b-44ab-83e6-46b99f71022f,actionImage:5e52532b-079b-44ab-83e6-46b99f71022f]"/>
                </ar>
            </variations>
        </model>
        <related jcr:primaryType="nt:unstructured"/>
    </jcr:content>
</jcr:root>
