<?xml version="1.0" encoding="UTF-8"?>
<jcr:root xmlns:jcr="http://www.jcp.org/jcr/1.0" xmlns:dam="http://www.day.com/dam/1.0" xmlns:nt="http://www.jcp.org/jcr/nt/1.0" xmlns:mix="http://www.jcp.org/jcr/mix/1.0" xmlns:cq="http://www.day.com/jcr/cq/1.0"
    jcr:isCheckedOut="{Boolean}true"
    jcr:mixinTypes="[cq:contentFragment,mix:referenceable,mix:versionable]"
    jcr:primaryType="dam:Asset"
    jcr:uuid="ac23eab0-dbb5-4cbf-ae99-f79f6eaec75e">
    <jcr:content
        cq:isDelivered="{Boolean}false"
        cq:lastModified="{Date}2025-11-28T12:13:54.255Z"
        cq:lastModifiedBy="maripaul@eand.com"
        cq:lastReplicated="{Date}2025-12-12T11:08:37.533Z"
        cq:lastReplicated_publish="{Date}2025-12-12T11:08:37.533Z"
        cq:lastReplicatedBy="workflow-process-service"
        cq:lastReplicatedBy_publish="workflow-process-service"
        cq:lastReplicationAction="Activate"
        cq:lastReplicationAction_publish="Activate"
        cq:name="sign-in"
        cq:parentPath="/content/dam/daas/cfm/header/mega-menu"
        jcr:lastModified="{Date}2023-10-21T20:26:31.035Z"
        jcr:lastModifiedBy="azaraheem@etisalat.ae"
        jcr:mixinTypes="[cq:ReplicationStatus,cq:ReplicationStatus2]"
        jcr:primaryType="dam:AssetContent"
        jcr:title="Sign In"
        contentFragment="{Boolean}true"
        lastFragmentSave="{Date}2023-10-21T20:26:31.035Z">
        <data
            cq:model="/conf/daas/settings/dam/cfm/models/business-menu-generic-link"
            jcr:primaryType="nt:unstructured"
            _strucVersion="{Long}1">
            <master
                jcr:mixinTypes="[cq:Taggable,dam:cfVariationNode]"
                jcr:primaryType="nt:unstructured"
                actionImage_x0040_LastModified="{Date}2023-10-21T20:24:58.982Z"
                ctaText_x0040_LastModified="{Date}2023-10-21T20:24:58.982Z"
                linkType_x0040_LastModified="{Date}2023-10-21T20:24:58.982Z"
                sameTabOrNewTab="_self"
                sameTabOrNewTab_x0040_LastModified="{Date}2023-10-21T20:25:31.953Z"
                subDescription_x0040_LastModified="{Date}2023-10-21T20:24:58.982Z"
                subHeading="sign in "
                subHeading_x0040_LastModified="{Date}2023-10-21T20:25:31.952Z"
                subLink="#"
                subLink_x0040_LastModified="{Date}2023-10-21T20:25:31.953Z"/>
            <ar
                jcr:mixinTypes="[cq:Taggable,dam:cfVariationNode]"
                jcr:primaryType="nt:unstructured"
                _x0040_variationCreationDate="{Date}2023-10-21T20:25:36.619Z"
                actionImage_x0040_LastModified="{Date}2023-10-21T20:25:36.621Z"
                ctaText_x0040_LastModified="{Date}2023-10-21T20:25:36.620Z"
                linkType_x0040_LastModified="{Date}2023-10-21T20:25:36.620Z"
                sameTabOrNewTab="_self"
                sameTabOrNewTab_x0040_LastModified="{Date}2023-10-21T20:25:36.620Z"
                subDescription_x0040_LastModified="{Date}2023-10-21T20:25:36.620Z"
                subHeading="تسجيل الدخول"
                subHeading_x0040_LastModified="{Date}2023-10-21T20:25:51.905Z"
                subLink="#?locale=ar"
                subLink_x0040_LastModified="{Date}2023-10-21T20:26:30.821Z"/>
        </data>
        <indexedData jcr:primaryType="nt:unstructured">
            <master
                jcr:mixinTypes="[dam:IndexedFragmentData]"
                jcr:primaryType="nt:unstructured"
                jcr:uuid="72027566-926f-44df-b578-147a17f6c6ec"
                _x0040_string_x0040_model="/conf/daas/settings/dam/cfm/models/business-menu-generic-link"
                _x0040_stringArray_x0040_variations="[ar]"
                string_x0040_sameTabOrNewTab="_self"
                string_x0040_subHeading="sign in "
                string_x0040_subLink="#"/>
            <ar
                jcr:mixinTypes="[dam:IndexedFragmentData]"
                jcr:primaryType="nt:unstructured"
                jcr:uuid="ce302667-8006-4698-9bf2-b34e039ddad6"
                _x0040_string_x0040_model="/conf/daas/settings/dam/cfm/models/business-menu-generic-link"
                string_x0040_sameTabOrNewTab="_self"
                string_x0040_subHeading="تسجيل الدخول"
                string_x0040_subLink="#?locale=ar"/>
        </indexedData>
        <metadata
            jcr:mixinTypes="[cq:Taggable]"
            jcr:primaryType="nt:unstructured"/>
        <model jcr:primaryType="nt:unstructured">
            <variations jcr:primaryType="nt:unstructured">
                <ar
                    jcr:description="\0"
                    jcr:mixinTypes="[cq:Taggable]"
                    jcr:primaryType="nt:unstructured"
                    jcr:title="Ar"
                    name="ar">
                    <properties
                        jcr:primaryType="nt:unstructured"
                        synchronizeWithVersion="[subHeading:8b922313-9be6-4dcc-a6ee-55144df239c0,subDescription:8b922313-9be6-4dcc-a6ee-55144df239c0,linkType:8b922313-9be6-4dcc-a6ee-55144df239c0,ctaText:8b922313-9be6-4dcc-a6ee-55144df239c0,subLink:8b922313-9be6-4dcc-a6ee-55144df239c0,sameTabOrNewTab:8b922313-9be6-4dcc-a6ee-55144df239c0,actionImage:8b922313-9be6-4dcc-a6ee-55144df239c0]"/>
                </ar>
            </variations>
        </model>
        <related jcr:primaryType="nt:unstructured"/>
    </jcr:content>
</jcr:root>
