<?xml version="1.0" encoding="UTF-8"?>
<jcr:root xmlns:jcr="http://www.jcp.org/jcr/1.0" xmlns:dam="http://www.day.com/dam/1.0" xmlns:nt="http://www.jcp.org/jcr/nt/1.0" xmlns:mix="http://www.jcp.org/jcr/mix/1.0" xmlns:cq="http://www.day.com/jcr/cq/1.0"
    jcr:isCheckedOut="{Boolean}true"
    jcr:mixinTypes="[cq:contentFragment,mix:referenceable,mix:versionable]"
    jcr:primaryType="dam:Asset"
    jcr:uuid="fe544a75-1289-443e-8e95-1346f0bb653d">
    <jcr:content
        cq:isDelivered="{Boolean}false"
        cq:lastModified="{Date}2025-11-28T15:48:23.582+05:30"
        cq:lastModifiedBy="admin"
        cq:lastReplicated="{Date}2025-12-12T11:11:25.622Z"
        cq:lastReplicated_publish="{Date}2025-12-12T11:11:25.622Z"
        cq:lastReplicatedBy="workflow-process-service"
        cq:lastReplicatedBy_publish="workflow-process-service"
        cq:lastReplicationAction="Activate"
        cq:lastReplicationAction_publish="Activate"
        cq:name="locate-business-center"
        cq:parentPath="/content/dam/daas/cfm/footer-quicklinks/quick-links"
        jcr:lastModified="{Date}2025-04-08T09:28:15.315Z"
        jcr:lastModifiedBy="suvenkatachalam@eand.com"
        jcr:mixinTypes="[cq:ReplicationStatus,cq:ReplicationStatus2]"
        jcr:primaryType="dam:AssetContent"
        jcr:title="Locate Business Center"
        contentFragment="{Boolean}true"
        lastFragmentSave="{Date}2025-04-08T09:28:15.315Z">
        <data
            cq:model="/conf/daas/settings/dam/cfm/models/business-menu-generic-link"
            jcr:primaryType="nt:unstructured"
            _strucVersion="{Long}1">
            <master
                jcr:mixinTypes="[cq:Taggable,dam:cfVariationNode]"
                jcr:primaryType="nt:unstructured"
                actionImage_x0040_LastModified="{Date}2023-10-21T20:03:23.136Z"
                ctaText_x0040_LastModified="{Date}2023-10-21T20:03:23.136Z"
                linkType_x0040_LastModified="{Date}2023-10-21T20:03:23.136Z"
                sameTabOrNewTab="_self"
                sameTabOrNewTab_x0040_LastModified="{Date}2023-10-21T20:03:51.729Z"
                subDescription_x0040_LastModified="{Date}2023-10-21T20:03:23.136Z"
                subHeading="Locate Business Center"
                subHeading_x0040_LastModified="{Date}2023-10-21T20:03:51.728Z"
                subLink="#"
                subLink_x0040_LastModified="{Date}2023-10-21T20:03:51.729Z"/>
            <ar
                jcr:mixinTypes="[cq:Taggable,dam:cfVariationNode]"
                jcr:primaryType="nt:unstructured"
                _x0040_variationCreationDate="{Date}2023-10-21T20:03:56.270Z"
                actionImage_x0040_LastModified="{Date}2023-10-21T20:03:56.274Z"
                ctaText_x0040_LastModified="{Date}2023-10-21T20:03:56.273Z"
                linkType_x0040_LastModified="{Date}2023-10-21T20:03:56.272Z"
                sameTabOrNewTab="_self"
                sameTabOrNewTab_x0040_LastModified="{Date}2023-10-21T20:03:56.273Z"
                subDescription_x0040_LastModified="{Date}2023-10-21T20:03:56.272Z"
                subHeading="تحديد مواقع مراكز الأعمال"
                subHeading_x0040_LastModified="{Date}2025-04-08T09:28:15.083Z"
                subHeading_x0040_LastModifiedBy="suvenkatachalam@eand.com"
                subLink="#"
                subLink_x0040_LastModified="{Date}2023-10-21T20:04:38.516Z"/>
        </data>
        <indexedData jcr:primaryType="nt:unstructured">
            <master
                jcr:mixinTypes="[dam:IndexedFragmentData]"
                jcr:primaryType="nt:unstructured"
                jcr:uuid="cfe00f05-46fd-4cf9-9038-2c6f29b26785"
                _x0040_string_x0040_model="/conf/daas/settings/dam/cfm/models/business-menu-generic-link"
                _x0040_stringArray_x0040_variations="[ar]"
                string_x0040_sameTabOrNewTab="_self"
                string_x0040_subHeading="Locate Business Center"
                string_x0040_subLink="#"/>
            <ar
                jcr:mixinTypes="[dam:IndexedFragmentData]"
                jcr:primaryType="nt:unstructured"
                jcr:uuid="7baf1e78-3962-4aad-bfd1-9eddf0f3a4c3"
                _x0040_string_x0040_model="/conf/daas/settings/dam/cfm/models/business-menu-generic-link"
                string_x0040_sameTabOrNewTab="_self"
                string_x0040_subHeading="تحديد مواقع مراكز الأعمال"
                string_x0040_subLink="#"/>
        </indexedData>
        <metadata
            jcr:mixinTypes="[cq:Taggable]"
            jcr:primaryType="nt:unstructured">
            <dam:cfVariations jcr:primaryType="nt:unstructured">
                <ar
                    jcr:mixinTypes="[cq:Taggable]"
                    jcr:primaryType="nt:unstructured"/>
            </dam:cfVariations>
        </metadata>
        <model jcr:primaryType="nt:unstructured">
            <variations jcr:primaryType="nt:unstructured">
                <ar
                    jcr:description="\0"
                    jcr:mixinTypes="[cq:Taggable]"
                    jcr:primaryType="nt:unstructured"
                    jcr:title="Ar"
                    name="ar">
                    <properties
                        jcr:primaryType="nt:unstructured"
                        synchronizeWithVersion="[subHeading:bca35a03-fe01-4e2a-9621-523f68257a1d,subDescription:bca35a03-fe01-4e2a-9621-523f68257a1d,linkType:bca35a03-fe01-4e2a-9621-523f68257a1d,ctaText:bca35a03-fe01-4e2a-9621-523f68257a1d,subLink:bca35a03-fe01-4e2a-9621-523f68257a1d,sameTabOrNewTab:bca35a03-fe01-4e2a-9621-523f68257a1d,actionImage:bca35a03-fe01-4e2a-9621-523f68257a1d]"/>
                </ar>
            </variations>
        </model>
        <related jcr:primaryType="nt:unstructured"/>
    </jcr:content>
</jcr:root>
