<?xml version="1.0" encoding="UTF-8"?>
<jcr:root xmlns:jcr="http://www.jcp.org/jcr/1.0" xmlns:dam="http://www.day.com/dam/1.0" xmlns:nt="http://www.jcp.org/jcr/nt/1.0" xmlns:mix="http://www.jcp.org/jcr/mix/1.0" xmlns:cq="http://www.day.com/jcr/cq/1.0"
    jcr:isCheckedOut="{Boolean}true"
    jcr:mixinTypes="[cq:contentFragment,mix:referenceable,mix:versionable]"
    jcr:primaryType="dam:Asset"
    jcr:uuid="fa4b3dcf-2457-4bee-81cb-09d1ef325bde">
    <jcr:content
        cq:name="overview"
        cq:parentPath="/content/dam/daas/cfm/newsletter"
        jcr:lastModified="{Date}2025-12-04T06:48:25.225Z"
        jcr:lastModifiedBy="maripaul@eand.com"
        jcr:primaryType="dam:AssetContent"
        jcr:title="Overview"
        contentFragment="{Boolean}true"
        lastFragmentSave="{Date}2025-12-04T06:48:25.225Z">
        <data
            cq:model="/conf/daas/settings/dam/cfm/models/b2b-transformation-main"
            jcr:primaryType="nt:unstructured"
            _strucVersion="{Long}1">
            <master
                jcr:mixinTypes="[cq:Taggable,dam:cfVariationNode]"
                jcr:primaryType="nt:unstructured"
                b2bTransformationMainSec="[/content/dam/daas/cfm/newsletter/sub-sec]"
                b2bTransformationMainSec_x0040_LastModified="{Date}2025-12-04T06:47:39.124Z"
                b2bTransformationMainSec_x0040_LastModifiedBy="maripaul@eand.com">
                <card
                    jcr:primaryType="nt:unstructured"
                    assets="[]"
                    texts="[]"/>
            </master>
            <ar
                jcr:mixinTypes="[cq:Taggable,dam:cfVariationNode]"
                jcr:primaryType="nt:unstructured"
                _x0040_variationCreationDate="{Date}2025-12-04T06:48:10.138Z"
                b2bTransformationMainSec="[/content/dam/daas/cfm/newsletter/sub-sec]"
                b2bTransformationMainSec_x0040_LastModified="{Date}2025-12-04T06:48:10.140Z"
                b2bTransformationMainSec_x0040_LastModifiedBy="maripaul@eand.com"/>
        </data>
        <indexedData jcr:primaryType="nt:unstructured">
            <master
                jcr:mixinTypes="[dam:IndexedFragmentData]"
                jcr:primaryType="nt:unstructured"
                jcr:uuid="ae7a30d3-75ee-4700-9fde-8d770d98a5ed"
                _x0040_string_x0040_model="/conf/daas/settings/dam/cfm/models/b2b-transformation-main"
                _x0040_stringArray_x0040_variations="[ar]"/>
            <ar
                jcr:mixinTypes="[dam:IndexedFragmentData]"
                jcr:primaryType="nt:unstructured"
                jcr:uuid="d1228c02-9efa-4a4a-aeac-9ed01ece6c6d"
                _x0040_string_x0040_model="/conf/daas/settings/dam/cfm/models/b2b-transformation-main"/>
        </indexedData>
        <metadata
            jcr:mixinTypes="[cq:Taggable]"
            jcr:primaryType="nt:unstructured">
            <dam:cfVariations jcr:primaryType="nt:unstructured">
                <ar
                    jcr:mixinTypes="[cq:Taggable]"
                    jcr:primaryType="nt:unstructured"/>
            </dam:cfVariations>
        </metadata>
        <model jcr:primaryType="nt:unstructured">
            <variations jcr:primaryType="nt:unstructured">
                <ar
                    jcr:description="\0"
                    jcr:mixinTypes="[cq:Taggable]"
                    jcr:primaryType="nt:unstructured"
                    jcr:title="ar"
                    name="ar">
                    <properties
                        jcr:primaryType="nt:unstructured"
                        synchronizeWithVersion="[b2bTransformationMainSec:c0714686-d541-4735-9700-ed3ad72069d2]"/>
                </ar>
            </variations>
        </model>
        <related jcr:primaryType="nt:unstructured"/>
    </jcr:content>
</jcr:root>
