<?xml version="1.0" encoding="UTF-8"?>
<jcr:root xmlns:jcr="http://www.jcp.org/jcr/1.0" xmlns:dam="http://www.day.com/dam/1.0" xmlns:nt="http://www.jcp.org/jcr/nt/1.0" xmlns:mix="http://www.jcp.org/jcr/mix/1.0" xmlns:cq="http://www.day.com/jcr/cq/1.0"
    jcr:isCheckedOut="{Boolean}true"
    jcr:mixinTypes="[mix:referenceable,mix:versionable]"
    jcr:primaryType="dam:Asset"
    jcr:uuid="b9f7941a-34ef-4a9b-935e-d102c2f3bc50">
    <jcr:content
        cq:isDelivered="{Boolean}false"
        cq:lastModified="{Date}2025-11-28T15:48:23.495+05:30"
        cq:lastModifiedBy="admin"
        cq:lastReplicationAction_publish="Activate"
        cq:name="elite-business-program"
        cq:parentPath="/content/dam/daas/cfm/footer-quicklinks/quick-links"
        jcr:lastModified="{Date}2023-10-22T08:35:53.516Z"
        jcr:lastModifiedBy="azaraheem@etisalat.ae"
        jcr:mixinTypes="[cq:ReplicationStatus,cq:ReplicationStatus2]"
        jcr:primaryType="dam:AssetContent"
        jcr:title="Elite Business Program"
        contentFragment="{Boolean}true"
        lastFragmentSave="{Date}2023-10-22T08:35:53.516Z">
        <data
            cq:model="/conf/daas/settings/dam/cfm/models/business-menu-generic-link"
            jcr:primaryType="nt:unstructured"
            _strucVersion="{Long}1">
            <master
                jcr:mixinTypes="[cq:Taggable,dam:cfVariationNode]"
                jcr:primaryType="nt:unstructured"
                actionImage_x0040_LastModified="{Date}2023-10-22T08:34:23.667Z"
                ctaText_x0040_LastModified="{Date}2023-10-22T08:34:23.667Z"
                linkType_x0040_LastModified="{Date}2023-10-22T08:34:23.667Z"
                sameTabOrNewTab="_self"
                sameTabOrNewTab_x0040_LastModified="{Date}2023-10-22T08:34:58.135Z"
                subDescription_x0040_LastModified="{Date}2023-10-22T08:34:23.667Z"
                subHeading="Elite Business Program"
                subHeading_x0040_LastModified="{Date}2023-10-22T08:34:58.135Z"
                subLink="/en/smb/elitebusiness.html"
                subLink_x0040_LastModified="{Date}2023-10-22T08:34:58.135Z"/>
            <ar
                jcr:mixinTypes="[cq:Taggable,dam:cfVariationNode]"
                jcr:primaryType="nt:unstructured"
                _x0040_variationCreationDate="{Date}2023-10-22T08:35:03.813Z"
                actionImage_x0040_LastModified="{Date}2023-10-22T08:35:03.815Z"
                ctaText_x0040_LastModified="{Date}2023-10-22T08:35:03.814Z"
                linkType_x0040_LastModified="{Date}2023-10-22T08:35:03.814Z"
                sameTabOrNewTab="_self"
                sameTabOrNewTab_x0040_LastModified="{Date}2023-10-22T08:35:03.815Z"
                subDescription_x0040_LastModified="{Date}2023-10-22T08:35:03.814Z"
                subHeading="برنامج Elite Business"
                subHeading_x0040_LastModified="{Date}2023-10-22T08:35:53.238Z"
                subLink="/ar/smb/elitebusiness.html"
                subLink_x0040_LastModified="{Date}2023-10-22T08:35:53.238Z"/>
        </data>
        <indexedData jcr:primaryType="nt:unstructured">
            <master
                jcr:mixinTypes="[dam:IndexedFragmentData]"
                jcr:primaryType="nt:unstructured"
                jcr:uuid="196bef1c-3207-4052-974d-50c05639a968"
                _x0040_string_x0040_model="/conf/daas/settings/dam/cfm/models/business-menu-generic-link"
                _x0040_stringArray_x0040_variations="[ar]"
                string_x0040_sameTabOrNewTab="_self"
                string_x0040_subHeading="Elite Business Program"
                string_x0040_subLink="/en/smb/elitebusiness.html"/>
            <ar
                jcr:mixinTypes="[dam:IndexedFragmentData]"
                jcr:primaryType="nt:unstructured"
                jcr:uuid="f8ffd797-25f7-4286-836f-7eee047beeba"
                _x0040_string_x0040_model="/conf/daas/settings/dam/cfm/models/business-menu-generic-link"
                string_x0040_sameTabOrNewTab="_self"
                string_x0040_subHeading="برنامج Elite Business"
                string_x0040_subLink="/ar/smb/elitebusiness.html"/>
        </indexedData>
        <metadata
            jcr:mixinTypes="[cq:Taggable]"
            jcr:primaryType="nt:unstructured"/>
        <model jcr:primaryType="nt:unstructured">
            <variations jcr:primaryType="nt:unstructured">
                <ar
                    jcr:description="\0"
                    jcr:mixinTypes="[cq:Taggable]"
                    jcr:primaryType="nt:unstructured"
                    jcr:title="Ar"
                    name="ar">
                    <properties
                        jcr:primaryType="nt:unstructured"
                        synchronizeWithVersion="[subHeading:34391258-fd20-432a-a0ce-e178b9f21360,subDescription:34391258-fd20-432a-a0ce-e178b9f21360,linkType:34391258-fd20-432a-a0ce-e178b9f21360,ctaText:34391258-fd20-432a-a0ce-e178b9f21360,subLink:34391258-fd20-432a-a0ce-e178b9f21360,sameTabOrNewTab:34391258-fd20-432a-a0ce-e178b9f21360,actionImage:34391258-fd20-432a-a0ce-e178b9f21360]"/>
                </ar>
            </variations>
        </model>
        <related jcr:primaryType="nt:unstructured"/>
    </jcr:content>
</jcr:root>
