<?xml version="1.0" encoding="UTF-8"?>
<jcr:root xmlns:jcr="http://www.jcp.org/jcr/1.0" xmlns:dam="http://www.day.com/dam/1.0" xmlns:nt="http://www.jcp.org/jcr/nt/1.0" xmlns:mix="http://www.jcp.org/jcr/mix/1.0" xmlns:cq="http://www.day.com/jcr/cq/1.0"
    jcr:isCheckedOut="{Boolean}true"
    jcr:mixinTypes="[mix:referenceable,mix:versionable]"
    jcr:primaryType="dam:Asset"
    jcr:uuid="1a4a9c3d-6e22-4997-b2a0-134234ebe45c">
    <jcr:content
        cq:isDelivered="{Boolean}false"
        cq:lastModified="{Date}2025-11-28T15:48:23.730+05:30"
        cq:lastModifiedBy="admin"
        cq:lastReplicationAction_publish="Activate"
        cq:name="emirati-programme"
        cq:parentPath="/content/dam/daas/cfm/footer-quicklinks/quick-links"
        jcr:lastModified="{Date}2025-03-13T06:47:35.784Z"
        jcr:lastModifiedBy="suvenkatachalam@eand.com"
        jcr:mixinTypes="[cq:ReplicationStatus,cq:ReplicationStatus2]"
        jcr:primaryType="dam:AssetContent"
        jcr:title="Emirati Programme"
        contentFragment="{Boolean}true"
        lastFragmentSave="{Date}2025-03-13T06:47:35.784Z">
        <data
            cq:model="/conf/daas/settings/dam/cfm/models/business-menu-generic-link"
            jcr:primaryType="nt:unstructured"
            _strucVersion="{Long}1">
            <master
                jcr:mixinTypes="[cq:Taggable,dam:cfVariationNode]"
                jcr:primaryType="nt:unstructured"
                actionImage_x0040_LastModified="{Date}2023-10-22T09:20:38.733Z"
                ctaText_x0040_LastModified="{Date}2023-10-22T09:20:38.733Z"
                linkType_x0040_LastModified="{Date}2025-03-13T06:47:11.265Z"
                linkType_x0040_LastModifiedBy="suvenkatachalam@eand.com"
                sameTabOrNewTab="_blank"
                sameTabOrNewTab_x0040_LastModified="{Date}2023-10-22T09:21:23.741Z"
                subDescription_x0040_LastModified="{Date}2023-10-22T09:20:38.733Z"
                subHeading="Emirati National Programme"
                subHeading_x0040_LastModified="{Date}2025-03-13T06:47:11.261Z"
                subHeading_x0040_LastModifiedBy="suvenkatachalam@eand.com"
                subLink="/en/smb/emirati-channel-partners.html"
                subLink_x0040_LastModified="{Date}2025-03-13T06:47:11.263Z"
                subLink_x0040_LastModifiedBy="suvenkatachalam@eand.com"/>
            <ar
                jcr:mixinTypes="[cq:Taggable,dam:cfVariationNode]"
                jcr:primaryType="nt:unstructured"
                _x0040_variationCreationDate="{Date}2023-10-22T09:21:30.268Z"
                actionImage_x0040_LastModified="{Date}2023-10-22T09:21:30.270Z"
                ctaText_x0040_LastModified="{Date}2023-10-22T09:21:30.269Z"
                linkType="[absolute]"
                linkType_x0040_LastModified="{Date}2025-03-13T06:41:43.692Z"
                linkType_x0040_LastModifiedBy="suvenkatachalam@eand.com"
                sameTabOrNewTab="_blank"
                sameTabOrNewTab_x0040_LastModified="{Date}2023-10-22T09:21:30.270Z"
                subDescription_x0040_LastModified="{Date}2023-10-22T09:21:30.269Z"
                subHeading="البرنامج الوطني"
                subHeading_x0040_LastModified="{Date}2025-03-13T06:47:35.554Z"
                subHeading_x0040_LastModifiedBy="suvenkatachalam@eand.com"
                subLink="/ar/smb/emirati-channel-partners.html"
                subLink_x0040_LastModified="{Date}2025-03-13T06:47:35.556Z"
                subLink_x0040_LastModifiedBy="suvenkatachalam@eand.com"/>
        </data>
        <indexedData jcr:primaryType="nt:unstructured">
            <master
                jcr:mixinTypes="[dam:IndexedFragmentData]"
                jcr:primaryType="nt:unstructured"
                jcr:uuid="25b33551-7a8b-4ca0-b4bf-3b0fd9d411a1"
                _x0040_string_x0040_model="/conf/daas/settings/dam/cfm/models/business-menu-generic-link"
                _x0040_stringArray_x0040_variations="[ar]"
                string_x0040_sameTabOrNewTab="_blank"
                string_x0040_subHeading="Emirati National Programme"
                string_x0040_subLink="/en/smb/emirati-channel-partners.html"/>
            <ar
                jcr:mixinTypes="[dam:IndexedFragmentData]"
                jcr:primaryType="nt:unstructured"
                jcr:uuid="7b388b82-e7e6-43c9-9753-92f7bdc249b9"
                _x0040_string_x0040_model="/conf/daas/settings/dam/cfm/models/business-menu-generic-link"
                string_x0040_sameTabOrNewTab="_blank"
                string_x0040_subHeading="البرنامج الوطني"
                string_x0040_subLink="/ar/smb/emirati-channel-partners.html"
                stringArray_x0040_linkType="[absolute]"/>
        </indexedData>
        <metadata
            jcr:mixinTypes="[cq:Taggable]"
            jcr:primaryType="nt:unstructured">
            <dam:cfVariations jcr:primaryType="nt:unstructured">
                <ar
                    jcr:mixinTypes="[cq:Taggable]"
                    jcr:primaryType="nt:unstructured"/>
            </dam:cfVariations>
        </metadata>
        <model jcr:primaryType="nt:unstructured">
            <variations jcr:primaryType="nt:unstructured">
                <ar
                    jcr:description="\0"
                    jcr:mixinTypes="[cq:Taggable]"
                    jcr:primaryType="nt:unstructured"
                    jcr:title="Ar"
                    name="ar">
                    <properties
                        jcr:primaryType="nt:unstructured"
                        synchronizeWithVersion="[subHeading:74a3e664-344e-4bef-96a0-21319aa778bc,subDescription:74a3e664-344e-4bef-96a0-21319aa778bc,linkType:74a3e664-344e-4bef-96a0-21319aa778bc,ctaText:74a3e664-344e-4bef-96a0-21319aa778bc,subLink:74a3e664-344e-4bef-96a0-21319aa778bc,sameTabOrNewTab:74a3e664-344e-4bef-96a0-21319aa778bc,actionImage:74a3e664-344e-4bef-96a0-21319aa778bc]"/>
                </ar>
            </variations>
        </model>
        <related jcr:primaryType="nt:unstructured"/>
    </jcr:content>
</jcr:root>
