<?xml version="1.0" encoding="UTF-8"?>
<jcr:root xmlns:jcr="http://www.jcp.org/jcr/1.0" xmlns:dam="http://www.day.com/dam/1.0" xmlns:nt="http://www.jcp.org/jcr/nt/1.0" xmlns:mix="http://www.jcp.org/jcr/mix/1.0" xmlns:cq="http://www.day.com/jcr/cq/1.0"
    jcr:isCheckedOut="{Boolean}true"
    jcr:mixinTypes="[cq:contentFragment,mix:referenceable,mix:versionable]"
    jcr:primaryType="dam:Asset"
    jcr:uuid="6ea6e452-415c-461b-862a-4d487df6be71">
    <jcr:content
        cq:isDelivered="{Boolean}false"
        cq:lastModified="{Date}2025-11-28T12:13:31.456Z"
        cq:lastModifiedBy="maripaul@eand.com"
        cq:lastReplicated="{Date}2025-12-12T11:08:37.533Z"
        cq:lastReplicated_publish="{Date}2025-12-12T11:08:37.533Z"
        cq:lastReplicatedBy="workflow-process-service"
        cq:lastReplicatedBy_publish="workflow-process-service"
        cq:lastReplicationAction="Activate"
        cq:lastReplicationAction_publish="Activate"
        cq:name="e&amp;-enterprise"
        cq:parentPath="/content/dam/daas/cfm/header/top-navigation/Eand-Topnav"
        jcr:lastModified="{Date}2023-10-21T13:00:01.602Z"
        jcr:lastModifiedBy="azaraheem@etisalat.ae"
        jcr:mixinTypes="[cq:ReplicationStatus,cq:ReplicationStatus2]"
        jcr:primaryType="dam:AssetContent"
        jcr:title=" e&amp; enterprise"
        contentFragment="{Boolean}true"
        lastFragmentSave="{Date}2023-10-21T13:00:01.602Z">
        <data
            cq:model="/conf/daas/settings/dam/cfm/models/business-menu-generic-link"
            jcr:primaryType="nt:unstructured"
            _strucVersion="{Long}1">
            <master
                jcr:mixinTypes="[cq:Taggable,dam:cfVariationNode]"
                jcr:primaryType="nt:unstructured"
                actionImage_x0040_LastModified="{Date}2023-10-21T12:59:12.589Z"
                ctaText_x0040_LastModified="{Date}2023-10-21T12:59:12.589Z"
                linkType="[absolute]"
                linkType_x0040_LastModified="{Date}2023-10-21T12:59:36.315Z"
                sameTabOrNewTab="_self"
                sameTabOrNewTab_x0040_LastModified="{Date}2023-10-21T12:59:36.316Z"
                subDescription_x0040_LastModified="{Date}2023-10-21T12:59:12.589Z"
                subHeading=" e&amp; enterprise"
                subHeading_x0040_LastModified="{Date}2023-10-21T12:59:36.315Z"
                subLink="https:#"
                subLink_x0040_LastModified="{Date}2023-10-21T12:59:36.316Z"/>
            <ar
                jcr:mixinTypes="[cq:Taggable,dam:cfVariationNode]"
                jcr:primaryType="nt:unstructured"
                _x0040_variationCreationDate="{Date}2023-10-21T12:59:41.751Z"
                actionImage_x0040_LastModified="{Date}2023-10-21T12:59:41.753Z"
                ctaText_x0040_LastModified="{Date}2023-10-21T12:59:41.753Z"
                linkType="[absolute]"
                linkType_x0040_LastModified="{Date}2023-10-21T12:59:41.753Z"
                sameTabOrNewTab="_self"
                sameTabOrNewTab_x0040_LastModified="{Date}2023-10-21T12:59:41.753Z"
                subDescription_x0040_LastModified="{Date}2023-10-21T12:59:41.752Z"
                subHeading="&amp;e المؤسسات"
                subHeading_x0040_LastModified="{Date}2023-10-21T13:00:01.378Z"
                subLink="https:#"
                subLink_x0040_LastModified="{Date}2023-10-21T13:00:01.379Z"/>
        </data>
        <indexedData jcr:primaryType="nt:unstructured">
            <master
                jcr:mixinTypes="[dam:IndexedFragmentData]"
                jcr:primaryType="nt:unstructured"
                jcr:uuid="67cd3dd6-2852-40df-979a-9f81fe757a3b"
                _x0040_string_x0040_model="/conf/daas/settings/dam/cfm/models/business-menu-generic-link"
                _x0040_stringArray_x0040_variations="[ar]"
                string_x0040_sameTabOrNewTab="_self"
                string_x0040_subHeading=" e&amp; enterprise"
                string_x0040_subLink="https:#"
                stringArray_x0040_linkType="[absolute]"/>
            <ar
                jcr:mixinTypes="[dam:IndexedFragmentData]"
                jcr:primaryType="nt:unstructured"
                jcr:uuid="535ff461-4a95-4c82-a5ce-1356b1a0d59e"
                _x0040_string_x0040_model="/conf/daas/settings/dam/cfm/models/business-menu-generic-link"
                string_x0040_sameTabOrNewTab="_self"
                string_x0040_subHeading="&amp;e المؤسسات"
                string_x0040_subLink="https:#"
                stringArray_x0040_linkType="[absolute]"/>
        </indexedData>
        <metadata
            jcr:mixinTypes="[cq:Taggable]"
            jcr:primaryType="nt:unstructured"/>
        <model jcr:primaryType="nt:unstructured">
            <variations jcr:primaryType="nt:unstructured">
                <ar
                    jcr:description="\0"
                    jcr:mixinTypes="[cq:Taggable]"
                    jcr:primaryType="nt:unstructured"
                    jcr:title="Ar"
                    name="ar">
                    <properties
                        jcr:primaryType="nt:unstructured"
                        synchronizeWithVersion="[subHeading:01614be8-90ae-4263-ab43-c4e1ce1e20ac,subDescription:01614be8-90ae-4263-ab43-c4e1ce1e20ac,linkType:01614be8-90ae-4263-ab43-c4e1ce1e20ac,ctaText:01614be8-90ae-4263-ab43-c4e1ce1e20ac,subLink:01614be8-90ae-4263-ab43-c4e1ce1e20ac,sameTabOrNewTab:01614be8-90ae-4263-ab43-c4e1ce1e20ac,actionImage:01614be8-90ae-4263-ab43-c4e1ce1e20ac]"/>
                </ar>
            </variations>
        </model>
        <related jcr:primaryType="nt:unstructured"/>
    </jcr:content>
</jcr:root>
