<?xml version="1.0" encoding="UTF-8"?>
<jcr:root xmlns:jcr="http://www.jcp.org/jcr/1.0" xmlns:dam="http://www.day.com/dam/1.0" xmlns:nt="http://www.jcp.org/jcr/nt/1.0" xmlns:mix="http://www.jcp.org/jcr/mix/1.0" xmlns:cq="http://www.day.com/jcr/cq/1.0"
    jcr:isCheckedOut="{Boolean}true"
    jcr:mixinTypes="[cq:contentFragment,mix:referenceable,mix:versionable]"
    jcr:primaryType="dam:Asset"
    jcr:uuid="787f46ab-cd6b-4268-aa70-ef4b918c8688">
    <jcr:content
        cq:isDelivered="{Boolean}false"
        cq:lastModified="{Date}2025-11-28T12:13:50.114Z"
        cq:lastModifiedBy="maripaul@eand.com"
        cq:lastReplicated="{Date}2025-12-12T11:08:27.477Z"
        cq:lastReplicated_publish="{Date}2025-12-12T11:08:27.477Z"
        cq:lastReplicatedBy="workflow-process-service"
        cq:lastReplicatedBy_publish="workflow-process-service"
        cq:lastReplicationAction="Activate"
        cq:lastReplicationAction_publish="Activate"
        cq:name="assets"
        cq:parentPath="/content/dam/daas/cfm/header/mega-menu/hr"
        jcr:lastModified="{Date}2025-03-11T22:48:51.347Z"
        jcr:lastModifiedBy="suvenkatachalam@eand.com"
        jcr:mixinTypes="[cq:ReplicationStatus,cq:ReplicationStatus2]"
        jcr:primaryType="dam:AssetContent"
        jcr:title="Assets"
        contentFragment="{Boolean}true"
        lastFragmentSave="{Date}2025-03-11T22:48:51.347Z">
        <data
            cq:model="/conf/daas/settings/dam/cfm/models/business-menu-generic-link"
            jcr:primaryType="nt:unstructured"
            _strucVersion="{Long}1">
            <master
                jcr:mixinTypes="[cq:Taggable,dam:cfVariationNode]"
                jcr:primaryType="nt:unstructured"
                actionImage_x0040_LastModified="{Date}2023-10-21T19:33:06.891Z"
                ctaText_x0040_LastModified="{Date}2023-10-21T19:33:06.891Z"
                linkType_x0040_LastModified="{Date}2023-10-21T19:33:06.891Z"
                sameTabOrNewTab="_self"
                sameTabOrNewTab_x0040_LastModified="{Date}2023-10-21T19:33:24.028Z"
                subDescription_x0040_LastModified="{Date}2023-10-21T19:33:06.891Z"
                subHeading="Assets"
                subHeading_x0040_LastModified="{Date}2023-10-21T19:33:24.027Z"
                subLink="#?##3"
                subLink_x0040_LastModified="{Date}2025-03-11T22:47:53.364Z"
                subLink_x0040_LastModifiedBy="suvenkatachalam@eand.com"/>
            <ar
                jcr:mixinTypes="[cq:Taggable,dam:cfVariationNode]"
                jcr:primaryType="nt:unstructured"
                _x0040_variationCreationDate="{Date}2023-10-21T19:33:28.198Z"
                actionImage_x0040_LastModified="{Date}2023-10-21T19:33:28.200Z"
                ctaText_x0040_LastModified="{Date}2023-10-21T19:33:28.200Z"
                linkType_x0040_LastModified="{Date}2023-10-21T19:33:28.200Z"
                sameTabOrNewTab="_self"
                sameTabOrNewTab_x0040_LastModified="{Date}2023-10-21T19:33:28.200Z"
                subDescription_x0040_LastModified="{Date}2023-10-21T19:33:28.200Z"
                subHeading="الأصول"
                subHeading_x0040_LastModified="{Date}2023-10-21T19:33:40.474Z"
                subLink="#?##3"
                subLink_x0040_LastModified="{Date}2025-03-11T22:48:43.200Z"
                subLink_x0040_LastModifiedBy="suvenkatachalam@eand.com"/>
        </data>
        <indexedData jcr:primaryType="nt:unstructured">
            <master
                jcr:mixinTypes="[dam:IndexedFragmentData]"
                jcr:primaryType="nt:unstructured"
                jcr:uuid="ad695b26-e126-41e5-9830-693a5d6c7279"
                _x0040_string_x0040_model="/conf/daas/settings/dam/cfm/models/business-menu-generic-link"
                _x0040_stringArray_x0040_variations="[ar]"
                string_x0040_sameTabOrNewTab="_self"
                string_x0040_subHeading="Assets"
                string_x0040_subLink="#?##3"/>
            <ar
                jcr:mixinTypes="[dam:IndexedFragmentData]"
                jcr:primaryType="nt:unstructured"
                jcr:uuid="02f4a128-8d0f-4b74-81c4-05c68b0b43a6"
                _x0040_string_x0040_model="/conf/daas/settings/dam/cfm/models/business-menu-generic-link"
                string_x0040_sameTabOrNewTab="_self"
                string_x0040_subHeading="الأصول"
                string_x0040_subLink="#?##3"/>
        </indexedData>
        <metadata
            jcr:mixinTypes="[cq:Taggable]"
            jcr:primaryType="nt:unstructured">
            <dam:cfVariations jcr:primaryType="nt:unstructured">
                <ar
                    jcr:mixinTypes="[cq:Taggable]"
                    jcr:primaryType="nt:unstructured"/>
            </dam:cfVariations>
        </metadata>
        <model jcr:primaryType="nt:unstructured">
            <variations jcr:primaryType="nt:unstructured">
                <ar
                    jcr:description="\0"
                    jcr:mixinTypes="[cq:Taggable]"
                    jcr:primaryType="nt:unstructured"
                    jcr:title="Ar"
                    name="ar">
                    <properties
                        jcr:primaryType="nt:unstructured"
                        synchronizeWithVersion="[subHeading:8b45cb63-e154-4aff-b1a7-63daf55f1f5c,subDescription:8b45cb63-e154-4aff-b1a7-63daf55f1f5c,linkType:8b45cb63-e154-4aff-b1a7-63daf55f1f5c,ctaText:8b45cb63-e154-4aff-b1a7-63daf55f1f5c,subLink:8b45cb63-e154-4aff-b1a7-63daf55f1f5c,sameTabOrNewTab:8b45cb63-e154-4aff-b1a7-63daf55f1f5c,actionImage:8b45cb63-e154-4aff-b1a7-63daf55f1f5c]"/>
                </ar>
            </variations>
        </model>
        <related jcr:primaryType="nt:unstructured"/>
    </jcr:content>
</jcr:root>
