<?xml version="1.0" encoding="UTF-8"?>
<jcr:root xmlns:jcr="http://www.jcp.org/jcr/1.0" xmlns:dam="http://www.day.com/dam/1.0" xmlns:nt="http://www.jcp.org/jcr/nt/1.0" xmlns:mix="http://www.jcp.org/jcr/mix/1.0" xmlns:cq="http://www.day.com/jcr/cq/1.0"
    jcr:isCheckedOut="{Boolean}true"
    jcr:mixinTypes="[cq:contentFragment,mix:referenceable,mix:versionable]"
    jcr:primaryType="dam:Asset"
    jcr:uuid="b267943c-30c2-4958-9397-cc2db7c1ef79">
    <jcr:content
        cq:isDelivered="{Boolean}false"
        cq:lastModified="{Date}2025-11-28T15:48:23.279+05:30"
        cq:lastModifiedBy="admin"
        cq:lastReplicated="{Date}2025-12-12T11:11:25.622Z"
        cq:lastReplicated_publish="{Date}2025-12-12T11:11:25.622Z"
        cq:lastReplicatedBy="workflow-process-service"
        cq:lastReplicatedBy_publish="workflow-process-service"
        cq:lastReplicationAction="Activate"
        cq:lastReplicationAction_publish="Activate"
        cq:name="payment-1"
        cq:parentPath="/content/dam/daas/cfm/footer-quicklinks/patners"
        jcr:lastModified="{Date}2025-03-13T06:35:30.001Z"
        jcr:lastModifiedBy="suvenkatachalam@eand.com"
        jcr:mixinTypes="[cq:ReplicationStatus,cq:ReplicationStatus2]"
        jcr:primaryType="dam:AssetContent"
        jcr:title="Payment 1"
        contentFragment="{Boolean}true"
        lastFragmentSave="{Date}2025-03-13T06:35:30.001Z">
        <data
            cq:model="/conf/daas/settings/dam/cfm/models/business-menu-generic-link"
            jcr:primaryType="nt:unstructured"
            _strucVersion="{Long}1">
            <master
                jcr:mixinTypes="[cq:Taggable,dam:cfVariationNode]"
                jcr:primaryType="nt:unstructured"
                actionImage="/content/dam/etisalat/business-images/smb/2023/footer/footer-icons/etisalat-amex-card.svg"
                actionImage_x0040_LastModified="{Date}2025-03-13T05:40:56.162Z"
                actionImage_x0040_LastModifiedBy="suvenkatachalam@eand.com"
                ctaText_x0040_LastModified="{Date}2023-10-22T10:23:43.232Z"
                linkType_x0040_LastModified="{Date}2023-10-22T10:23:43.232Z"
                sameTabOrNewTab_x0040_LastModified="{Date}2023-10-22T10:23:43.232Z"
                subDescription_x0040_LastModified="{Date}2023-10-22T10:23:43.232Z"
                subHeading_x0040_LastModified="{Date}2023-10-22T10:23:43.232Z"
                subLink_x0040_LastModified="{Date}2023-10-22T10:23:43.232Z"/>
            <ar
                jcr:mixinTypes="[cq:Taggable,dam:cfVariationNode]"
                jcr:primaryType="nt:unstructured"
                _x0040_variationCreationDate="{Date}2023-10-22T10:24:06.127Z"
                actionImage="/content/dam/etisalat/business-images/smb/2023/footer/footer-icons/etisalat-amex-card.svg"
                actionImage_x0040_LastModified="{Date}2025-03-13T05:41:04.775Z"
                actionImage_x0040_LastModifiedBy="suvenkatachalam@eand.com"
                ctaText_x0040_LastModified="{Date}2023-10-22T10:24:06.129Z"
                linkType_x0040_LastModified="{Date}2023-10-22T10:24:06.129Z"
                sameTabOrNewTab_x0040_LastModified="{Date}2023-10-22T10:24:06.129Z"
                subDescription_x0040_LastModified="{Date}2023-10-22T10:24:06.128Z"
                subHeading_x0040_LastModified="{Date}2023-10-22T10:24:06.128Z"
                subLink_x0040_LastModified="{Date}2023-10-22T10:24:06.129Z"/>
        </data>
        <indexedData jcr:primaryType="nt:unstructured">
            <master
                jcr:mixinTypes="[dam:IndexedFragmentData]"
                jcr:primaryType="nt:unstructured"
                jcr:uuid="7a4ea164-6176-4f41-8ab3-cc019ca174a7"
                _x0040_string_x0040_model="/conf/daas/settings/dam/cfm/models/business-menu-generic-link"
                _x0040_stringArray_x0040_variations="[ar]"/>
            <ar
                jcr:mixinTypes="[dam:IndexedFragmentData]"
                jcr:primaryType="nt:unstructured"
                jcr:uuid="21877aff-0932-4185-b1d8-5351e279e343"
                _x0040_string_x0040_model="/conf/daas/settings/dam/cfm/models/business-menu-generic-link"/>
        </indexedData>
        <metadata
            jcr:mixinTypes="[cq:Taggable]"
            jcr:primaryType="nt:unstructured">
            <dam:cfVariations jcr:primaryType="nt:unstructured">
                <ar
                    jcr:mixinTypes="[cq:Taggable]"
                    jcr:primaryType="nt:unstructured"/>
            </dam:cfVariations>
        </metadata>
        <model jcr:primaryType="nt:unstructured">
            <variations jcr:primaryType="nt:unstructured">
                <ar
                    jcr:description="\0"
                    jcr:mixinTypes="[cq:Taggable]"
                    jcr:primaryType="nt:unstructured"
                    jcr:title="Ar"
                    name="ar">
                    <properties
                        jcr:primaryType="nt:unstructured"
                        synchronizeWithVersion="[subHeading:e4ba1fe0-144b-47c8-8373-2db368854999,subDescription:e4ba1fe0-144b-47c8-8373-2db368854999,linkType:e4ba1fe0-144b-47c8-8373-2db368854999,ctaText:e4ba1fe0-144b-47c8-8373-2db368854999,subLink:e4ba1fe0-144b-47c8-8373-2db368854999,sameTabOrNewTab:e4ba1fe0-144b-47c8-8373-2db368854999,actionImage:e4ba1fe0-144b-47c8-8373-2db368854999]"/>
                </ar>
            </variations>
        </model>
        <related jcr:primaryType="nt:unstructured"/>
    </jcr:content>
</jcr:root>
