<?xml version="1.0" encoding="UTF-8"?>
<jcr:root xmlns:jcr="http://www.jcp.org/jcr/1.0" xmlns:dam="http://www.day.com/dam/1.0" xmlns:nt="http://www.jcp.org/jcr/nt/1.0" xmlns:mix="http://www.jcp.org/jcr/mix/1.0" xmlns:cq="http://www.day.com/jcr/cq/1.0"
    jcr:isCheckedOut="{Boolean}true"
    jcr:mixinTypes="[cq:contentFragment,mix:referenceable,mix:versionable]"
    jcr:primaryType="dam:Asset"
    jcr:uuid="0f0b12c0-d6cd-4ca6-b877-e67e8e0bee3e">
    <jcr:content
        cq:isDelivered="{Boolean}false"
        cq:lastModified="{Date}2025-11-28T12:13:35.089Z"
        cq:lastModifiedBy="maripaul@eand.com"
        cq:lastReplicated="{Date}2025-12-12T11:08:37.533Z"
        cq:lastReplicated_publish="{Date}2025-12-12T11:08:37.533Z"
        cq:lastReplicatedBy="workflow-process-service"
        cq:lastReplicatedBy_publish="workflow-process-service"
        cq:lastReplicationAction="Activate"
        cq:lastReplicationAction_publish="Activate"
        cq:name="solutions"
        cq:parentPath="/content/dam/daas/cfm/header/top-navigation/solutions"
        jcr:lastModified="{Date}2025-12-11T13:54:54.277Z"
        jcr:lastModifiedBy="amaidheen@eand.com"
        jcr:mixinTypes="[cq:ReplicationStatus,cq:ReplicationStatus2]"
        jcr:primaryType="dam:AssetContent"
        jcr:title="Solutions"
        contentFragment="{Boolean}true"
        lastFragmentSave="{Date}2025-12-11T13:54:54.277Z">
        <data
            cq:model="/conf/daas/settings/dam/cfm/models/business-mega-menu-main-section"
            jcr:primaryType="nt:unstructured"
            _strucVersion="{Long}1">
            <master
                jcr:mixinTypes="[cq:Taggable,dam:cfVariationNode]"
                jcr:primaryType="nt:unstructured"
                mainSection="[/content/dam/daas/cfm/header/top-navigation/solutions/solutions-sub-sec-1,/content/dam/daas/cfm/header/top-navigation/solutions/solutions-sub-sec-2,/content/dam/daas/cfm/header/top-navigation/solutions/solutions-sub-sec-3]"
                mainSection_x0040_LastModified="{Date}2025-12-11T13:54:45.761Z"
                mainSection_x0040_LastModifiedBy="amaidheen@eand.com"
                mainSectionTitle="Solutions"
                mainSectionTitle_x0040_LastModified="{Date}2023-10-21T19:17:30.102Z"
                menuFooterSection_x0040_LastModified="{Date}2023-10-21T18:52:24.020Z"
                promoSection_x0040_LastModified="{Date}2025-04-08T08:56:07.828Z"
                promoSection_x0040_LastModifiedBy="suvenkatachalam@eand.com">
                <card
                    jcr:primaryType="nt:unstructured"
                    assets="[]"
                    texts="[Solutions]"/>
            </master>
            <ar
                jcr:mixinTypes="[cq:Taggable,dam:cfVariationNode]"
                jcr:primaryType="nt:unstructured"
                _x0040_variationCreationDate="{Date}2023-10-21T19:17:35.684Z"
                mainSection="[/content/dam/daas/cfm/header/top-navigation/solutions/solutions-sub-sec-1,/content/dam/daas/cfm/header/top-navigation/solutions/solutions-sub-sec-2,/content/dam/daas/cfm/header/top-navigation/solutions/solutions-sub-sec-3]"
                mainSection_x0040_LastModified="{Date}2025-12-11T13:54:54.094Z"
                mainSection_x0040_LastModifiedBy="amaidheen@eand.com"
                mainSectionTitle="الحلول"
                mainSectionTitle_x0040_LastModified="{Date}2023-10-21T19:17:46.104Z"
                menuFooterSection_x0040_LastModified="{Date}2023-10-21T19:17:35.686Z"
                promoSection_x0040_LastModified="{Date}2025-04-08T08:56:18.645Z"
                promoSection_x0040_LastModifiedBy="suvenkatachalam@eand.com"/>
        </data>
        <indexedData jcr:primaryType="nt:unstructured">
            <master
                jcr:mixinTypes="[dam:IndexedFragmentData]"
                jcr:primaryType="nt:unstructured"
                jcr:uuid="b15061a4-4928-49db-805a-68117e3eed3e"
                _x0040_string_x0040_model="/conf/daas/settings/dam/cfm/models/business-mega-menu-main-section"
                _x0040_stringArray_x0040_variations="[ar]"
                string_x0040_mainSectionTitle="Solutions"/>
            <ar
                jcr:mixinTypes="[dam:IndexedFragmentData]"
                jcr:primaryType="nt:unstructured"
                jcr:uuid="18b20064-fefe-4f69-96e5-727134ed5605"
                _x0040_string_x0040_model="/conf/daas/settings/dam/cfm/models/business-mega-menu-main-section"
                string_x0040_mainSectionTitle="الحلول"/>
        </indexedData>
        <metadata
            jcr:mixinTypes="[cq:Taggable]"
            jcr:primaryType="nt:unstructured">
            <dam:cfVariations jcr:primaryType="nt:unstructured">
                <ar
                    jcr:mixinTypes="[cq:Taggable]"
                    jcr:primaryType="nt:unstructured"/>
            </dam:cfVariations>
        </metadata>
        <model jcr:primaryType="nt:unstructured">
            <variations jcr:primaryType="nt:unstructured">
                <ar
                    jcr:description="\0"
                    jcr:mixinTypes="[cq:Taggable]"
                    jcr:primaryType="nt:unstructured"
                    jcr:title="Ar"
                    name="ar">
                    <properties
                        jcr:primaryType="nt:unstructured"
                        synchronizeWithVersion="[mainSectionTitle:97133e3f-a615-4974-a8c8-f0a9e2c2aafa,mainSection:97133e3f-a615-4974-a8c8-f0a9e2c2aafa,promoSection:97133e3f-a615-4974-a8c8-f0a9e2c2aafa,menuFooterSection:97133e3f-a615-4974-a8c8-f0a9e2c2aafa]"/>
                </ar>
            </variations>
        </model>
        <related jcr:primaryType="nt:unstructured"/>
    </jcr:content>
</jcr:root>
