<?xml version="1.0" encoding="UTF-8"?>
<jcr:root xmlns:jcr="http://www.jcp.org/jcr/1.0" xmlns:dam="http://www.day.com/dam/1.0" xmlns:nt="http://www.jcp.org/jcr/nt/1.0" xmlns:mix="http://www.jcp.org/jcr/mix/1.0" xmlns:cq="http://www.day.com/jcr/cq/1.0"
    jcr:isCheckedOut="{Boolean}true"
    jcr:mixinTypes="[cq:contentFragment,mix:referenceable,mix:versionable]"
    jcr:primaryType="dam:Asset"
    jcr:uuid="4faabc7c-c0cb-4770-a4a9-a976627412d1">
    <jcr:content
        cq:isDelivered="{Boolean}false"
        cq:lastModified="{Date}2025-11-28T15:19:27.070+05:30"
        cq:lastModifiedBy="admin"
        cq:lastReplicated="{Date}2025-12-12T11:09:25.984Z"
        cq:lastReplicated_publish="{Date}2025-12-12T11:09:25.984Z"
        cq:lastReplicatedBy="workflow-process-service"
        cq:lastReplicatedBy_publish="workflow-process-service"
        cq:lastReplicationAction="Activate"
        cq:lastReplicationAction_publish="Activate"
        cq:name="strategic-projects"
        cq:parentPath="/content/dam/daas/cfm/footer"
        jcr:lastModified="{Date}2025-03-13T06:48:29.091Z"
        jcr:lastModifiedBy="reference-adjustment-service"
        jcr:mixinTypes="[cq:ReplicationStatus,cq:ReplicationStatus2]"
        jcr:primaryType="dam:AssetContent"
        jcr:title="STRATEGIC PROJECTS"
        contentFragment="{Boolean}true"
        lastFragmentSave="{Date}2025-03-13T06:48:29.092Z">
        <data
            cq:model="/conf/daas/settings/dam/cfm/models/business-footer-maintitle-section"
            jcr:primaryType="nt:unstructured"
            _strucVersion="{Long}1">
            <master
                jcr:mixinTypes="[cq:Taggable,dam:cfVariationNode]"
                jcr:primaryType="nt:unstructured"
                mainTitle="STRATEGIC PROJECTS"
                mainTitle_x0040_LastModified="{Date}2023-10-22T11:03:51.661Z"
                subsection="[/content/dam/daas/cfm/footer-quicklinks/quick-links/emirati-programme]"
                subsection_x0040_LastModified="{Date}2023-10-22T11:03:51.661Z">
                <card
                    jcr:primaryType="nt:unstructured"
                    assets="[]"
                    texts="[STRATEGIC PROJECTS]"/>
            </master>
            <ar
                jcr:mixinTypes="[cq:Taggable,dam:cfVariationNode]"
                jcr:primaryType="nt:unstructured"
                _x0040_variationCreationDate="{Date}2023-10-22T11:03:56.524Z"
                mainTitle="مشروعات استراتيجية"
                mainTitle_x0040_LastModified="{Date}2023-10-22T11:04:07.311Z"
                subsection="[/content/dam/daas/cfm/footer-quicklinks/quick-links/emirati-programme]"
                subsection_x0040_LastModified="{Date}2023-10-22T11:03:56.525Z"/>
        </data>
        <indexedData jcr:primaryType="nt:unstructured">
            <master
                jcr:mixinTypes="[dam:IndexedFragmentData]"
                jcr:primaryType="nt:unstructured"
                jcr:uuid="9a293067-acbe-4544-a623-96f7506625e7"
                _x0040_string_x0040_model="/conf/daas/settings/dam/cfm/models/business-footer-maintitle-section"
                _x0040_stringArray_x0040_variations="[ar]"
                string_x0040_mainTitle="STRATEGIC PROJECTS"/>
            <ar
                jcr:mixinTypes="[dam:IndexedFragmentData]"
                jcr:primaryType="nt:unstructured"
                jcr:uuid="6f7e46f0-fff7-4d2e-ad14-f68a8779132b"
                _x0040_string_x0040_model="/conf/daas/settings/dam/cfm/models/business-footer-maintitle-section"
                string_x0040_mainTitle="مشروعات استراتيجية"/>
        </indexedData>
        <metadata
            jcr:mixinTypes="[cq:Taggable]"
            jcr:primaryType="nt:unstructured"/>
        <model jcr:primaryType="nt:unstructured">
            <variations jcr:primaryType="nt:unstructured">
                <ar
                    jcr:description="\0"
                    jcr:mixinTypes="[cq:Taggable]"
                    jcr:primaryType="nt:unstructured"
                    jcr:title="Ar"
                    name="ar">
                    <properties
                        jcr:primaryType="nt:unstructured"
                        synchronizeWithVersion="[mainTitle:6d3fa33f-033e-49e6-8760-ca0780ef406c,subsection:6d3fa33f-033e-49e6-8760-ca0780ef406c]"/>
                </ar>
            </variations>
        </model>
        <related jcr:primaryType="nt:unstructured"/>
    </jcr:content>
</jcr:root>
