<?xml version="1.0" encoding="UTF-8"?>
<jcr:root xmlns:jcr="http://www.jcp.org/jcr/1.0" xmlns:dam="http://www.day.com/dam/1.0" xmlns:nt="http://www.jcp.org/jcr/nt/1.0" xmlns:mix="http://www.jcp.org/jcr/mix/1.0" xmlns:cq="http://www.day.com/jcr/cq/1.0"
    jcr:isCheckedOut="{Boolean}true"
    jcr:mixinTypes="[mix:referenceable,mix:versionable]"
    jcr:primaryType="dam:Asset"
    jcr:uuid="29db7cb1-d7e5-4f56-806e-0047109c2186">
    <jcr:content
        cq:isDelivered="{Boolean}false"
        cq:lastModified="{Date}2025-11-28T15:48:23.109+05:30"
        cq:lastModifiedBy="admin"
        cq:lastReplicationAction_publish="Activate"
        cq:name="app-gallery"
        cq:parentPath="/content/dam/daas/cfm/footer-quicklinks/patners"
        jcr:lastModified="{Date}2025-03-13T06:19:23.381Z"
        jcr:lastModifiedBy="suvenkatachalam@eand.com"
        jcr:mixinTypes="[cq:ReplicationStatus,cq:ReplicationStatus2]"
        jcr:primaryType="dam:AssetContent"
        jcr:title="App Gallery"
        contentFragment="{Boolean}true"
        lastFragmentSave="{Date}2025-03-13T06:19:23.381Z">
        <data
            cq:model="/conf/daas/settings/dam/cfm/models/business-menu-generic-link"
            jcr:primaryType="nt:unstructured"
            _strucVersion="{Long}1">
            <master
                jcr:mixinTypes="[cq:Taggable,dam:cfVariationNode]"
                jcr:primaryType="nt:unstructured"
                actionImage="/content/dam/etisalat/svg-icons/huaewi-app-icon.png"
                actionImage_x0040_LastModified="{Date}2025-03-13T06:12:01.167Z"
                actionImage_x0040_LastModifiedBy="suvenkatachalam@eand.com"
                ctaText_x0040_LastModified="{Date}2023-10-22T10:08:09.475Z"
                linkType="[absolute]"
                linkType_x0040_LastModified="{Date}2023-10-22T10:08:25.998Z"
                sameTabOrNewTab="_blank"
                sameTabOrNewTab_x0040_LastModified="{Date}2023-10-22T10:08:25.999Z"
                subDescription_x0040_LastModified="{Date}2023-10-22T10:08:09.475Z"
                subHeading_x0040_LastModified="{Date}2023-10-22T10:08:09.475Z"
                subLink="https://appgallery.huawei.com/app/C102077079"
                subLink_x0040_LastModified="{Date}2025-03-13T06:19:14.548Z"
                subLink_x0040_LastModifiedBy="suvenkatachalam@eand.com"/>
            <ar
                jcr:mixinTypes="[cq:Taggable,dam:cfVariationNode]"
                jcr:primaryType="nt:unstructured"
                _x0040_variationCreationDate="{Date}2023-10-22T10:08:32.313Z"
                actionImage="/content/dam/etisalat/svg-icons/huaewi-app-icon.png"
                actionImage_x0040_LastModified="{Date}2025-03-13T06:12:12.450Z"
                actionImage_x0040_LastModifiedBy="suvenkatachalam@eand.com"
                ctaText_x0040_LastModified="{Date}2023-10-22T10:08:32.315Z"
                linkType="[absolute]"
                linkType_x0040_LastModified="{Date}2023-10-22T10:08:32.315Z"
                sameTabOrNewTab="_blank"
                sameTabOrNewTab_x0040_LastModified="{Date}2023-10-22T10:08:32.315Z"
                subDescription_x0040_LastModified="{Date}2023-10-22T10:08:32.314Z"
                subHeading_x0040_LastModified="{Date}2023-10-22T10:08:32.314Z"
                subLink="https://appgallery.huawei.com/app/C102077079"
                subLink_x0040_LastModified="{Date}2025-03-13T06:19:23.166Z"
                subLink_x0040_LastModifiedBy="suvenkatachalam@eand.com"/>
        </data>
        <indexedData jcr:primaryType="nt:unstructured">
            <master
                jcr:mixinTypes="[dam:IndexedFragmentData]"
                jcr:primaryType="nt:unstructured"
                jcr:uuid="f5f6c0c0-6901-47ef-9aa5-0548ff4ba95c"
                _x0040_string_x0040_model="/conf/daas/settings/dam/cfm/models/business-menu-generic-link"
                _x0040_stringArray_x0040_variations="[ar]"
                string_x0040_sameTabOrNewTab="_blank"
                string_x0040_subLink="https://appgallery.huawei.com/app/C102077079"
                stringArray_x0040_linkType="[absolute]"/>
            <ar
                jcr:mixinTypes="[dam:IndexedFragmentData]"
                jcr:primaryType="nt:unstructured"
                jcr:uuid="24439dab-c203-4fe5-bc15-589ea643d339"
                _x0040_string_x0040_model="/conf/daas/settings/dam/cfm/models/business-menu-generic-link"
                string_x0040_sameTabOrNewTab="_blank"
                string_x0040_subLink="https://appgallery.huawei.com/app/C102077079"
                stringArray_x0040_linkType="[absolute]"/>
        </indexedData>
        <metadata
            jcr:mixinTypes="[cq:Taggable]"
            jcr:primaryType="nt:unstructured">
            <dam:cfVariations jcr:primaryType="nt:unstructured">
                <ar
                    jcr:mixinTypes="[cq:Taggable]"
                    jcr:primaryType="nt:unstructured"/>
            </dam:cfVariations>
        </metadata>
        <model jcr:primaryType="nt:unstructured">
            <variations jcr:primaryType="nt:unstructured">
                <ar
                    jcr:description="\0"
                    jcr:mixinTypes="[cq:Taggable]"
                    jcr:primaryType="nt:unstructured"
                    jcr:title="Ar"
                    name="ar">
                    <properties
                        jcr:primaryType="nt:unstructured"
                        synchronizeWithVersion="[subHeading:6009ddb4-3f8e-468a-b675-8a33d6dfc4b7,subDescription:6009ddb4-3f8e-468a-b675-8a33d6dfc4b7,linkType:6009ddb4-3f8e-468a-b675-8a33d6dfc4b7,ctaText:6009ddb4-3f8e-468a-b675-8a33d6dfc4b7,subLink:6009ddb4-3f8e-468a-b675-8a33d6dfc4b7,sameTabOrNewTab:6009ddb4-3f8e-468a-b675-8a33d6dfc4b7,actionImage:6009ddb4-3f8e-468a-b675-8a33d6dfc4b7]"/>
                </ar>
            </variations>
        </model>
        <related jcr:primaryType="nt:unstructured"/>
    </jcr:content>
</jcr:root>
