<?xml version="1.0" encoding="UTF-8"?>
<jcr:root xmlns:jcr="http://www.jcp.org/jcr/1.0" xmlns:dam="http://www.day.com/dam/1.0" xmlns:nt="http://www.jcp.org/jcr/nt/1.0" xmlns:mix="http://www.jcp.org/jcr/mix/1.0" xmlns:cq="http://www.day.com/jcr/cq/1.0"
    jcr:isCheckedOut="{Boolean}true"
    jcr:mixinTypes="[cq:contentFragment,mix:referenceable,mix:versionable]"
    jcr:primaryType="dam:Asset"
    jcr:uuid="fd6551f1-95b4-48ee-8782-a2eaf2fd7262">
    <jcr:content
        cq:isDelivered="{Boolean}false"
        cq:lastModified="{Date}2025-11-28T12:13:44.505Z"
        cq:lastModifiedBy="maripaul@eand.com"
        cq:lastReplicated="{Date}2025-12-12T11:08:27.477Z"
        cq:lastReplicated_publish="{Date}2025-12-12T11:08:27.477Z"
        cq:lastReplicatedBy="workflow-process-service"
        cq:lastReplicatedBy_publish="workflow-process-service"
        cq:lastReplicationAction="Activate"
        cq:lastReplicationAction_publish="Activate"
        cq:name="social-media-management"
        cq:parentPath="/content/dam/daas/cfm/header/mega-menu/digital-marketing"
        jcr:lastModified="{Date}2025-03-11T23:05:55.356Z"
        jcr:lastModifiedBy="suvenkatachalam@eand.com"
        jcr:mixinTypes="[cq:ReplicationStatus,cq:ReplicationStatus2]"
        jcr:primaryType="dam:AssetContent"
        jcr:title="Social Media Management"
        contentFragment="{Boolean}true"
        lastFragmentSave="{Date}2025-03-11T23:05:55.356Z">
        <data
            cq:model="/conf/daas/settings/dam/cfm/models/business-menu-generic-link"
            jcr:primaryType="nt:unstructured"
            _strucVersion="{Long}1">
            <master
                jcr:mixinTypes="[cq:Taggable,dam:cfVariationNode]"
                jcr:primaryType="nt:unstructured"
                actionImage_x0040_LastModified="{Date}2023-10-21T19:38:58.737Z"
                ctaText_x0040_LastModified="{Date}2023-10-21T19:38:58.737Z"
                linkType_x0040_LastModified="{Date}2023-10-21T19:38:58.737Z"
                sameTabOrNewTab="_self"
                sameTabOrNewTab_x0040_LastModified="{Date}2023-10-21T19:39:17.376Z"
                subDescription_x0040_LastModified="{Date}2023-10-21T19:38:58.737Z"
                subHeading="Social Media Management"
                subHeading_x0040_LastModified="{Date}2025-03-11T23:05:21.128Z"
                subHeading_x0040_LastModifiedBy="suvenkatachalam@eand.com"
                subLink="#"
                subLink_x0040_LastModified="{Date}2025-03-11T23:05:21.130Z"
                subLink_x0040_LastModifiedBy="suvenkatachalam@eand.com"/>
            <ar
                jcr:mixinTypes="[cq:Taggable,dam:cfVariationNode]"
                jcr:primaryType="nt:unstructured"
                _x0040_variationCreationDate="{Date}2023-10-21T19:39:21.832Z"
                actionImage_x0040_LastModified="{Date}2023-10-21T19:39:21.835Z"
                ctaText_x0040_LastModified="{Date}2023-10-21T19:39:21.834Z"
                linkType_x0040_LastModified="{Date}2023-10-21T19:39:21.834Z"
                sameTabOrNewTab="_self"
                sameTabOrNewTab_x0040_LastModified="{Date}2023-10-21T19:39:21.835Z"
                subDescription_x0040_LastModified="{Date}2023-10-21T19:39:21.833Z"
                subHeading="إدارة وسائل التواصل الاجتماعي"
                subHeading_x0040_LastModified="{Date}2025-03-11T23:05:55.130Z"
                subHeading_x0040_LastModifiedBy="suvenkatachalam@eand.com"
                subLink="#"
                subLink_x0040_LastModified="{Date}2025-03-11T23:05:55.132Z"
                subLink_x0040_LastModifiedBy="suvenkatachalam@eand.com"/>
        </data>
        <indexedData jcr:primaryType="nt:unstructured">
            <master
                jcr:mixinTypes="[dam:IndexedFragmentData]"
                jcr:primaryType="nt:unstructured"
                jcr:uuid="8bed5b7d-bd14-4dfa-8623-b019d3ff4f30"
                _x0040_string_x0040_model="/conf/daas/settings/dam/cfm/models/business-menu-generic-link"
                _x0040_stringArray_x0040_variations="[ar]"
                string_x0040_sameTabOrNewTab="_self"
                string_x0040_subHeading="Social Media Management"
                string_x0040_subLink="#"/>
            <ar
                jcr:mixinTypes="[dam:IndexedFragmentData]"
                jcr:primaryType="nt:unstructured"
                jcr:uuid="26d81183-017b-4129-b7d0-30325a33fb07"
                _x0040_string_x0040_model="/conf/daas/settings/dam/cfm/models/business-menu-generic-link"
                string_x0040_sameTabOrNewTab="_self"
                string_x0040_subHeading="إدارة وسائل التواصل الاجتماعي"
                string_x0040_subLink="#"/>
        </indexedData>
        <metadata
            jcr:mixinTypes="[cq:Taggable]"
            jcr:primaryType="nt:unstructured">
            <dam:cfVariations jcr:primaryType="nt:unstructured">
                <ar
                    jcr:mixinTypes="[cq:Taggable]"
                    jcr:primaryType="nt:unstructured"/>
            </dam:cfVariations>
        </metadata>
        <model jcr:primaryType="nt:unstructured">
            <variations jcr:primaryType="nt:unstructured">
                <ar
                    jcr:description="\0"
                    jcr:mixinTypes="[cq:Taggable]"
                    jcr:primaryType="nt:unstructured"
                    jcr:title="Ar"
                    name="ar">
                    <properties
                        jcr:primaryType="nt:unstructured"
                        synchronizeWithVersion="[subHeading:e5d5f12c-6742-41ed-8746-5ff396eeab05,subDescription:e5d5f12c-6742-41ed-8746-5ff396eeab05,linkType:e5d5f12c-6742-41ed-8746-5ff396eeab05,ctaText:e5d5f12c-6742-41ed-8746-5ff396eeab05,subLink:e5d5f12c-6742-41ed-8746-5ff396eeab05,sameTabOrNewTab:e5d5f12c-6742-41ed-8746-5ff396eeab05,actionImage:e5d5f12c-6742-41ed-8746-5ff396eeab05]"/>
                </ar>
            </variations>
        </model>
        <related jcr:primaryType="nt:unstructured"/>
    </jcr:content>
</jcr:root>
