<?xml version="1.0" encoding="UTF-8"?>
<jcr:root xmlns:jcr="http://www.jcp.org/jcr/1.0" xmlns:dam="http://www.day.com/dam/1.0" xmlns:nt="http://www.jcp.org/jcr/nt/1.0" xmlns:mix="http://www.jcp.org/jcr/mix/1.0" xmlns:cq="http://www.day.com/jcr/cq/1.0"
    jcr:isCheckedOut="{Boolean}true"
    jcr:mixinTypes="[cq:contentFragment,mix:referenceable,mix:versionable]"
    jcr:primaryType="dam:Asset"
    jcr:uuid="ac93555b-aa8d-4303-9473-a75a5c4c7dc3">
    <jcr:content
        cq:isDelivered="{Boolean}false"
        cq:lastModified="{Date}2025-11-28T12:13:41.019Z"
        cq:lastModifiedBy="maripaul@eand.com"
        cq:lastReplicated="{Date}2025-12-12T11:08:27.477Z"
        cq:lastReplicated_publish="{Date}2025-12-12T11:08:27.477Z"
        cq:lastReplicatedBy="workflow-process-service"
        cq:lastReplicatedBy_publish="workflow-process-service"
        cq:lastReplicationAction="Activate"
        cq:lastReplicationAction_publish="Activate"
        cq:name="insurance"
        cq:parentPath="/content/dam/daas/cfm/header/mega-menu/by-need"
        jcr:lastModified="{Date}2025-03-11T22:21:17.284Z"
        jcr:lastModifiedBy="suvenkatachalam@eand.com"
        jcr:mixinTypes="[cq:ReplicationStatus,cq:ReplicationStatus2]"
        jcr:primaryType="dam:AssetContent"
        jcr:title="Insurance"
        contentFragment="{Boolean}true"
        lastFragmentSave="{Date}2025-03-11T22:21:17.284Z">
        <data
            cq:model="/conf/daas/settings/dam/cfm/models/business-menu-generic-link"
            jcr:primaryType="nt:unstructured"
            _strucVersion="{Long}1">
            <master
                jcr:mixinTypes="[cq:Taggable,dam:cfVariationNode]"
                jcr:primaryType="nt:unstructured"
                actionImage_x0040_LastModified="{Date}2023-10-21T19:06:01.469Z"
                ctaText_x0040_LastModified="{Date}2023-10-21T19:06:01.469Z"
                linkType_x0040_LastModified="{Date}2023-10-21T19:06:01.469Z"
                sameTabOrNewTab="_self"
                sameTabOrNewTab_x0040_LastModified="{Date}2023-10-21T19:06:18.434Z"
                subDescription_x0040_LastModified="{Date}2023-10-21T19:06:01.469Z"
                subHeading="Insurance"
                subHeading_x0040_LastModified="{Date}2025-03-11T22:21:17.082Z"
                subHeading_x0040_LastModifiedBy="suvenkatachalam@eand.com"
                subLink="#"
                subLink_x0040_LastModified="{Date}2025-03-11T22:21:17.084Z"
                subLink_x0040_LastModifiedBy="suvenkatachalam@eand.com"/>
            <ar
                jcr:mixinTypes="[cq:Taggable,dam:cfVariationNode]"
                jcr:primaryType="nt:unstructured"
                _x0040_variationCreationDate="{Date}2023-10-21T19:06:22.659Z"
                actionImage_x0040_LastModified="{Date}2023-10-21T19:06:22.661Z"
                ctaText_x0040_LastModified="{Date}2023-10-21T19:06:22.661Z"
                linkType_x0040_LastModified="{Date}2023-10-21T19:06:22.661Z"
                sameTabOrNewTab="_self"
                sameTabOrNewTab_x0040_LastModified="{Date}2023-10-21T19:06:22.661Z"
                subDescription_x0040_LastModified="{Date}2023-10-21T19:06:22.660Z"
                subHeading="تأمين"
                subHeading_x0040_LastModified="{Date}2025-03-11T22:20:49.680Z"
                subHeading_x0040_LastModifiedBy="suvenkatachalam@eand.com"
                subLink="#"
                subLink_x0040_LastModified="{Date}2025-03-11T22:20:49.681Z"
                subLink_x0040_LastModifiedBy="suvenkatachalam@eand.com"/>
        </data>
        <indexedData jcr:primaryType="nt:unstructured">
            <master
                jcr:mixinTypes="[dam:IndexedFragmentData]"
                jcr:primaryType="nt:unstructured"
                jcr:uuid="c2c28fed-2734-4363-b974-bc2cfc62266b"
                _x0040_string_x0040_model="/conf/daas/settings/dam/cfm/models/business-menu-generic-link"
                _x0040_stringArray_x0040_variations="[ar]"
                string_x0040_sameTabOrNewTab="_self"
                string_x0040_subHeading="Insurance"
                string_x0040_subLink="#"/>
            <ar
                jcr:mixinTypes="[dam:IndexedFragmentData]"
                jcr:primaryType="nt:unstructured"
                jcr:uuid="22eabe96-ed35-473e-afab-e2cc2fc8b04b"
                _x0040_string_x0040_model="/conf/daas/settings/dam/cfm/models/business-menu-generic-link"
                string_x0040_sameTabOrNewTab="_self"
                string_x0040_subHeading="تأمين"
                string_x0040_subLink="#"/>
        </indexedData>
        <metadata
            jcr:mixinTypes="[cq:Taggable]"
            jcr:primaryType="nt:unstructured">
            <dam:cfVariations jcr:primaryType="nt:unstructured">
                <ar
                    jcr:mixinTypes="[cq:Taggable]"
                    jcr:primaryType="nt:unstructured"/>
            </dam:cfVariations>
        </metadata>
        <model jcr:primaryType="nt:unstructured">
            <variations jcr:primaryType="nt:unstructured">
                <ar
                    jcr:description="\0"
                    jcr:mixinTypes="[cq:Taggable]"
                    jcr:primaryType="nt:unstructured"
                    jcr:title="Ar"
                    name="ar">
                    <properties
                        jcr:primaryType="nt:unstructured"
                        synchronizeWithVersion="[subHeading:46b1eb3c-c4af-4a66-90fe-d02ba4aa48a5,subDescription:46b1eb3c-c4af-4a66-90fe-d02ba4aa48a5,linkType:46b1eb3c-c4af-4a66-90fe-d02ba4aa48a5,ctaText:46b1eb3c-c4af-4a66-90fe-d02ba4aa48a5,subLink:46b1eb3c-c4af-4a66-90fe-d02ba4aa48a5,sameTabOrNewTab:46b1eb3c-c4af-4a66-90fe-d02ba4aa48a5,actionImage:46b1eb3c-c4af-4a66-90fe-d02ba4aa48a5]"/>
                </ar>
            </variations>
        </model>
        <related jcr:primaryType="nt:unstructured"/>
    </jcr:content>
</jcr:root>
