<?xml version="1.0" encoding="UTF-8"?>
<jcr:root xmlns:jcr="http://www.jcp.org/jcr/1.0" xmlns:nt="http://www.jcp.org/jcr/nt/1.0" xmlns:sling="http://sling.apache.org/jcr/sling/1.0"
    jcr:primaryType="sling:OrderedFolder">
    <jcr:content
        jcr:primaryType="nt:unstructured"
        jcr:title="SMB Existing Modules"
        sourcing="false"/>
    <cross-upselling-banner/>
    <special-offer-feature-banner/>
    <usp-information/>
    <featured-banner/>
    <toast-strips/>
    <promo-video/>
    <submit-interest/>
    <extra-info-with-tag/>
    <tile-box/>
    <scrolling-images/>
    <icon-feature-list/>
    <smartphone-secondary-cards/>
    <icon-header-text/>
    <alerts-messaging/>
    <overview/>
</jcr:root>
