<?xml version="1.0" encoding="UTF-8"?>
<jcr:root xmlns:jcr="http://www.jcp.org/jcr/1.0" xmlns:dam="http://www.day.com/dam/1.0" xmlns:nt="http://www.jcp.org/jcr/nt/1.0" xmlns:mix="http://www.jcp.org/jcr/mix/1.0" xmlns:cq="http://www.day.com/jcr/cq/1.0"
    jcr:isCheckedOut="{Boolean}true"
    jcr:mixinTypes="[cq:contentFragment,mix:referenceable,mix:versionable]"
    jcr:primaryType="dam:Asset"
    jcr:uuid="42d4fdf7-9dbc-40f1-9626-4ca76d1ae3b6">
    <jcr:content
        cq:isDelivered="{Boolean}false"
        cq:lastModified="{Date}2025-11-28T12:13:30.492Z"
        cq:lastModifiedBy="maripaul@eand.com"
        cq:lastReplicated="{Date}2025-12-12T11:08:37.533Z"
        cq:lastReplicated_publish="{Date}2025-12-12T11:08:37.533Z"
        cq:lastReplicatedBy="workflow-process-service"
        cq:lastReplicatedBy_publish="workflow-process-service"
        cq:lastReplicationAction="Activate"
        cq:lastReplicationAction_publish="Activate"
        cq:name="business-app-store-sub-sec-5"
        cq:parentPath="/content/dam/daas/cfm/header/top-navigation/business-app-store"
        jcr:lastModified="{Date}2025-03-11T23:12:06.584Z"
        jcr:lastModifiedBy="suvenkatachalam@eand.com"
        jcr:mixinTypes="[cq:ReplicationStatus,cq:ReplicationStatus2]"
        jcr:primaryType="dam:AssetContent"
        jcr:title="Business App Store Sub Sec 5"
        contentFragment="{Boolean}true"
        lastFragmentSave="{Date}2025-03-11T23:12:06.584Z">
        <data
            cq:model="/conf/daas/settings/dam/cfm/models/business-mega-menu-sub-section"
            jcr:primaryType="nt:unstructured"
            _strucVersion="{Long}1">
            <master
                jcr:mixinTypes="[cq:Taggable,dam:cfVariationNode]"
                jcr:primaryType="nt:unstructured"
                menuHeading="Customer Management"
                menuHeading_x0040_LastModified="{Date}2023-10-21T19:57:02.276Z"
                menuSubSection="[/content/dam/daas/cfm/header/mega-menu/customer-management/crm,/content/dam/daas/cfm/header/mega-menu/customer-management/healthcare-management]"
                menuSubSection_x0040_LastModified="{Date}2025-03-11T23:08:50.684Z"
                menuSubSection_x0040_LastModifiedBy="suvenkatachalam@eand.com"/>
            <ar
                jcr:mixinTypes="[cq:Taggable,dam:cfVariationNode]"
                jcr:primaryType="nt:unstructured"
                _x0040_variationCreationDate="{Date}2023-10-21T19:57:06.712Z"
                menuHeading="إدارة العملاء"
                menuHeading_x0040_LastModified="{Date}2023-10-21T19:57:24.568Z"
                menuSubSection="[/content/dam/daas/cfm/header/mega-menu/customer-management/crm,/content/dam/daas/cfm/header/mega-menu/customer-management/healthcare-management]"
                menuSubSection_x0040_LastModified="{Date}2025-03-11T23:08:34.450Z"
                menuSubSection_x0040_LastModifiedBy="suvenkatachalam@eand.com"/>
        </data>
        <indexedData jcr:primaryType="nt:unstructured">
            <master
                jcr:mixinTypes="[dam:IndexedFragmentData]"
                jcr:primaryType="nt:unstructured"
                jcr:uuid="238e980d-1817-4904-90a4-5090a57c1c8d"
                _x0040_string_x0040_model="/conf/daas/settings/dam/cfm/models/business-mega-menu-sub-section"
                _x0040_stringArray_x0040_variations="[ar]"
                string_x0040_menuHeading="Customer Management"/>
            <ar
                jcr:mixinTypes="[dam:IndexedFragmentData]"
                jcr:primaryType="nt:unstructured"
                jcr:uuid="8c263768-c907-4db9-a47b-f18a40348510"
                _x0040_string_x0040_model="/conf/daas/settings/dam/cfm/models/business-mega-menu-sub-section"
                string_x0040_menuHeading="إدارة العملاء"/>
        </indexedData>
        <metadata
            jcr:mixinTypes="[cq:Taggable]"
            jcr:primaryType="nt:unstructured">
            <dam:cfVariations jcr:primaryType="nt:unstructured">
                <ar
                    jcr:mixinTypes="[cq:Taggable]"
                    jcr:primaryType="nt:unstructured"/>
            </dam:cfVariations>
        </metadata>
        <model jcr:primaryType="nt:unstructured">
            <variations jcr:primaryType="nt:unstructured">
                <ar
                    jcr:description="\0"
                    jcr:mixinTypes="[cq:Taggable]"
                    jcr:primaryType="nt:unstructured"
                    jcr:title="Ar"
                    name="ar">
                    <properties
                        jcr:primaryType="nt:unstructured"
                        synchronizeWithVersion="[menuHeading:ca255d51-2d4d-4796-ac6f-2884b21daa8c,menuSubSection:ca255d51-2d4d-4796-ac6f-2884b21daa8c]"/>
                </ar>
            </variations>
        </model>
        <related jcr:primaryType="nt:unstructured"/>
    </jcr:content>
</jcr:root>
