<?xml version="1.0" encoding="UTF-8"?>
<jcr:root xmlns:jcr="http://www.jcp.org/jcr/1.0" xmlns:dam="http://www.day.com/dam/1.0" xmlns:nt="http://www.jcp.org/jcr/nt/1.0" xmlns:mix="http://www.jcp.org/jcr/mix/1.0" xmlns:cq="http://www.day.com/jcr/cq/1.0"
    jcr:isCheckedOut="{Boolean}true"
    jcr:mixinTypes="[cq:contentFragment,mix:referenceable,mix:versionable]"
    jcr:primaryType="dam:Asset"
    jcr:uuid="7a92d8ee-d8ab-4c0d-adb4-eaa1a2c3063b">
    <jcr:content
        cq:isDelivered="{Boolean}false"
        cq:lastModified="{Date}2025-11-28T12:13:32.881Z"
        cq:lastModifiedBy="maripaul@eand.com"
        cq:lastReplicated="{Date}2025-12-12T11:08:37.533Z"
        cq:lastReplicated_publish="{Date}2025-12-12T11:08:37.533Z"
        cq:lastReplicatedBy="workflow-process-service"
        cq:lastReplicatedBy_publish="workflow-process-service"
        cq:lastReplicationAction="Activate"
        cq:lastReplicationAction_publish="Activate"
        cq:name="product"
        cq:parentPath="/content/dam/daas/cfm/header/top-navigation/products"
        jcr:lastModified="{Date}2025-12-11T13:54:08.916Z"
        jcr:lastModifiedBy="amaidheen@eand.com"
        jcr:mixinTypes="[cq:ReplicationStatus,cq:ReplicationStatus2]"
        jcr:primaryType="dam:AssetContent"
        jcr:title="Product"
        contentFragment="{Boolean}true"
        lastFragmentSave="{Date}2025-12-11T13:54:08.916Z">
        <data
            cq:model="/conf/daas/settings/dam/cfm/models/business-mega-menu-main-section"
            jcr:primaryType="nt:unstructured"
            _strucVersion="{Long}1">
            <master
                jcr:mixinTypes="[cq:Taggable,dam:cfVariationNode]"
                jcr:primaryType="nt:unstructured"
                mainSection="[/content/dam/daas/cfm/header/top-navigation/products/product-sub-sec-1,/content/dam/daas/cfm/header/top-navigation/products/product-sub-sec-2,/content/dam/daas/cfm/header/top-navigation/products/product-sub-sec-3,/content/dam/daas/cfm/header/top-navigation/products/product-sub-sec-4,/content/dam/daas/cfm/header/top-navigation/products/product-sub-sec-5]"
                mainSection_x0040_LastModified="{Date}2025-12-11T13:53:49.373Z"
                mainSection_x0040_LastModifiedBy="amaidheen@eand.com"
                mainSectionTitle="Product"
                mainSectionTitle_x0040_LastModified="{Date}2023-10-21T18:35:52.296Z"
                menuFooterSection="[/content/dam/daas/cfm/header/mega-menu/mega-menu-footer/easy-prepaid,/content/dam/daas/cfm/header/mega-menu/mega-menu-footer/mobile-service-center,/content/dam/daas/cfm/header/mega-menu/mega-menu-footer/do-not-call-registry]"
                menuFooterSection_x0040_LastModified="{Date}2023-10-21T18:40:59.352Z"
                promoSection_x0040_LastModified="{Date}2025-04-08T08:55:10.824Z"
                promoSection_x0040_LastModifiedBy="suvenkatachalam@eand.com">
                <card
                    jcr:primaryType="nt:unstructured"
                    assets="[]"
                    texts="[Product]"/>
            </master>
            <ar
                jcr:mixinTypes="[cq:Taggable,dam:cfVariationNode]"
                jcr:primaryType="nt:unstructured"
                _x0040_variationCreationDate="{Date}2023-10-21T18:35:57.980Z"
                mainSection="[/content/dam/daas/cfm/header/top-navigation/products/product-sub-sec-1,/content/dam/daas/cfm/header/top-navigation/products/product-sub-sec-2,/content/dam/daas/cfm/header/top-navigation/products/product-sub-sec-3,/content/dam/daas/cfm/header/top-navigation/products/product-sub-sec-4,/content/dam/daas/cfm/header/top-navigation/products/product-sub-sec-5]"
                mainSection_x0040_LastModified="{Date}2025-03-10T07:55:32.975Z"
                mainSection_x0040_LastModifiedBy="suvenkatachalam@eand.com"
                mainSectionTitle="المنتجات"
                mainSectionTitle_x0040_LastModified="{Date}2025-03-11T08:45:55.804Z"
                mainSectionTitle_x0040_LastModifiedBy="suvenkatachalam@eand.com"
                menuFooterSection="[/content/dam/daas/cfm/header/mega-menu/mega-menu-footer/easy-prepaid,/content/dam/daas/cfm/header/mega-menu/mega-menu-footer/mobile-service-center,/content/dam/daas/cfm/header/mega-menu/mega-menu-footer/do-not-call-registry]"
                menuFooterSection_x0040_LastModified="{Date}2023-10-21T18:41:35.869Z"
                promoSection_x0040_LastModified="{Date}2025-04-08T08:55:19.581Z"
                promoSection_x0040_LastModifiedBy="suvenkatachalam@eand.com"/>
        </data>
        <indexedData jcr:primaryType="nt:unstructured">
            <master
                jcr:mixinTypes="[dam:IndexedFragmentData]"
                jcr:primaryType="nt:unstructured"
                jcr:uuid="a4e5e4a8-e52d-481c-9e3a-adba8ec4f0bc"
                _x0040_string_x0040_model="/conf/daas/settings/dam/cfm/models/business-mega-menu-main-section"
                _x0040_stringArray_x0040_variations="[ar]"
                string_x0040_mainSectionTitle="Product"/>
            <ar
                jcr:mixinTypes="[dam:IndexedFragmentData]"
                jcr:primaryType="nt:unstructured"
                jcr:uuid="c790a1d6-728e-4e24-ba82-78edf1cac2de"
                _x0040_string_x0040_model="/conf/daas/settings/dam/cfm/models/business-mega-menu-main-section"
                string_x0040_mainSectionTitle="المنتجات"/>
        </indexedData>
        <metadata
            jcr:mixinTypes="[cq:Taggable]"
            jcr:primaryType="nt:unstructured">
            <dam:cfVariations jcr:primaryType="nt:unstructured">
                <ar
                    jcr:mixinTypes="[cq:Taggable]"
                    jcr:primaryType="nt:unstructured"/>
            </dam:cfVariations>
        </metadata>
        <model jcr:primaryType="nt:unstructured">
            <variations jcr:primaryType="nt:unstructured">
                <ar
                    jcr:description="\0"
                    jcr:mixinTypes="[cq:Taggable]"
                    jcr:primaryType="nt:unstructured"
                    jcr:title="Ar"
                    name="ar">
                    <properties
                        jcr:primaryType="nt:unstructured"
                        synchronizeWithVersion="[mainSectionTitle:b8681f7f-3bb3-4bad-998a-d3fdb03d3b29,mainSection:b8681f7f-3bb3-4bad-998a-d3fdb03d3b29,promoSection:b8681f7f-3bb3-4bad-998a-d3fdb03d3b29,menuFooterSection:b8681f7f-3bb3-4bad-998a-d3fdb03d3b29]"/>
                </ar>
            </variations>
        </model>
        <related jcr:primaryType="nt:unstructured"/>
    </jcr:content>
</jcr:root>
