<?xml version="1.0" encoding="UTF-8"?>
<jcr:root xmlns:jcr="http://www.jcp.org/jcr/1.0" xmlns:nt="http://www.jcp.org/jcr/nt/1.0" xmlns:sling="http://sling.apache.org/jcr/sling/1.0" xmlns:cq="http://www.day.com/jcr/cq/1.0"
    jcr:primaryType="sling:OrderedFolder">
    <jcr:content
        cq:conf="\0"
        jcr:lastModified="{Date}2025-11-28T06:22:46.628Z"
        jcr:lastModifiedBy="amaidheen@eand.com"
        jcr:primaryType="nt:unstructured"
        jcr:title="CFM"
        metadataSchema="System Default"
        postProcessWF="System Default"
        processingProfile="System Default"
        sourcing="false">
        <folderThumbnail/>
        <policies jcr:primaryType="nt:unstructured">
            <cfm
                jcr:primaryType="nt:unstructured"
                policy-cfm-allowedModelsByPaths="[/conf/daas/settings/dam/cfm/models/b2b-transformation-faq,/conf/daas/settings/dam/cfm/models/b2b-transformation-faq-sec,/conf/daas/settings/dam/cfm/models/b2b-form-generic,/conf/daas/settings/dam/cfm/models/b2b-sticky-bar-sub-sec,/conf/daas/settings/dam/cfm/models/b2b-form-sub-sec,/conf/daas/settings/dam/cfm/models/b2b-transformation-filter-generic,/conf/daas/settings/dam/cfm/models/b2b-transformation-included-apps,/conf/daas/settings/dam/cfm/models/b2b-transformation-main,/conf/daas/settings/dam/cfm/models/b2b-sticky-bar-generic,/conf/daas/settings/dam/cfm/models/b2b-transformation-plan-card-generic,/conf/daas/settings/dam/cfm/models/b2b-form-field-sec,/conf/daas/settings/dam/cfm/models/b2b-transformation-tab-generic,/conf/daas/settings/dam/cfm/models/b2b-transformation-filter-sub-sec,/conf/daas/settings/dam/cfm/models/b2b-transformation-tab-sub-sec,/conf/daas/settings/dam/cfm/models/b2b-transformation-features-generic,/conf/daas/settings/dam/cfm/models/b2b-transformation-sub-sec,/conf/daas/settings/dam/cfm/models/b2b-transformation-generic,/conf/daas/settings/dam/cfm/models/business-mega-menu-sub-section,/conf/daas/settings/dam/cfm/models/business-footer-maintitle-section,/conf/daas/settings/dam/cfm/models/business-footer,/conf/daas/settings/dam/cfm/models/business-menu-promo-section,/conf/daas/settings/dam/cfm/models/business-eand-navigation,/conf/daas/settings/dam/cfm/models/business-menu-root-section,/conf/daas/settings/dam/cfm/models/business-menu-generic-link,/conf/daas/settings/dam/cfm/models/business-mega-menu-main-section,/conf/daas/settings/dam/cfm/models/business-top-nav-drop-down-sec]"/>
        </policies>
    </jcr:content>
    <header/>
    <footer/>
    <footer-quicklinks/>
    <tab-with-quicklinks/>
    <hero-banner/>
    <category-cards/>
    <cross-promo/>
    <context-nav/>
    <main-text/>
    <promo-banner/>
    <newsletter/>
    <media-cta/>
    <icon-cards/>
    <qr-code/>
    <product-details-tab/>
    <special-offer-feature-banner/>
    <terms-and-conditions/>
    <terms-and-conditions-popup/>
    <home/>
    <brand-page/>
    <images/>
    <product-listing-page/>
    <pdp-with-tab-variation/>
</jcr:root>
