<?xml version="1.0" encoding="UTF-8"?>
<jcr:root xmlns:jcr="http://www.jcp.org/jcr/1.0" xmlns:dam="http://www.day.com/dam/1.0" xmlns:nt="http://www.jcp.org/jcr/nt/1.0" xmlns:mix="http://www.jcp.org/jcr/mix/1.0" xmlns:cq="http://www.day.com/jcr/cq/1.0"
    jcr:isCheckedOut="{Boolean}true"
    jcr:mixinTypes="[mix:referenceable,mix:versionable]"
    jcr:primaryType="dam:Asset"
    jcr:uuid="31979a16-1a65-4eea-8938-e64ce1ff1b19">
    <jcr:content
        cq:isDelivered="{Boolean}false"
        cq:lastModified="{Date}2025-11-28T15:19:27.024+05:30"
        cq:lastModifiedBy="admin"
        cq:lastReplicationAction_publish="Activate"
        cq:name="support"
        cq:parentPath="/content/dam/daas/cfm/footer"
        jcr:lastModified="{Date}2025-04-15T13:47:26.505Z"
        jcr:lastModifiedBy="suvenkatachalam@eand.com"
        jcr:mixinTypes="[cq:ReplicationStatus,cq:ReplicationStatus2]"
        jcr:primaryType="dam:AssetContent"
        jcr:title="SUPPORT"
        contentFragment="{Boolean}true"
        lastFragmentSave="{Date}2025-04-15T13:47:26.505Z">
        <data
            cq:model="/conf/daas/settings/dam/cfm/models/business-footer-maintitle-section"
            jcr:primaryType="nt:unstructured"
            _strucVersion="{Long}1">
            <master
                jcr:mixinTypes="[cq:Taggable,dam:cfVariationNode]"
                jcr:primaryType="nt:unstructured"
                mainTitle="Support"
                mainTitle_x0040_LastModified="{Date}2023-10-22T10:56:16.425Z"
                subsection="[/content/dam/daas/cfm/footer-quicklinks/quick-links/help-and-support,/content/dam/daas/cfm/footer-quicklinks/quick-links/vat-trn-submission,/content/dam/daas/cfm/footer-quicklinks/quick-links/billing-and-payments,/content/dam/daas/cfm/footer-quicklinks/quick-links/elite-business-program,/content/dam/daas/cfm/footer-quicklinks/quick-links/prime-business]"
                subsection_x0040_LastModified="{Date}2025-04-15T13:47:14.051Z"
                subsection_x0040_LastModifiedBy="suvenkatachalam@eand.com">
                <card
                    jcr:primaryType="nt:unstructured"
                    assets="[]"
                    texts="[Support]"/>
            </master>
            <ar
                jcr:mixinTypes="[cq:Taggable,dam:cfVariationNode]"
                jcr:primaryType="nt:unstructured"
                _x0040_variationCreationDate="{Date}2023-10-22T10:56:23.861Z"
                mainTitle="الدعم"
                mainTitle_x0040_LastModified="{Date}2023-10-22T10:56:53.184Z"
                subsection="[/content/dam/daas/cfm/footer-quicklinks/quick-links/help-and-support,/content/dam/daas/cfm/footer-quicklinks/quick-links/vat-trn-submission,/content/dam/daas/cfm/footer-quicklinks/quick-links/billing-and-payments,/content/dam/daas/cfm/footer-quicklinks/quick-links/elite-business-program,/content/dam/daas/cfm/footer-quicklinks/quick-links/prime-business]"
                subsection_x0040_LastModified="{Date}2025-04-15T13:47:26.285Z"
                subsection_x0040_LastModifiedBy="suvenkatachalam@eand.com"/>
        </data>
        <indexedData jcr:primaryType="nt:unstructured">
            <master
                jcr:mixinTypes="[dam:IndexedFragmentData]"
                jcr:primaryType="nt:unstructured"
                jcr:uuid="7df8d36b-049c-4acc-bac3-3c51d3d0ce0b"
                _x0040_string_x0040_model="/conf/daas/settings/dam/cfm/models/business-footer-maintitle-section"
                _x0040_stringArray_x0040_variations="[ar]"
                string_x0040_mainTitle="Support"/>
            <ar
                jcr:mixinTypes="[dam:IndexedFragmentData]"
                jcr:primaryType="nt:unstructured"
                jcr:uuid="d51a7deb-01e1-43bf-8421-c105cf08ff37"
                _x0040_string_x0040_model="/conf/daas/settings/dam/cfm/models/business-footer-maintitle-section"
                string_x0040_mainTitle="الدعم"/>
        </indexedData>
        <metadata
            jcr:mixinTypes="[cq:Taggable]"
            jcr:primaryType="nt:unstructured">
            <dam:cfVariations jcr:primaryType="nt:unstructured">
                <ar
                    jcr:mixinTypes="[cq:Taggable]"
                    jcr:primaryType="nt:unstructured"/>
            </dam:cfVariations>
        </metadata>
        <model jcr:primaryType="nt:unstructured">
            <variations jcr:primaryType="nt:unstructured">
                <ar
                    jcr:description="\0"
                    jcr:mixinTypes="[cq:Taggable]"
                    jcr:primaryType="nt:unstructured"
                    jcr:title="Ar"
                    name="ar">
                    <properties
                        jcr:primaryType="nt:unstructured"
                        synchronizeWithVersion="[mainTitle:fcabdf17-24d3-42d7-b67b-af3b11ad0f61,subsection:fcabdf17-24d3-42d7-b67b-af3b11ad0f61]"/>
                </ar>
            </variations>
        </model>
        <related jcr:primaryType="nt:unstructured"/>
    </jcr:content>
</jcr:root>
