<?xml version="1.0" encoding="UTF-8"?>
<jcr:root xmlns:jcr="http://www.jcp.org/jcr/1.0" xmlns:dam="http://www.day.com/dam/1.0" xmlns:nt="http://www.jcp.org/jcr/nt/1.0" xmlns:mix="http://www.jcp.org/jcr/mix/1.0" xmlns:cq="http://www.day.com/jcr/cq/1.0"
    jcr:isCheckedOut="{Boolean}true"
    jcr:mixinTypes="[cq:contentFragment,mix:referenceable,mix:versionable]"
    jcr:primaryType="dam:Asset"
    jcr:uuid="440c5f3b-58d2-4d0f-8573-1b4f70804282">
    <jcr:content
        cq:isDelivered="{Boolean}false"
        cq:lastModified="{Date}2025-11-28T12:13:40.904Z"
        cq:lastModifiedBy="maripaul@eand.com"
        cq:lastReplicated="{Date}2025-12-12T11:08:27.477Z"
        cq:lastReplicated_publish="{Date}2025-12-12T11:08:27.477Z"
        cq:lastReplicatedBy="workflow-process-service"
        cq:lastReplicatedBy_publish="workflow-process-service"
        cq:lastReplicationAction="Activate"
        cq:lastReplicationAction_publish="Activate"
        cq:name="freelancer"
        cq:parentPath="/content/dam/daas/cfm/header/mega-menu"
        jcr:lastModified="{Date}2025-03-11T22:19:01.477Z"
        jcr:lastModifiedBy="suvenkatachalam@eand.com"
        jcr:mixinTypes="[cq:ReplicationStatus,cq:ReplicationStatus2]"
        jcr:primaryType="dam:AssetContent"
        jcr:title="Freelancer"
        contentFragment="{Boolean}true"
        lastFragmentSave="{Date}2025-03-11T22:19:01.477Z">
        <data
            cq:model="/conf/daas/settings/dam/cfm/models/business-menu-generic-link"
            jcr:primaryType="nt:unstructured"
            _strucVersion="{Long}1">
            <master
                jcr:mixinTypes="[cq:Taggable,dam:cfVariationNode]"
                jcr:primaryType="nt:unstructured"
                actionImage_x0040_LastModified="{Date}2023-10-21T19:06:01.469Z"
                ctaText_x0040_LastModified="{Date}2023-10-21T19:06:01.469Z"
                linkType_x0040_LastModified="{Date}2023-10-21T19:06:01.469Z"
                sameTabOrNewTab="_self"
                sameTabOrNewTab_x0040_LastModified="{Date}2023-10-21T19:06:18.434Z"
                subDescription_x0040_LastModified="{Date}2023-10-21T19:06:01.469Z"
                subHeading="Freelancer"
                subHeading_x0040_LastModified="{Date}2023-10-21T19:06:18.433Z"
                subLink="#"
                subLink_x0040_LastModified="{Date}2023-10-21T19:06:18.434Z"/>
            <ar
                jcr:mixinTypes="[cq:Taggable,dam:cfVariationNode]"
                jcr:primaryType="nt:unstructured"
                _x0040_variationCreationDate="{Date}2023-10-21T19:06:22.659Z"
                actionImage_x0040_LastModified="{Date}2023-10-21T19:06:22.661Z"
                ctaText_x0040_LastModified="{Date}2023-10-21T19:06:22.661Z"
                linkType_x0040_LastModified="{Date}2023-10-21T19:06:22.661Z"
                sameTabOrNewTab="_self"
                sameTabOrNewTab_x0040_LastModified="{Date}2023-10-21T19:06:22.661Z"
                subDescription_x0040_LastModified="{Date}2023-10-21T19:06:22.660Z"
                subHeading="الموظفين المستقلين"
                subHeading_x0040_LastModified="{Date}2023-10-21T19:06:35.313Z"
                subLink="#"
                subLink_x0040_LastModified="{Date}2023-10-21T19:06:35.314Z"/>
        </data>
        <indexedData jcr:primaryType="nt:unstructured">
            <master
                jcr:mixinTypes="[dam:IndexedFragmentData]"
                jcr:primaryType="nt:unstructured"
                jcr:uuid="ffdacdce-5fb4-45ee-a4f6-929652e9e105"
                _x0040_string_x0040_model="/conf/daas/settings/dam/cfm/models/business-menu-generic-link"
                _x0040_stringArray_x0040_variations="[ar]"
                string_x0040_sameTabOrNewTab="_self"
                string_x0040_subHeading="Freelancer"
                string_x0040_subLink="#"/>
            <ar
                jcr:mixinTypes="[dam:IndexedFragmentData]"
                jcr:primaryType="nt:unstructured"
                jcr:uuid="546adc03-46ec-4557-90c0-d63fd0594b5c"
                _x0040_string_x0040_model="/conf/daas/settings/dam/cfm/models/business-menu-generic-link"
                string_x0040_sameTabOrNewTab="_self"
                string_x0040_subHeading="الموظفين المستقلين"
                string_x0040_subLink="#"/>
        </indexedData>
        <metadata
            jcr:mixinTypes="[cq:Taggable]"
            jcr:primaryType="nt:unstructured"/>
        <model jcr:primaryType="nt:unstructured">
            <variations jcr:primaryType="nt:unstructured">
                <ar
                    jcr:description="\0"
                    jcr:mixinTypes="[cq:Taggable]"
                    jcr:primaryType="nt:unstructured"
                    jcr:title="Ar"
                    name="ar">
                    <properties
                        jcr:primaryType="nt:unstructured"
                        synchronizeWithVersion="[subHeading:46b1eb3c-c4af-4a66-90fe-d02ba4aa48a5,subDescription:46b1eb3c-c4af-4a66-90fe-d02ba4aa48a5,linkType:46b1eb3c-c4af-4a66-90fe-d02ba4aa48a5,ctaText:46b1eb3c-c4af-4a66-90fe-d02ba4aa48a5,subLink:46b1eb3c-c4af-4a66-90fe-d02ba4aa48a5,sameTabOrNewTab:46b1eb3c-c4af-4a66-90fe-d02ba4aa48a5,actionImage:46b1eb3c-c4af-4a66-90fe-d02ba4aa48a5]"/>
                </ar>
            </variations>
        </model>
        <related jcr:primaryType="nt:unstructured"/>
    </jcr:content>
</jcr:root>
