<?xml version="1.0" encoding="UTF-8"?>
<jcr:root xmlns:jcr="http://www.jcp.org/jcr/1.0" xmlns:dam="http://www.day.com/dam/1.0" xmlns:nt="http://www.jcp.org/jcr/nt/1.0" xmlns:mix="http://www.jcp.org/jcr/mix/1.0" xmlns:cq="http://www.day.com/jcr/cq/1.0"
    jcr:isCheckedOut="{Boolean}true"
    jcr:mixinTypes="[cq:contentFragment,mix:referenceable,mix:versionable]"
    jcr:primaryType="dam:Asset"
    jcr:uuid="db3796c6-4908-463d-9911-16c9b2b3ce3b">
    <jcr:content
        cq:isDelivered="{Boolean}false"
        cq:lastModified="{Date}2025-11-28T12:13:48.432Z"
        cq:lastModifiedBy="maripaul@eand.com"
        cq:lastReplicated="{Date}2025-12-12T11:08:27.477Z"
        cq:lastReplicated_publish="{Date}2025-12-12T11:08:27.477Z"
        cq:lastReplicatedBy="workflow-process-service"
        cq:lastReplicatedBy_publish="workflow-process-service"
        cq:lastReplicationAction="Activate"
        cq:lastReplicationAction_publish="Activate"
        cq:name="project-management-as-a-service"
        cq:parentPath="/content/dam/daas/cfm/header/mega-menu/enterprise-solutions"
        jcr:lastModified="{Date}2025-03-12T00:16:47.105Z"
        jcr:lastModifiedBy="suvenkatachalam@eand.com"
        jcr:mixinTypes="[cq:ReplicationStatus,cq:ReplicationStatus2]"
        jcr:primaryType="dam:AssetContent"
        jcr:title="Project Management as a Service"
        contentFragment="{Boolean}true"
        lastFragmentSave="{Date}2025-03-12T00:16:47.105Z">
        <data
            cq:model="/conf/daas/settings/dam/cfm/models/business-menu-generic-link"
            jcr:primaryType="nt:unstructured"
            _strucVersion="{Long}1">
            <master
                jcr:mixinTypes="[cq:Taggable,dam:cfVariationNode]"
                jcr:primaryType="nt:unstructured"
                actionImage_x0040_LastModified="{Date}2023-10-21T18:10:06.855Z"
                ctaText_x0040_LastModified="{Date}2023-10-21T18:10:06.855Z"
                linkType_x0040_LastModified="{Date}2023-10-21T18:10:06.855Z"
                sameTabOrNewTab="_self"
                sameTabOrNewTab_x0040_LastModified="{Date}2023-10-21T18:10:23.793Z"
                subDescription_x0040_LastModified="{Date}2023-10-21T18:10:06.855Z"
                subHeading="Project Management as a Service"
                subHeading_x0040_LastModified="{Date}2025-03-12T00:16:18.827Z"
                subHeading_x0040_LastModifiedBy="suvenkatachalam@eand.com"
                subLink="#"
                subLink_x0040_LastModified="{Date}2025-03-12T00:16:18.829Z"
                subLink_x0040_LastModifiedBy="suvenkatachalam@eand.com"/>
            <ar
                jcr:mixinTypes="[cq:Taggable,dam:cfVariationNode]"
                jcr:primaryType="nt:unstructured"
                _x0040_variationCreationDate="{Date}2023-10-21T18:10:28.766Z"
                actionImage_x0040_LastModified="{Date}2023-10-21T18:10:28.769Z"
                ctaText_x0040_LastModified="{Date}2023-10-21T18:10:28.768Z"
                linkType_x0040_LastModified="{Date}2023-10-21T18:10:28.768Z"
                sameTabOrNewTab="_self"
                sameTabOrNewTab_x0040_LastModified="{Date}2023-10-21T18:10:28.769Z"
                subDescription_x0040_LastModified="{Date}2023-10-21T18:10:28.768Z"
                subHeading="خدمة إدارة المشاريع"
                subHeading_x0040_LastModified="{Date}2025-03-12T00:16:45.720Z"
                subHeading_x0040_LastModifiedBy="suvenkatachalam@eand.com"
                subLink="#"
                subLink_x0040_LastModified="{Date}2025-03-12T00:16:45.721Z"
                subLink_x0040_LastModifiedBy="suvenkatachalam@eand.com"/>
        </data>
        <indexedData jcr:primaryType="nt:unstructured">
            <master
                jcr:mixinTypes="[dam:IndexedFragmentData]"
                jcr:primaryType="nt:unstructured"
                jcr:uuid="31200b4e-461a-4834-b399-742453cb72d5"
                _x0040_string_x0040_model="/conf/daas/settings/dam/cfm/models/business-menu-generic-link"
                _x0040_stringArray_x0040_variations="[ar]"
                string_x0040_sameTabOrNewTab="_self"
                string_x0040_subHeading="Project Management as a Service"
                string_x0040_subLink="#"/>
            <ar
                jcr:mixinTypes="[dam:IndexedFragmentData]"
                jcr:primaryType="nt:unstructured"
                jcr:uuid="2f169f3f-a0ad-4c19-8745-326073a25c65"
                _x0040_string_x0040_model="/conf/daas/settings/dam/cfm/models/business-menu-generic-link"
                string_x0040_sameTabOrNewTab="_self"
                string_x0040_subHeading="خدمة إدارة المشاريع"
                string_x0040_subLink="#"/>
        </indexedData>
        <metadata
            jcr:mixinTypes="[cq:Taggable]"
            jcr:primaryType="nt:unstructured">
            <dam:cfVariations jcr:primaryType="nt:unstructured">
                <ar
                    jcr:mixinTypes="[cq:Taggable]"
                    jcr:primaryType="nt:unstructured"/>
            </dam:cfVariations>
        </metadata>
        <model jcr:primaryType="nt:unstructured">
            <variations jcr:primaryType="nt:unstructured">
                <ar
                    jcr:description="\0"
                    jcr:mixinTypes="[cq:Taggable]"
                    jcr:primaryType="nt:unstructured"
                    jcr:title="Ar"
                    name="ar">
                    <properties
                        jcr:primaryType="nt:unstructured"
                        synchronizeWithVersion="[subHeading:ef0ad99e-4e02-4f7a-8001-1b97d195c20c,subDescription:ef0ad99e-4e02-4f7a-8001-1b97d195c20c,linkType:ef0ad99e-4e02-4f7a-8001-1b97d195c20c,ctaText:ef0ad99e-4e02-4f7a-8001-1b97d195c20c,subLink:ef0ad99e-4e02-4f7a-8001-1b97d195c20c,sameTabOrNewTab:ef0ad99e-4e02-4f7a-8001-1b97d195c20c,actionImage:ef0ad99e-4e02-4f7a-8001-1b97d195c20c]"/>
                </ar>
            </variations>
        </model>
        <related jcr:primaryType="nt:unstructured"/>
    </jcr:content>
</jcr:root>
