<?xml version="1.0" encoding="UTF-8"?>
<jcr:root xmlns:jcr="http://www.jcp.org/jcr/1.0" xmlns:dam="http://www.day.com/dam/1.0" xmlns:nt="http://www.jcp.org/jcr/nt/1.0" xmlns:mix="http://www.jcp.org/jcr/mix/1.0" xmlns:cq="http://www.day.com/jcr/cq/1.0"
    jcr:isCheckedOut="{Boolean}true"
    jcr:mixinTypes="[cq:contentFragment,mix:referenceable,mix:versionable]"
    jcr:primaryType="dam:Asset"
    jcr:uuid="351896fa-7b95-4760-afa6-eaf6b013722e">
    <jcr:content
        cq:isDelivered="{Boolean}false"
        cq:lastModified="{Date}2025-11-28T12:13:39.620Z"
        cq:lastModifiedBy="maripaul@eand.com"
        cq:lastReplicated="{Date}2025-12-12T11:08:27.477Z"
        cq:lastReplicated_publish="{Date}2025-12-12T11:08:27.477Z"
        cq:lastReplicatedBy="workflow-process-service"
        cq:lastReplicatedBy_publish="workflow-process-service"
        cq:lastReplicationAction="Activate"
        cq:lastReplicationAction_publish="Activate"
        cq:name="small-business"
        cq:parentPath="/content/dam/daas/cfm/header/mega-menu"
        jcr:lastModified="{Date}2025-03-11T22:15:12.740Z"
        jcr:lastModifiedBy="suvenkatachalam@eand.com"
        jcr:mixinTypes="[cq:ReplicationStatus,cq:ReplicationStatus2]"
        jcr:primaryType="dam:AssetContent"
        jcr:title="Small Business"
        contentFragment="{Boolean}true"
        lastFragmentSave="{Date}2025-03-11T22:15:12.740Z">
        <data
            cq:model="/conf/daas/settings/dam/cfm/models/business-menu-generic-link"
            jcr:primaryType="nt:unstructured"
            _strucVersion="{Long}1">
            <master
                jcr:mixinTypes="[cq:Taggable,dam:cfVariationNode]"
                jcr:primaryType="nt:unstructured"
                actionImage_x0040_LastModified="{Date}2023-10-21T19:03:17.986Z"
                ctaText_x0040_LastModified="{Date}2023-10-21T19:03:17.986Z"
                linkType_x0040_LastModified="{Date}2023-10-21T19:03:17.986Z"
                sameTabOrNewTab="_self"
                sameTabOrNewTab_x0040_LastModified="{Date}2023-10-21T19:03:39.765Z"
                subDescription_x0040_LastModified="{Date}2023-10-21T19:03:17.986Z"
                subHeading="Small Business"
                subHeading_x0040_LastModified="{Date}2023-10-21T19:03:39.765Z"
                subLink="#"
                subLink_x0040_LastModified="{Date}2023-10-21T19:03:39.765Z"/>
            <ar
                jcr:mixinTypes="[cq:Taggable,dam:cfVariationNode]"
                jcr:primaryType="nt:unstructured"
                _x0040_variationCreationDate="{Date}2023-10-21T19:03:45.350Z"
                actionImage_x0040_LastModified="{Date}2023-10-21T19:03:45.352Z"
                ctaText_x0040_LastModified="{Date}2023-10-21T19:03:45.351Z"
                linkType_x0040_LastModified="{Date}2023-10-21T19:03:45.351Z"
                sameTabOrNewTab="_self"
                sameTabOrNewTab_x0040_LastModified="{Date}2023-10-21T19:03:45.352Z"
                subDescription_x0040_LastModified="{Date}2023-10-21T19:03:45.351Z"
                subHeading="الشركات الصغيرة"
                subHeading_x0040_LastModified="{Date}2023-10-21T19:04:00.423Z"
                subLink="#"
                subLink_x0040_LastModified="{Date}2023-10-21T19:04:00.424Z"/>
        </data>
        <indexedData jcr:primaryType="nt:unstructured">
            <master
                jcr:mixinTypes="[dam:IndexedFragmentData]"
                jcr:primaryType="nt:unstructured"
                jcr:uuid="9d355143-a8fd-424d-b038-d10923997930"
                _x0040_string_x0040_model="/conf/daas/settings/dam/cfm/models/business-menu-generic-link"
                _x0040_stringArray_x0040_variations="[ar]"
                string_x0040_sameTabOrNewTab="_self"
                string_x0040_subHeading="Small Business"
                string_x0040_subLink="#"/>
            <ar
                jcr:mixinTypes="[dam:IndexedFragmentData]"
                jcr:primaryType="nt:unstructured"
                jcr:uuid="cd12d058-0257-42f1-a251-ccbea8923d59"
                _x0040_string_x0040_model="/conf/daas/settings/dam/cfm/models/business-menu-generic-link"
                string_x0040_sameTabOrNewTab="_self"
                string_x0040_subHeading="الشركات الصغيرة"
                string_x0040_subLink="#"/>
        </indexedData>
        <metadata
            jcr:mixinTypes="[cq:Taggable]"
            jcr:primaryType="nt:unstructured">
            <dam:cfVariations jcr:primaryType="nt:unstructured">
                <ar
                    jcr:mixinTypes="[cq:Taggable]"
                    jcr:primaryType="nt:unstructured"/>
            </dam:cfVariations>
        </metadata>
        <model jcr:primaryType="nt:unstructured">
            <variations jcr:primaryType="nt:unstructured">
                <ar
                    jcr:description="\0"
                    jcr:mixinTypes="[cq:Taggable]"
                    jcr:primaryType="nt:unstructured"
                    jcr:title="Ar"
                    name="ar">
                    <properties
                        jcr:primaryType="nt:unstructured"
                        synchronizeWithVersion="[subHeading:99d2e3b7-4db6-4699-b3b3-ad9d60ffe418,subDescription:99d2e3b7-4db6-4699-b3b3-ad9d60ffe418,linkType:99d2e3b7-4db6-4699-b3b3-ad9d60ffe418,ctaText:99d2e3b7-4db6-4699-b3b3-ad9d60ffe418,subLink:99d2e3b7-4db6-4699-b3b3-ad9d60ffe418,sameTabOrNewTab:99d2e3b7-4db6-4699-b3b3-ad9d60ffe418,actionImage:99d2e3b7-4db6-4699-b3b3-ad9d60ffe418]"/>
                </ar>
            </variations>
        </model>
        <related jcr:primaryType="nt:unstructured"/>
    </jcr:content>
</jcr:root>
