<?xml version="1.0" encoding="UTF-8"?>
<jcr:root xmlns:jcr="http://www.jcp.org/jcr/1.0" xmlns:dam="http://www.day.com/dam/1.0" xmlns:nt="http://www.jcp.org/jcr/nt/1.0" xmlns:mix="http://www.jcp.org/jcr/mix/1.0" xmlns:cq="http://www.day.com/jcr/cq/1.0"
    jcr:isCheckedOut="{Boolean}true"
    jcr:mixinTypes="[cq:contentFragment,mix:referenceable,mix:versionable]"
    jcr:primaryType="dam:Asset"
    jcr:uuid="83f43acf-0031-4400-ba4c-8370ad5bf0e4">
    <jcr:content
        cq:name="overview"
        cq:parentPath="/content/dam/daas/cfm/category-cards"
        jcr:lastModified="{Date}2025-12-03T11:18:20.197Z"
        jcr:lastModifiedBy="maripaul@eand.com"
        jcr:primaryType="dam:AssetContent"
        jcr:title="Overview"
        contentFragment="{Boolean}true"
        lastFragmentSave="{Date}2025-12-03T11:18:20.197Z">
        <data
            cq:model="/conf/daas/settings/dam/cfm/models/b2b-transformation-main"
            jcr:primaryType="nt:unstructured"
            _strucVersion="{Long}1">
            <master
                jcr:mixinTypes="[cq:Taggable,dam:cfVariationNode]"
                jcr:primaryType="nt:unstructured"
                b2bTransformationMainSec="[/content/dam/daas/cfm/category-cards/sub-sec]"
                b2bTransformationMainSec_x0040_LastModified="{Date}2025-12-03T11:18:12.030Z"
                b2bTransformationMainSec_x0040_LastModifiedBy="maripaul@eand.com">
                <card
                    jcr:primaryType="nt:unstructured"
                    assets="[]"
                    texts="[]"/>
            </master>
            <ar
                jcr:mixinTypes="[cq:Taggable,dam:cfVariationNode]"
                jcr:primaryType="nt:unstructured"
                _x0040_variationCreationDate="{Date}2025-12-03T11:18:17.383Z"
                b2bTransformationMainSec="[/content/dam/daas/cfm/category-cards/sub-sec]"
                b2bTransformationMainSec_x0040_LastModified="{Date}2025-12-03T11:18:17.386Z"
                b2bTransformationMainSec_x0040_LastModifiedBy="maripaul@eand.com"/>
        </data>
        <indexedData jcr:primaryType="nt:unstructured">
            <master
                jcr:mixinTypes="[dam:IndexedFragmentData]"
                jcr:primaryType="nt:unstructured"
                jcr:uuid="c78bfb47-ea16-4967-a124-a3139ae58ab4"
                _x0040_string_x0040_model="/conf/daas/settings/dam/cfm/models/b2b-transformation-main"
                _x0040_stringArray_x0040_variations="[ar]"/>
            <ar
                jcr:mixinTypes="[dam:IndexedFragmentData]"
                jcr:primaryType="nt:unstructured"
                jcr:uuid="3808c1f9-19aa-44c9-8755-d6411b48f351"
                _x0040_string_x0040_model="/conf/daas/settings/dam/cfm/models/b2b-transformation-main"/>
        </indexedData>
        <metadata
            jcr:mixinTypes="[cq:Taggable]"
            jcr:primaryType="nt:unstructured">
            <dam:cfVariations jcr:primaryType="nt:unstructured">
                <ar
                    jcr:mixinTypes="[cq:Taggable]"
                    jcr:primaryType="nt:unstructured"/>
            </dam:cfVariations>
        </metadata>
        <model jcr:primaryType="nt:unstructured">
            <variations jcr:primaryType="nt:unstructured">
                <ar
                    jcr:description="\0"
                    jcr:mixinTypes="[cq:Taggable]"
                    jcr:primaryType="nt:unstructured"
                    jcr:title="ar"
                    name="ar">
                    <properties
                        jcr:primaryType="nt:unstructured"
                        synchronizeWithVersion="[b2bTransformationMainSec:6b85f576-553a-4499-a487-5c696dd14bf4]"/>
                </ar>
            </variations>
        </model>
        <related jcr:primaryType="nt:unstructured"/>
    </jcr:content>
</jcr:root>
