<?xml version="1.0" encoding="UTF-8"?>
<jcr:root xmlns:jcr="http://www.jcp.org/jcr/1.0" xmlns:dam="http://www.day.com/dam/1.0" xmlns:nt="http://www.jcp.org/jcr/nt/1.0" xmlns:mix="http://www.jcp.org/jcr/mix/1.0" xmlns:cq="http://www.day.com/jcr/cq/1.0"
    jcr:isCheckedOut="{Boolean}true"
    jcr:mixinTypes="[cq:contentFragment,mix:referenceable,mix:versionable]"
    jcr:primaryType="dam:Asset"
    jcr:uuid="14420681-c24c-4fd2-a9ed-1babd3342bfd">
    <jcr:content
        cq:isDelivered="{Boolean}false"
        cq:lastReplicated="{Date}2025-12-12T11:11:25.622Z"
        cq:lastReplicated_publish="{Date}2025-12-12T11:11:25.622Z"
        cq:lastReplicatedBy="workflow-process-service"
        cq:lastReplicatedBy_publish="workflow-process-service"
        cq:lastReplicationAction="Activate"
        cq:lastReplicationAction_publish="Activate"
        cq:name="news"
        cq:parentPath="/content/dam/daas/cfm/footer-quicklinks/quick-links"
        jcr:lastModified="{Date}2025-11-28T14:00:31.908Z"
        jcr:lastModifiedBy="maripaul@eand.com"
        jcr:mixinTypes="[cq:ReplicationStatus,cq:ReplicationStatus2]"
        jcr:primaryType="dam:AssetContent"
        jcr:title="News"
        contentFragment="{Boolean}true"
        lastFragmentSave="{Date}2025-11-28T14:00:31.908Z">
        <data
            cq:model="/conf/daas/settings/dam/cfm/models/business-menu-generic-link"
            jcr:primaryType="nt:unstructured"
            _strucVersion="{Long}1">
            <master
                jcr:mixinTypes="[cq:Taggable,dam:cfVariationNode]"
                jcr:primaryType="nt:unstructured"
                actionImage_x0040_LastModified="{Date}2025-11-28T13:59:07.707Z"
                ctaText_x0040_LastModified="{Date}2025-11-28T13:59:07.707Z"
                linkType_x0040_LastModified="{Date}2025-11-28T13:59:07.707Z"
                sameTabOrNewTab="_self"
                sameTabOrNewTab_x0040_LastModified="{Date}2025-11-28T14:00:08.968Z"
                sameTabOrNewTab_x0040_LastModifiedBy="maripaul@eand.com"
                subDescription_x0040_LastModified="{Date}2025-11-28T13:59:07.707Z"
                subHeading="News"
                subHeading_x0040_LastModified="{Date}2025-11-28T14:00:08.966Z"
                subHeading_x0040_LastModifiedBy="maripaul@eand.com"
                subLink="#"
                subLink_x0040_LastModified="{Date}2025-11-28T14:00:08.967Z"
                subLink_x0040_LastModifiedBy="maripaul@eand.com">
                <card
                    jcr:primaryType="nt:unstructured"
                    assets="[]"
                    texts="[]"/>
            </master>
            <ar
                jcr:mixinTypes="[cq:Taggable,dam:cfVariationNode]"
                jcr:primaryType="nt:unstructured"
                _x0040_variationCreationDate="{Date}2025-11-28T14:00:15.008Z"
                actionImage_x0040_LastModified="{Date}2025-11-28T14:00:15.014Z"
                actionImage_x0040_LastModifiedBy="maripaul@eand.com"
                ctaText_x0040_LastModified="{Date}2025-11-28T14:00:15.011Z"
                ctaText_x0040_LastModifiedBy="maripaul@eand.com"
                linkType_x0040_LastModified="{Date}2025-11-28T14:00:15.010Z"
                linkType_x0040_LastModifiedBy="maripaul@eand.com"
                sameTabOrNewTab="_self"
                sameTabOrNewTab_x0040_LastModified="{Date}2025-11-28T14:00:15.013Z"
                sameTabOrNewTab_x0040_LastModifiedBy="maripaul@eand.com"
                subDescription_x0040_LastModified="{Date}2025-11-28T14:00:15.010Z"
                subDescription_x0040_LastModifiedBy="maripaul@eand.com"
                subHeading="أخبار"
                subHeading_x0040_LastModified="{Date}2025-11-28T14:00:31.727Z"
                subHeading_x0040_LastModifiedBy="maripaul@eand.com"
                subLink="#"
                subLink_x0040_LastModified="{Date}2025-11-28T14:00:15.012Z"
                subLink_x0040_LastModifiedBy="maripaul@eand.com"/>
        </data>
        <indexedData jcr:primaryType="nt:unstructured">
            <master
                jcr:mixinTypes="[dam:IndexedFragmentData]"
                jcr:primaryType="nt:unstructured"
                jcr:uuid="e1e63453-fe3d-4baf-b79d-6c416ed7824d"
                _x0040_string_x0040_model="/conf/daas/settings/dam/cfm/models/business-menu-generic-link"
                _x0040_stringArray_x0040_variations="[ar]"
                string_x0040_sameTabOrNewTab="_self"
                string_x0040_subHeading="News"
                string_x0040_subLink="#"/>
            <ar
                jcr:mixinTypes="[dam:IndexedFragmentData]"
                jcr:primaryType="nt:unstructured"
                jcr:uuid="670c9578-2e70-4b14-aa5e-3ee6243fe630"
                _x0040_string_x0040_model="/conf/daas/settings/dam/cfm/models/business-menu-generic-link"
                string_x0040_sameTabOrNewTab="_self"
                string_x0040_subHeading="أخبار"
                string_x0040_subLink="#"/>
        </indexedData>
        <metadata
            jcr:mixinTypes="[cq:Taggable]"
            jcr:primaryType="nt:unstructured">
            <dam:cfVariations jcr:primaryType="nt:unstructured">
                <ar
                    jcr:mixinTypes="[cq:Taggable]"
                    jcr:primaryType="nt:unstructured"/>
            </dam:cfVariations>
        </metadata>
        <model jcr:primaryType="nt:unstructured">
            <variations jcr:primaryType="nt:unstructured">
                <ar
                    jcr:description="\0"
                    jcr:mixinTypes="[cq:Taggable]"
                    jcr:primaryType="nt:unstructured"
                    jcr:title="Ar"
                    name="ar">
                    <properties
                        jcr:primaryType="nt:unstructured"
                        synchronizeWithVersion="[subHeading:5754ee67-cc7b-4393-9345-1848a0c1c133,subDescription:5754ee67-cc7b-4393-9345-1848a0c1c133,linkType:5754ee67-cc7b-4393-9345-1848a0c1c133,ctaText:5754ee67-cc7b-4393-9345-1848a0c1c133,subLink:5754ee67-cc7b-4393-9345-1848a0c1c133,sameTabOrNewTab:5754ee67-cc7b-4393-9345-1848a0c1c133,actionImage:5754ee67-cc7b-4393-9345-1848a0c1c133]"/>
                </ar>
            </variations>
        </model>
        <related jcr:primaryType="nt:unstructured"/>
    </jcr:content>
</jcr:root>
