<?xml version="1.0" encoding="UTF-8"?>
<jcr:root xmlns:jcr="http://www.jcp.org/jcr/1.0" xmlns:dam="http://www.day.com/dam/1.0" xmlns:nt="http://www.jcp.org/jcr/nt/1.0" xmlns:mix="http://www.jcp.org/jcr/mix/1.0" xmlns:cq="http://www.day.com/jcr/cq/1.0"
    jcr:isCheckedOut="{Boolean}true"
    jcr:mixinTypes="[cq:contentFragment,mix:referenceable,mix:versionable]"
    jcr:primaryType="dam:Asset"
    jcr:uuid="59043024-b5ac-4e1d-bf54-28456ecb5826">
    <jcr:content
        cq:isDelivered="{Boolean}false"
        cq:lastModified="{Date}2025-11-28T15:48:24.197+05:30"
        cq:lastModifiedBy="admin"
        cq:lastReplicated="{Date}2025-12-12T11:11:25.622Z"
        cq:lastReplicated_publish="{Date}2025-12-12T11:11:25.622Z"
        cq:lastReplicatedBy="workflow-process-service"
        cq:lastReplicatedBy_publish="workflow-process-service"
        cq:lastReplicationAction="Activate"
        cq:lastReplicationAction_publish="Activate"
        cq:name="footer-logo"
        cq:parentPath="/content/dam/daas/cfm/footer-quicklinks/bottom"
        jcr:lastModified="{Date}2023-10-22T10:50:39.350Z"
        jcr:lastModifiedBy="azaraheem@etisalat.ae"
        jcr:mixinTypes="[cq:ReplicationStatus,cq:ReplicationStatus2]"
        jcr:primaryType="dam:AssetContent"
        jcr:title="Footer logo"
        contentFragment="{Boolean}true"
        lastFragmentSave="{Date}2023-10-22T10:50:39.350Z">
        <data
            cq:model="/conf/daas/settings/dam/cfm/models/business-menu-generic-link"
            jcr:primaryType="nt:unstructured"
            _strucVersion="{Long}1">
            <master
                jcr:mixinTypes="[cq:Taggable,dam:cfVariationNode]"
                jcr:primaryType="nt:unstructured"
                actionImage="/content/dam/daas/cfm/images/logo-business.png"
                actionImage_x0040_LastModified="{Date}2023-10-22T10:50:10.586Z"
                ctaText_x0040_LastModified="{Date}2023-10-22T10:43:57.756Z"
                linkType_x0040_LastModified="{Date}2023-10-22T10:43:57.756Z"
                sameTabOrNewTab="_self"
                sameTabOrNewTab_x0040_LastModified="{Date}2023-10-22T10:50:10.586Z"
                subDescription_x0040_LastModified="{Date}2023-10-22T10:43:57.756Z"
                subHeading_x0040_LastModified="{Date}2023-10-22T10:43:57.756Z"
                subLink="#"
                subLink_x0040_LastModified="{Date}2023-10-22T10:50:10.585Z"/>
            <ar
                jcr:mixinTypes="[cq:Taggable,dam:cfVariationNode]"
                jcr:primaryType="nt:unstructured"
                _x0040_variationCreationDate="{Date}2023-10-22T10:50:15.023Z"
                actionImage="/content/dam/daas/cfm/images/etisalat-logo-arabic.svg"
                actionImage_x0040_LastModified="{Date}2023-10-22T10:50:39.126Z"
                ctaText_x0040_LastModified="{Date}2023-10-22T10:50:15.024Z"
                linkType_x0040_LastModified="{Date}2023-10-22T10:50:15.024Z"
                sameTabOrNewTab="_self"
                sameTabOrNewTab_x0040_LastModified="{Date}2023-10-22T10:50:15.025Z"
                subDescription_x0040_LastModified="{Date}2023-10-22T10:50:15.024Z"
                subHeading_x0040_LastModified="{Date}2023-10-22T10:50:15.023Z"
                subLink="#"
                subLink_x0040_LastModified="{Date}2023-10-22T10:50:15.024Z"/>
        </data>
        <indexedData jcr:primaryType="nt:unstructured">
            <master
                jcr:mixinTypes="[dam:IndexedFragmentData]"
                jcr:primaryType="nt:unstructured"
                jcr:uuid="7b00fb1f-c451-4073-86dc-546d19baab66"
                _x0040_string_x0040_model="/conf/daas/settings/dam/cfm/models/business-menu-generic-link"
                _x0040_stringArray_x0040_variations="[ar]"
                string_x0040_sameTabOrNewTab="_self"
                string_x0040_subLink="#"/>
            <ar
                jcr:mixinTypes="[dam:IndexedFragmentData]"
                jcr:primaryType="nt:unstructured"
                jcr:uuid="7b98748c-bf12-4b48-8342-e90e34691d3e"
                _x0040_string_x0040_model="/conf/daas/settings/dam/cfm/models/business-menu-generic-link"
                string_x0040_sameTabOrNewTab="_self"
                string_x0040_subLink="#"/>
        </indexedData>
        <metadata
            jcr:mixinTypes="[cq:Taggable]"
            jcr:primaryType="nt:unstructured"/>
        <model jcr:primaryType="nt:unstructured">
            <variations jcr:primaryType="nt:unstructured">
                <ar
                    jcr:description="\0"
                    jcr:mixinTypes="[cq:Taggable]"
                    jcr:primaryType="nt:unstructured"
                    jcr:title="Ar"
                    name="ar">
                    <properties
                        jcr:primaryType="nt:unstructured"
                        synchronizeWithVersion="[subHeading:9adc904b-2cc3-4f34-bcd9-5e18c2a7d842,subDescription:9adc904b-2cc3-4f34-bcd9-5e18c2a7d842,linkType:9adc904b-2cc3-4f34-bcd9-5e18c2a7d842,ctaText:9adc904b-2cc3-4f34-bcd9-5e18c2a7d842,subLink:9adc904b-2cc3-4f34-bcd9-5e18c2a7d842,sameTabOrNewTab:9adc904b-2cc3-4f34-bcd9-5e18c2a7d842,actionImage:9adc904b-2cc3-4f34-bcd9-5e18c2a7d842]"/>
                </ar>
            </variations>
        </model>
        <related jcr:primaryType="nt:unstructured"/>
    </jcr:content>
</jcr:root>
