<?xml version="1.0" encoding="UTF-8"?>
<jcr:root xmlns:jcr="http://www.jcp.org/jcr/1.0" xmlns:dam="http://www.day.com/dam/1.0" xmlns:nt="http://www.jcp.org/jcr/nt/1.0" xmlns:mix="http://www.jcp.org/jcr/mix/1.0" xmlns:cq="http://www.day.com/jcr/cq/1.0"
    jcr:isCheckedOut="{Boolean}true"
    jcr:mixinTypes="[mix:referenceable,mix:versionable]"
    jcr:primaryType="dam:Asset"
    jcr:uuid="7db26a1b-5e23-4838-85d7-fef40841e9d8">
    <jcr:content
        cq:isDelivered="{Boolean}false"
        cq:lastModified="{Date}2025-11-28T15:48:23.651+05:30"
        cq:lastModifiedBy="admin"
        cq:lastReplicationAction_publish="Activate"
        cq:name="events"
        cq:parentPath="/content/dam/daas/cfm/footer-quicklinks/quick-links"
        jcr:lastModified="{Date}2023-10-22T08:44:10.327Z"
        jcr:lastModifiedBy="azaraheem@etisalat.ae"
        jcr:mixinTypes="[cq:ReplicationStatus,cq:ReplicationStatus2]"
        jcr:primaryType="dam:AssetContent"
        jcr:title="Events"
        contentFragment="{Boolean}true"
        lastFragmentSave="{Date}2023-10-22T08:44:10.327Z">
        <data
            cq:model="/conf/daas/settings/dam/cfm/models/business-menu-generic-link"
            jcr:primaryType="nt:unstructured"
            _strucVersion="{Long}1">
            <master
                jcr:mixinTypes="[cq:Taggable,dam:cfVariationNode]"
                jcr:primaryType="nt:unstructured"
                actionImage_x0040_LastModified="{Date}2023-10-22T08:43:13.336Z"
                ctaText_x0040_LastModified="{Date}2023-10-22T08:43:13.336Z"
                linkType_x0040_LastModified="{Date}2023-10-22T08:43:13.336Z"
                sameTabOrNewTab="_self"
                sameTabOrNewTab_x0040_LastModified="{Date}2023-10-22T08:43:40.111Z"
                subDescription_x0040_LastModified="{Date}2023-10-22T08:43:13.336Z"
                subHeading="Events"
                subHeading_x0040_LastModified="{Date}2023-10-22T08:43:40.110Z"
                subLink="/en/smb/events.html"
                subLink_x0040_LastModified="{Date}2023-10-22T08:43:40.110Z"/>
            <ar
                jcr:mixinTypes="[cq:Taggable,dam:cfVariationNode]"
                jcr:primaryType="nt:unstructured"
                _x0040_variationCreationDate="{Date}2023-10-22T08:43:45.700Z"
                actionImage_x0040_LastModified="{Date}2023-10-22T08:43:45.702Z"
                ctaText_x0040_LastModified="{Date}2023-10-22T08:43:45.702Z"
                linkType_x0040_LastModified="{Date}2023-10-22T08:43:45.702Z"
                sameTabOrNewTab="_self"
                sameTabOrNewTab_x0040_LastModified="{Date}2023-10-22T08:43:45.702Z"
                subDescription_x0040_LastModified="{Date}2023-10-22T08:43:45.701Z"
                subHeading="الفعاليات"
                subHeading_x0040_LastModified="{Date}2023-10-22T08:44:10.106Z"
                subLink="/ar/smb/events.html"
                subLink_x0040_LastModified="{Date}2023-10-22T08:44:10.107Z"/>
        </data>
        <indexedData jcr:primaryType="nt:unstructured">
            <master
                jcr:mixinTypes="[dam:IndexedFragmentData]"
                jcr:primaryType="nt:unstructured"
                jcr:uuid="2c5187e5-2806-44cd-8be9-71c28b383991"
                _x0040_string_x0040_model="/conf/daas/settings/dam/cfm/models/business-menu-generic-link"
                _x0040_stringArray_x0040_variations="[ar]"
                string_x0040_sameTabOrNewTab="_self"
                string_x0040_subHeading="Events"
                string_x0040_subLink="/en/smb/events.html"/>
            <ar
                jcr:mixinTypes="[dam:IndexedFragmentData]"
                jcr:primaryType="nt:unstructured"
                jcr:uuid="8950f261-03b4-416c-ae3e-0fa70830a288"
                _x0040_string_x0040_model="/conf/daas/settings/dam/cfm/models/business-menu-generic-link"
                string_x0040_sameTabOrNewTab="_self"
                string_x0040_subHeading="الفعاليات"
                string_x0040_subLink="/ar/smb/events.html"/>
        </indexedData>
        <metadata
            jcr:mixinTypes="[cq:Taggable]"
            jcr:primaryType="nt:unstructured"/>
        <model jcr:primaryType="nt:unstructured">
            <variations jcr:primaryType="nt:unstructured">
                <ar
                    jcr:description="\0"
                    jcr:mixinTypes="[cq:Taggable]"
                    jcr:primaryType="nt:unstructured"
                    jcr:title="Ar"
                    name="ar">
                    <properties
                        jcr:primaryType="nt:unstructured"
                        synchronizeWithVersion="[subHeading:77c2c2a4-b5f2-49b3-aa32-a0b99bb3acc5,subDescription:77c2c2a4-b5f2-49b3-aa32-a0b99bb3acc5,linkType:77c2c2a4-b5f2-49b3-aa32-a0b99bb3acc5,ctaText:77c2c2a4-b5f2-49b3-aa32-a0b99bb3acc5,subLink:77c2c2a4-b5f2-49b3-aa32-a0b99bb3acc5,sameTabOrNewTab:77c2c2a4-b5f2-49b3-aa32-a0b99bb3acc5,actionImage:77c2c2a4-b5f2-49b3-aa32-a0b99bb3acc5]"/>
                </ar>
            </variations>
        </model>
        <related jcr:primaryType="nt:unstructured"/>
    </jcr:content>
</jcr:root>
