<?xml version="1.0" encoding="UTF-8"?>
<jcr:root xmlns:jcr="http://www.jcp.org/jcr/1.0" xmlns:dam="http://www.day.com/dam/1.0" xmlns:nt="http://www.jcp.org/jcr/nt/1.0" xmlns:mix="http://www.jcp.org/jcr/mix/1.0" xmlns:cq="http://www.day.com/jcr/cq/1.0"
    jcr:isCheckedOut="{Boolean}true"
    jcr:mixinTypes="[cq:contentFragment,mix:referenceable,mix:versionable]"
    jcr:primaryType="dam:Asset"
    jcr:uuid="aaae544e-7c7d-4685-86e6-7f0f085238af">
    <jcr:content
        cq:isDelivered="{Boolean}false"
        cq:lastModified="{Date}2025-11-28T12:13:34.237Z"
        cq:lastModifiedBy="maripaul@eand.com"
        cq:lastReplicated="{Date}2025-12-12T11:08:37.533Z"
        cq:lastReplicated_publish="{Date}2025-12-12T11:08:37.533Z"
        cq:lastReplicatedBy="workflow-process-service"
        cq:lastReplicatedBy_publish="workflow-process-service"
        cq:lastReplicationAction="Activate"
        cq:lastReplicationAction_publish="Activate"
        cq:name="resources-sub-section-1"
        cq:parentPath="/content/dam/daas/cfm/header/top-navigation"
        jcr:lastModified="{Date}2025-03-11T08:05:12.971Z"
        jcr:lastModifiedBy="reference-adjustment-service"
        jcr:mixinTypes="[cq:ReplicationStatus,cq:ReplicationStatus2]"
        jcr:primaryType="dam:AssetContent"
        jcr:title="Resources Sub Section 1"
        contentFragment="{Boolean}true"
        lastFragmentSave="{Date}2025-03-11T08:05:12.971Z">
        <data
            cq:model="/conf/daas/settings/dam/cfm/models/business-mega-menu-sub-section"
            jcr:primaryType="nt:unstructured"
            _strucVersion="{Long}1">
            <master
                jcr:mixinTypes="[cq:Taggable,dam:cfVariationNode]"
                jcr:primaryType="nt:unstructured"
                menuHeading_x0040_LastModified="{Date}2023-10-24T12:40:21.111Z"
                menuSubSection="[/content/dam/daas/cfm/header/mega-menu/resources/locate-business-center]"
                menuSubSection_x0040_LastModified="{Date}2023-10-24T12:39:31.215Z"/>
            <ar
                jcr:mixinTypes="[cq:Taggable,dam:cfVariationNode]"
                jcr:primaryType="nt:unstructured"
                _x0040_variationCreationDate="{Date}2023-10-24T12:40:00.286Z"
                menuHeading_x0040_LastModified="{Date}2023-10-24T12:40:12.221Z"
                menuSubSection="[/content/dam/daas/cfm/header/mega-menu/resources/locate-business-center]"
                menuSubSection_x0040_LastModified="{Date}2023-10-24T12:40:00.288Z"/>
        </data>
        <indexedData jcr:primaryType="nt:unstructured">
            <master
                jcr:mixinTypes="[dam:IndexedFragmentData]"
                jcr:primaryType="nt:unstructured"
                jcr:uuid="561f9b4d-7be5-4fae-add7-e7141606b841"
                _x0040_string_x0040_model="/conf/daas/settings/dam/cfm/models/business-mega-menu-sub-section"
                _x0040_stringArray_x0040_variations="[ar]"/>
            <ar
                jcr:mixinTypes="[dam:IndexedFragmentData]"
                jcr:primaryType="nt:unstructured"
                jcr:uuid="b0fbd822-771f-46d7-aa28-54ed6efa42c1"
                _x0040_string_x0040_model="/conf/daas/settings/dam/cfm/models/business-mega-menu-sub-section"/>
        </indexedData>
        <metadata
            jcr:mixinTypes="[cq:Taggable]"
            jcr:primaryType="nt:unstructured"/>
        <model jcr:primaryType="nt:unstructured">
            <variations jcr:primaryType="nt:unstructured">
                <ar
                    jcr:description="\0"
                    jcr:mixinTypes="[cq:Taggable]"
                    jcr:primaryType="nt:unstructured"
                    jcr:title="Ar"
                    name="ar">
                    <properties
                        jcr:primaryType="nt:unstructured"
                        synchronizeWithVersion="[menuHeading:5a1a3267-6951-43e3-9c2f-87b2d7f004ad,menuSubSection:5a1a3267-6951-43e3-9c2f-87b2d7f004ad]"/>
                </ar>
            </variations>
        </model>
        <related jcr:primaryType="nt:unstructured"/>
    </jcr:content>
</jcr:root>
