<?xml version="1.0" encoding="UTF-8"?>
<jcr:root xmlns:jcr="http://www.jcp.org/jcr/1.0" xmlns:dam="http://www.day.com/dam/1.0" xmlns:nt="http://www.jcp.org/jcr/nt/1.0" xmlns:mix="http://www.jcp.org/jcr/mix/1.0" xmlns:cq="http://www.day.com/jcr/cq/1.0"
    jcr:isCheckedOut="{Boolean}true"
    jcr:mixinTypes="[cq:contentFragment,mix:referenceable,mix:versionable]"
    jcr:primaryType="dam:Asset"
    jcr:uuid="6cebfd8b-5129-4082-9a5d-5772385ac376">
    <jcr:content
        cq:isDelivered="{Boolean}false"
        cq:lastModified="{Date}2025-11-28T12:13:45.903Z"
        cq:lastModifiedBy="maripaul@eand.com"
        cq:lastReplicated="{Date}2025-12-12T11:08:27.477Z"
        cq:lastReplicated_publish="{Date}2025-12-12T11:08:27.477Z"
        cq:lastReplicatedBy="workflow-process-service"
        cq:lastReplicatedBy_publish="workflow-process-service"
        cq:lastReplicationAction="Activate"
        cq:lastReplicationAction_publish="Activate"
        cq:name="utap"
        cq:parentPath="/content/dam/daas/cfm/header/mega-menu/digital-products"
        jcr:lastModified="{Date}2025-03-11T09:50:55.217Z"
        jcr:lastModifiedBy="suvenkatachalam@eand.com"
        jcr:mixinTypes="[cq:ReplicationStatus,cq:ReplicationStatus2]"
        jcr:primaryType="dam:AssetContent"
        jcr:title="Payment Solutions"
        contentFragment="{Boolean}true"
        lastFragmentSave="{Date}2025-03-11T09:50:55.217Z">
        <data
            cq:model="/conf/daas/settings/dam/cfm/models/business-menu-generic-link"
            jcr:primaryType="nt:unstructured"
            _strucVersion="{Long}1">
            <master
                jcr:mixinTypes="[cq:Taggable,dam:cfVariationNode]"
                jcr:primaryType="nt:unstructured"
                actionImage_x0040_LastModified="{Date}2023-10-21T17:51:01.803Z"
                ctaText_x0040_LastModified="{Date}2023-10-21T17:51:01.803Z"
                linkType_x0040_LastModified="{Date}2023-10-21T17:51:01.803Z"
                sameTabOrNewTab="_self"
                sameTabOrNewTab_x0040_LastModified="{Date}2023-10-21T17:51:24.312Z"
                subDescription_x0040_LastModified="{Date}2023-10-21T17:51:01.803Z"
                subHeading="Payment Solutions"
                subHeading_x0040_LastModified="{Date}2025-03-11T09:49:36.390Z"
                subHeading_x0040_LastModifiedBy="suvenkatachalam@eand.com"
                subLink="#"
                subLink_x0040_LastModified="{Date}2025-03-11T09:49:36.392Z"
                subLink_x0040_LastModifiedBy="suvenkatachalam@eand.com"/>
            <ar
                jcr:mixinTypes="[cq:Taggable,dam:cfVariationNode]"
                jcr:primaryType="nt:unstructured"
                _x0040_variationCreationDate="{Date}2023-10-21T17:51:35.065Z"
                actionImage_x0040_LastModified="{Date}2023-10-21T17:51:35.068Z"
                ctaText_x0040_LastModified="{Date}2023-10-21T17:51:35.067Z"
                linkType_x0040_LastModified="{Date}2023-10-21T17:51:35.067Z"
                sameTabOrNewTab="_self"
                sameTabOrNewTab_x0040_LastModified="{Date}2023-10-21T17:51:35.068Z"
                subDescription_x0040_LastModified="{Date}2023-10-21T17:51:35.067Z"
                subHeading="حلول الدفع"
                subHeading_x0040_LastModified="{Date}2025-03-11T09:50:12.721Z"
                subHeading_x0040_LastModifiedBy="suvenkatachalam@eand.com"
                subLink="#"
                subLink_x0040_LastModified="{Date}2025-03-11T09:50:24.293Z"
                subLink_x0040_LastModifiedBy="suvenkatachalam@eand.com"/>
        </data>
        <indexedData jcr:primaryType="nt:unstructured">
            <master
                jcr:mixinTypes="[dam:IndexedFragmentData]"
                jcr:primaryType="nt:unstructured"
                jcr:uuid="6ead2301-c9d3-40c1-9c18-001c2e898aff"
                _x0040_string_x0040_model="/conf/daas/settings/dam/cfm/models/business-menu-generic-link"
                _x0040_stringArray_x0040_variations="[ar]"
                string_x0040_sameTabOrNewTab="_self"
                string_x0040_subHeading="Payment Solutions"
                string_x0040_subLink="#"/>
            <ar
                jcr:mixinTypes="[dam:IndexedFragmentData]"
                jcr:primaryType="nt:unstructured"
                jcr:uuid="89dffc4b-a2b7-49c7-af66-7c71a2fe18d8"
                _x0040_string_x0040_model="/conf/daas/settings/dam/cfm/models/business-menu-generic-link"
                string_x0040_sameTabOrNewTab="_self"
                string_x0040_subHeading="حلول الدفع"
                string_x0040_subLink="#"/>
        </indexedData>
        <metadata
            jcr:mixinTypes="[cq:Taggable]"
            jcr:primaryType="nt:unstructured">
            <dam:cfVariations jcr:primaryType="nt:unstructured">
                <ar
                    jcr:mixinTypes="[cq:Taggable]"
                    jcr:primaryType="nt:unstructured"/>
            </dam:cfVariations>
        </metadata>
        <model jcr:primaryType="nt:unstructured">
            <variations jcr:primaryType="nt:unstructured">
                <ar
                    jcr:description="\0"
                    jcr:mixinTypes="[cq:Taggable]"
                    jcr:primaryType="nt:unstructured"
                    jcr:title="Ar"
                    name="ar">
                    <properties
                        jcr:primaryType="nt:unstructured"
                        synchronizeWithVersion="[subHeading:b7c7efc3-6ba6-4a30-979c-421b3e3bd0c7,subDescription:b7c7efc3-6ba6-4a30-979c-421b3e3bd0c7,linkType:b7c7efc3-6ba6-4a30-979c-421b3e3bd0c7,ctaText:b7c7efc3-6ba6-4a30-979c-421b3e3bd0c7,subLink:b7c7efc3-6ba6-4a30-979c-421b3e3bd0c7,sameTabOrNewTab:b7c7efc3-6ba6-4a30-979c-421b3e3bd0c7,actionImage:b7c7efc3-6ba6-4a30-979c-421b3e3bd0c7]"/>
                </ar>
            </variations>
        </model>
        <related jcr:primaryType="nt:unstructured"/>
    </jcr:content>
</jcr:root>
