<?xml version="1.0" encoding="UTF-8"?>
<jcr:root xmlns:jcr="http://www.jcp.org/jcr/1.0" xmlns:dam="http://www.day.com/dam/1.0" xmlns:nt="http://www.jcp.org/jcr/nt/1.0" xmlns:mix="http://www.jcp.org/jcr/mix/1.0" xmlns:cq="http://www.day.com/jcr/cq/1.0"
    jcr:isCheckedOut="{Boolean}true"
    jcr:mixinTypes="[cq:contentFragment,mix:referenceable,mix:versionable]"
    jcr:primaryType="dam:Asset"
    jcr:uuid="e01618db-b6db-4765-930c-ba3caba75d42">
    <jcr:content
        cq:isDelivered="{Boolean}false"
        cq:lastModified="{Date}2025-11-28T12:13:38.114Z"
        cq:lastModifiedBy="maripaul@eand.com"
        cq:lastReplicated="{Date}2025-12-12T11:08:37.533Z"
        cq:lastReplicated_publish="{Date}2025-12-12T11:08:37.533Z"
        cq:lastReplicatedBy="workflow-process-service"
        cq:lastReplicatedBy_publish="workflow-process-service"
        cq:lastReplicationAction="Activate"
        cq:lastReplicationAction_publish="Activate"
        cq:name="top-nav-drop-down-menu-sec"
        cq:parentPath="/content/dam/daas/cfm/header/top-navigation"
        jcr:lastModified="{Date}2025-03-14T10:20:57.477Z"
        jcr:lastModifiedBy="amaidheen@eand.com"
        jcr:mixinTypes="[cq:ReplicationStatus,cq:ReplicationStatus2]"
        jcr:primaryType="dam:AssetContent"
        jcr:title="Top-Nav-Drop-Down-Menu-Sec"
        contentFragment="{Boolean}true"
        lastFragmentSave="{Date}2025-03-14T10:20:57.477Z">
        <data
            cq:model="/conf/daas/settings/dam/cfm/models/business-top-nav-drop-down-sec"
            jcr:primaryType="nt:unstructured"
            _strucVersion="{Long}1">
            <master
                jcr:mixinTypes="[cq:Taggable,dam:cfVariationNode]"
                jcr:primaryType="nt:unstructured"
                dropdownMenu="[/content/dam/daas/cfm/header/top-navigation/small-and-medium-business,/content/dam/daas/cfm/header/top-navigation/enterprise-and-government]"
                dropdownMenu_x0040_LastModified="{Date}2024-09-24T12:40:21.187Z"
                dropdownMenu_x0040_LastModifiedBy="azaraheem@eand.com"
                multipleDropdownItems="[/content/dam/daas/cfm/header/top-navigation/small-and-medium-business,/content/dam/daas/cfm/header/top-navigation/enterprise-and-government]"
                multipleDropdownItems_x0040_LastModified="{Date}2024-09-24T12:54:22.190Z"
                multipleDropdownItems_x0040_LastModifiedBy="azaraheem@eand.com"
                subHeading="Business"
                subHeading_x0040_LastModified="{Date}2025-03-14T10:20:57.094Z"
                subHeading_x0040_LastModifiedBy="amaidheen@eand.com">
                <card
                    jcr:primaryType="nt:unstructured"
                    assets="[]"
                    texts="[Business]"/>
            </master>
            <ar
                jcr:mixinTypes="[cq:Taggable,dam:cfVariationNode]"
                jcr:primaryType="nt:unstructured"
                _x0040_variationCreationDate="{Date}2024-09-24T12:54:33.963Z"
                multipleDropdownItems="[/content/dam/daas/cfm/header/top-navigation/small-and-medium-business,/content/dam/daas/cfm/header/top-navigation/enterprise-and-government]"
                multipleDropdownItems_x0040_LastModified="{Date}2024-09-24T12:54:33.969Z"
                multipleDropdownItems_x0040_LastModifiedBy="azaraheem@eand.com"
                subHeading="أعمال"
                subHeading_x0040_LastModified="{Date}2025-03-14T10:20:49.016Z"
                subHeading_x0040_LastModifiedBy="amaidheen@eand.com"/>
        </data>
        <indexedData jcr:primaryType="nt:unstructured">
            <master
                jcr:mixinTypes="[dam:IndexedFragmentData]"
                jcr:primaryType="nt:unstructured"
                jcr:uuid="7ee5e4f8-403d-4a91-b953-808b3de8a8cb"
                _x0040_string_x0040_model="/conf/daas/settings/dam/cfm/models/business-top-nav-drop-down-sec"
                _x0040_stringArray_x0040_variations="[ar]"
                string_x0040_subHeading="Business"/>
            <ar
                jcr:mixinTypes="[dam:IndexedFragmentData]"
                jcr:primaryType="nt:unstructured"
                jcr:uuid="844ddd8c-b50f-4484-8fae-02faecfea9bb"
                _x0040_string_x0040_model="/conf/daas/settings/dam/cfm/models/business-top-nav-drop-down-sec"
                string_x0040_subHeading="أعمال"/>
        </indexedData>
        <metadata
            jcr:mixinTypes="[cq:Taggable]"
            jcr:primaryType="nt:unstructured">
            <dam:cfVariations jcr:primaryType="nt:unstructured">
                <ar
                    jcr:mixinTypes="[cq:Taggable]"
                    jcr:primaryType="nt:unstructured"/>
            </dam:cfVariations>
        </metadata>
        <model jcr:primaryType="nt:unstructured">
            <variations jcr:primaryType="nt:unstructured">
                <ar
                    jcr:description="\0"
                    jcr:mixinTypes="[cq:Taggable]"
                    jcr:primaryType="nt:unstructured"
                    jcr:title="ar"
                    name="ar">
                    <properties
                        jcr:primaryType="nt:unstructured"
                        synchronizeWithVersion="[multipleDropdownItems:3fb39e0f-01dd-49db-b372-035812e09430]"/>
                </ar>
            </variations>
        </model>
        <related jcr:primaryType="nt:unstructured"/>
    </jcr:content>
</jcr:root>
