<?xml version="1.0" encoding="UTF-8"?>
<jcr:root xmlns:jcr="http://www.jcp.org/jcr/1.0" xmlns:dam="http://www.day.com/dam/1.0" xmlns:nt="http://www.jcp.org/jcr/nt/1.0" xmlns:mix="http://www.jcp.org/jcr/mix/1.0" xmlns:cq="http://www.day.com/jcr/cq/1.0"
    jcr:isCheckedOut="{Boolean}true"
    jcr:mixinTypes="[cq:contentFragment,mix:referenceable,mix:versionable]"
    jcr:primaryType="dam:Asset"
    jcr:uuid="25edc306-d212-45cf-8684-d1e2e3cf3d30">
    <jcr:content
        cq:isDelivered="{Boolean}false"
        cq:lastModified="{Date}2025-11-28T12:13:52.079Z"
        cq:lastModifiedBy="maripaul@eand.com"
        cq:lastReplicated="{Date}2025-12-12T11:08:37.533Z"
        cq:lastReplicated_publish="{Date}2025-12-12T11:08:37.533Z"
        cq:lastReplicatedBy="workflow-process-service"
        cq:lastReplicatedBy_publish="workflow-process-service"
        cq:lastReplicationAction="Activate"
        cq:lastReplicationAction_publish="Activate"
        cq:name="ms-dynamics-365"
        cq:parentPath="/content/dam/daas/cfm/header/mega-menu/productivity"
        jcr:lastModified="{Date}2025-03-11T22:36:02.555Z"
        jcr:lastModifiedBy="suvenkatachalam@eand.com"
        jcr:mixinTypes="[cq:ReplicationStatus,cq:ReplicationStatus2]"
        jcr:primaryType="dam:AssetContent"
        jcr:title="MS Dynamics 365"
        contentFragment="{Boolean}true"
        lastFragmentSave="{Date}2025-03-11T22:36:02.555Z">
        <data
            cq:model="/conf/daas/settings/dam/cfm/models/business-menu-generic-link"
            jcr:primaryType="nt:unstructured"
            _strucVersion="{Long}1">
            <master
                jcr:mixinTypes="[cq:Taggable,dam:cfVariationNode]"
                jcr:primaryType="nt:unstructured"
                actionImage_x0040_LastModified="{Date}2023-10-21T19:26:11.706Z"
                ctaText_x0040_LastModified="{Date}2023-10-21T19:26:11.706Z"
                linkType_x0040_LastModified="{Date}2023-10-21T19:26:11.706Z"
                sameTabOrNewTab="_self"
                sameTabOrNewTab_x0040_LastModified="{Date}2023-10-21T19:26:29.571Z"
                subDescription_x0040_LastModified="{Date}2023-10-21T19:26:11.706Z"
                subHeading="MS Dynamics 365"
                subHeading_x0040_LastModified="{Date}2023-10-21T19:26:29.570Z"
                subLink="#"
                subLink_x0040_LastModified="{Date}2025-03-11T22:35:44.184Z"
                subLink_x0040_LastModifiedBy="suvenkatachalam@eand.com"/>
            <ar
                jcr:mixinTypes="[cq:Taggable,dam:cfVariationNode]"
                jcr:primaryType="nt:unstructured"
                _x0040_variationCreationDate="{Date}2023-10-21T19:26:34.838Z"
                actionImage_x0040_LastModified="{Date}2023-10-21T19:26:34.840Z"
                ctaText_x0040_LastModified="{Date}2023-10-21T19:26:34.839Z"
                linkType_x0040_LastModified="{Date}2023-10-21T19:26:34.839Z"
                sameTabOrNewTab="_self"
                sameTabOrNewTab_x0040_LastModified="{Date}2023-10-21T19:26:34.840Z"
                subDescription_x0040_LastModified="{Date}2023-10-21T19:26:34.839Z"
                subHeading="MS Dynamics 365"
                subHeading_x0040_LastModified="{Date}2023-10-21T19:26:34.839Z"
                subLink="#"
                subLink_x0040_LastModified="{Date}2025-03-11T22:36:02.337Z"
                subLink_x0040_LastModifiedBy="suvenkatachalam@eand.com"/>
        </data>
        <indexedData jcr:primaryType="nt:unstructured">
            <master
                jcr:mixinTypes="[dam:IndexedFragmentData]"
                jcr:primaryType="nt:unstructured"
                jcr:uuid="e873f634-b43b-40c1-ac6a-29db0d8c811d"
                _x0040_string_x0040_model="/conf/daas/settings/dam/cfm/models/business-menu-generic-link"
                _x0040_stringArray_x0040_variations="[ar]"
                string_x0040_sameTabOrNewTab="_self"
                string_x0040_subHeading="MS Dynamics 365"
                string_x0040_subLink="#"/>
            <ar
                jcr:mixinTypes="[dam:IndexedFragmentData]"
                jcr:primaryType="nt:unstructured"
                jcr:uuid="52b39507-acc6-4535-8ab5-59524639c6ea"
                _x0040_string_x0040_model="/conf/daas/settings/dam/cfm/models/business-menu-generic-link"
                string_x0040_sameTabOrNewTab="_self"
                string_x0040_subHeading="MS Dynamics 365"
                string_x0040_subLink="#"/>
        </indexedData>
        <metadata
            jcr:mixinTypes="[cq:Taggable]"
            jcr:primaryType="nt:unstructured">
            <dam:cfVariations jcr:primaryType="nt:unstructured">
                <ar
                    jcr:mixinTypes="[cq:Taggable]"
                    jcr:primaryType="nt:unstructured"/>
            </dam:cfVariations>
        </metadata>
        <model jcr:primaryType="nt:unstructured">
            <variations jcr:primaryType="nt:unstructured">
                <ar
                    jcr:description="\0"
                    jcr:mixinTypes="[cq:Taggable]"
                    jcr:primaryType="nt:unstructured"
                    jcr:title="Ar"
                    name="ar">
                    <properties
                        jcr:primaryType="nt:unstructured"
                        synchronizeWithVersion="[subHeading:51397c5b-a181-43d2-8ac4-c0ed3dea0151,subDescription:51397c5b-a181-43d2-8ac4-c0ed3dea0151,linkType:51397c5b-a181-43d2-8ac4-c0ed3dea0151,ctaText:51397c5b-a181-43d2-8ac4-c0ed3dea0151,subLink:51397c5b-a181-43d2-8ac4-c0ed3dea0151,sameTabOrNewTab:51397c5b-a181-43d2-8ac4-c0ed3dea0151,actionImage:51397c5b-a181-43d2-8ac4-c0ed3dea0151]"/>
                </ar>
            </variations>
        </model>
        <related jcr:primaryType="nt:unstructured"/>
    </jcr:content>
</jcr:root>
