<?xml version="1.0" encoding="UTF-8"?>
<jcr:root xmlns:jcr="http://www.jcp.org/jcr/1.0" xmlns:dam="http://www.day.com/dam/1.0" xmlns:nt="http://www.jcp.org/jcr/nt/1.0" xmlns:mix="http://www.jcp.org/jcr/mix/1.0" xmlns:cq="http://www.day.com/jcr/cq/1.0"
    jcr:isCheckedOut="{Boolean}true"
    jcr:mixinTypes="[cq:contentFragment,mix:referenceable,mix:versionable]"
    jcr:primaryType="dam:Asset"
    jcr:uuid="c08812f1-a537-4468-b8a7-5c7e6c683dd3">
    <jcr:content
        cq:isDelivered="{Boolean}false"
        cq:lastModified="{Date}2025-11-28T12:13:51.254Z"
        cq:lastModifiedBy="maripaul@eand.com"
        cq:lastReplicated="{Date}2025-12-12T11:08:27.477Z"
        cq:lastReplicated_publish="{Date}2025-12-12T11:08:27.477Z"
        cq:lastReplicatedBy="workflow-process-service"
        cq:lastReplicatedBy_publish="workflow-process-service"
        cq:lastReplicationAction="Activate"
        cq:lastReplicationAction_publish="Activate"
        cq:name="premium-plans"
        cq:parentPath="/content/dam/daas/cfm/header/mega-menu/mobile"
        jcr:lastModified="{Date}2025-03-11T09:15:34.023Z"
        jcr:lastModifiedBy="suvenkatachalam@eand.com"
        jcr:mixinTypes="[cq:ReplicationStatus,cq:ReplicationStatus2]"
        jcr:primaryType="dam:AssetContent"
        jcr:title="Premium Plans"
        contentFragment="{Boolean}true"
        lastFragmentSave="{Date}2025-03-11T09:15:34.023Z">
        <data
            cq:model="/conf/daas/settings/dam/cfm/models/business-menu-generic-link"
            jcr:primaryType="nt:unstructured"
            _strucVersion="{Long}1">
            <master
                jcr:mixinTypes="[cq:Taggable,dam:cfVariationNode]"
                jcr:primaryType="nt:unstructured"
                actionImage_x0040_LastModified="{Date}2023-10-21T16:52:27.526Z"
                ctaText_x0040_LastModified="{Date}2023-10-21T16:52:27.526Z"
                linkType_x0040_LastModified="{Date}2023-10-21T16:52:27.526Z"
                sameTabOrNewTab="_self"
                sameTabOrNewTab_x0040_LastModified="{Date}2023-10-21T16:53:44.008Z"
                subDescription_x0040_LastModified="{Date}2023-10-21T16:52:27.526Z"
                subHeading="Premium Plans"
                subHeading_x0040_LastModified="{Date}2025-03-11T09:14:54.978Z"
                subHeading_x0040_LastModifiedBy="suvenkatachalam@eand.com"
                subLink="#"
                subLink_x0040_LastModified="{Date}2025-03-11T09:14:54.980Z"
                subLink_x0040_LastModifiedBy="suvenkatachalam@eand.com"/>
            <ar
                jcr:mixinTypes="[cq:Taggable,dam:cfVariationNode]"
                jcr:primaryType="nt:unstructured"
                _x0040_variationCreationDate="{Date}2023-10-21T16:53:50.920Z"
                actionImage_x0040_LastModified="{Date}2023-10-21T16:53:50.922Z"
                ctaText_x0040_LastModified="{Date}2023-10-21T16:53:50.921Z"
                linkType_x0040_LastModified="{Date}2023-10-21T16:53:50.921Z"
                sameTabOrNewTab="_self"
                sameTabOrNewTab_x0040_LastModified="{Date}2023-10-21T16:53:50.922Z"
                subDescription_x0040_LastModified="{Date}2023-10-21T16:53:50.921Z"
                subHeading="الباقات المميزة"
                subHeading_x0040_LastModified="{Date}2025-03-11T09:15:21.710Z"
                subHeading_x0040_LastModifiedBy="suvenkatachalam@eand.com"
                subLink="#"
                subLink_x0040_LastModified="{Date}2025-03-11T09:15:21.712Z"
                subLink_x0040_LastModifiedBy="suvenkatachalam@eand.com"/>
        </data>
        <indexedData jcr:primaryType="nt:unstructured">
            <master
                jcr:mixinTypes="[dam:IndexedFragmentData]"
                jcr:primaryType="nt:unstructured"
                jcr:uuid="c5d3d6b2-bf2e-4a56-9055-4dcca7747cda"
                _x0040_string_x0040_model="/conf/daas/settings/dam/cfm/models/business-menu-generic-link"
                _x0040_stringArray_x0040_variations="[ar]"
                string_x0040_sameTabOrNewTab="_self"
                string_x0040_subHeading="Premium Plans"
                string_x0040_subLink="#"/>
            <ar
                jcr:mixinTypes="[dam:IndexedFragmentData]"
                jcr:primaryType="nt:unstructured"
                jcr:uuid="7dad2b32-eda7-4300-9c52-798558695115"
                _x0040_string_x0040_model="/conf/daas/settings/dam/cfm/models/business-menu-generic-link"
                string_x0040_sameTabOrNewTab="_self"
                string_x0040_subHeading="الباقات المميزة"
                string_x0040_subLink="#"/>
        </indexedData>
        <metadata
            jcr:mixinTypes="[cq:Taggable]"
            jcr:primaryType="nt:unstructured">
            <dam:cfVariations jcr:primaryType="nt:unstructured">
                <ar
                    jcr:mixinTypes="[cq:Taggable]"
                    jcr:primaryType="nt:unstructured"/>
            </dam:cfVariations>
        </metadata>
        <model jcr:primaryType="nt:unstructured">
            <variations jcr:primaryType="nt:unstructured">
                <ar
                    jcr:description="\0"
                    jcr:mixinTypes="[cq:Taggable]"
                    jcr:primaryType="nt:unstructured"
                    jcr:title="Ar"
                    name="ar">
                    <properties
                        jcr:primaryType="nt:unstructured"
                        synchronizeWithVersion="[subHeading:e108e2e4-3394-4fd5-ab09-08f714d5546c,subDescription:e108e2e4-3394-4fd5-ab09-08f714d5546c,linkType:e108e2e4-3394-4fd5-ab09-08f714d5546c,ctaText:e108e2e4-3394-4fd5-ab09-08f714d5546c,subLink:e108e2e4-3394-4fd5-ab09-08f714d5546c,sameTabOrNewTab:e108e2e4-3394-4fd5-ab09-08f714d5546c,actionImage:e108e2e4-3394-4fd5-ab09-08f714d5546c]"/>
                </ar>
            </variations>
        </model>
        <related jcr:primaryType="nt:unstructured"/>
    </jcr:content>
</jcr:root>
