<?xml version="1.0" encoding="UTF-8"?>
<jcr:root xmlns:jcr="http://www.jcp.org/jcr/1.0" xmlns:dam="http://www.day.com/dam/1.0" xmlns:nt="http://www.jcp.org/jcr/nt/1.0" xmlns:mix="http://www.jcp.org/jcr/mix/1.0" xmlns:cq="http://www.day.com/jcr/cq/1.0"
    jcr:isCheckedOut="{Boolean}true"
    jcr:mixinTypes="[cq:contentFragment,mix:referenceable,mix:versionable]"
    jcr:primaryType="dam:Asset"
    jcr:uuid="87072f83-c80c-4a84-9fb5-0d75c2d9a77a">
    <jcr:content
        cq:isDelivered="{Boolean}false"
        cq:lastModified="{Date}2025-11-28T15:48:23.757+05:30"
        cq:lastModifiedBy="admin"
        cq:lastReplicated="{Date}2025-12-12T11:11:25.622Z"
        cq:lastReplicated_publish="{Date}2025-12-12T11:11:25.622Z"
        cq:lastReplicatedBy="workflow-process-service"
        cq:lastReplicatedBy_publish="workflow-process-service"
        cq:lastReplicationAction="Activate"
        cq:lastReplicationAction_publish="Activate"
        cq:name="prime-business"
        cq:parentPath="/content/dam/daas/cfm/footer-quicklinks/quick-links"
        jcr:lastModified="{Date}2025-03-13T06:54:56.288Z"
        jcr:lastModifiedBy="suvenkatachalam@eand.com"
        jcr:mixinTypes="[cq:ReplicationStatus,cq:ReplicationStatus2]"
        jcr:primaryType="dam:AssetContent"
        jcr:title="Prime Business"
        contentFragment="{Boolean}true"
        lastFragmentSave="{Date}2025-03-13T06:54:56.288Z">
        <data
            cq:model="/conf/daas/settings/dam/cfm/models/business-menu-generic-link"
            jcr:primaryType="nt:unstructured"
            _strucVersion="{Long}1">
            <master
                jcr:mixinTypes="[cq:Taggable,dam:cfVariationNode]"
                jcr:primaryType="nt:unstructured"
                actionImage_x0040_LastModified="{Date}2023-10-22T08:34:23.667Z"
                ctaText_x0040_LastModified="{Date}2023-10-22T08:34:23.667Z"
                linkType_x0040_LastModified="{Date}2023-10-22T08:34:23.667Z"
                sameTabOrNewTab="_self"
                sameTabOrNewTab_x0040_LastModified="{Date}2023-10-22T08:34:58.135Z"
                subDescription_x0040_LastModified="{Date}2023-10-22T08:34:23.667Z"
                subHeading="Prime Business"
                subHeading_x0040_LastModified="{Date}2025-03-13T06:54:27.478Z"
                subHeading_x0040_LastModifiedBy="suvenkatachalam@eand.com"
                subLink="#"
                subLink_x0040_LastModified="{Date}2025-03-13T06:54:27.479Z"
                subLink_x0040_LastModifiedBy="suvenkatachalam@eand.com"/>
            <ar
                jcr:mixinTypes="[cq:Taggable,dam:cfVariationNode]"
                jcr:primaryType="nt:unstructured"
                _x0040_variationCreationDate="{Date}2023-10-22T08:35:03.813Z"
                actionImage_x0040_LastModified="{Date}2023-10-22T08:35:03.815Z"
                ctaText_x0040_LastModified="{Date}2023-10-22T08:35:03.814Z"
                linkType_x0040_LastModified="{Date}2023-10-22T08:35:03.814Z"
                sameTabOrNewTab="_self"
                sameTabOrNewTab_x0040_LastModified="{Date}2023-10-22T08:35:03.815Z"
                subDescription_x0040_LastModified="{Date}2023-10-22T08:35:03.814Z"
                subHeading="برنامج Prime Business"
                subHeading_x0040_LastModified="{Date}2025-03-13T06:54:56.026Z"
                subHeading_x0040_LastModifiedBy="suvenkatachalam@eand.com"
                subLink="#"
                subLink_x0040_LastModified="{Date}2025-03-13T06:54:56.027Z"
                subLink_x0040_LastModifiedBy="suvenkatachalam@eand.com"/>
        </data>
        <indexedData jcr:primaryType="nt:unstructured">
            <master
                jcr:mixinTypes="[dam:IndexedFragmentData]"
                jcr:primaryType="nt:unstructured"
                jcr:uuid="32376423-696b-4580-b6c5-5cd238e4ea53"
                _x0040_string_x0040_model="/conf/daas/settings/dam/cfm/models/business-menu-generic-link"
                _x0040_stringArray_x0040_variations="[ar]"
                string_x0040_sameTabOrNewTab="_self"
                string_x0040_subHeading="Prime Business"
                string_x0040_subLink="#"/>
            <ar
                jcr:mixinTypes="[dam:IndexedFragmentData]"
                jcr:primaryType="nt:unstructured"
                jcr:uuid="4db17000-51ec-4aeb-bafe-40dc6114953c"
                _x0040_string_x0040_model="/conf/daas/settings/dam/cfm/models/business-menu-generic-link"
                string_x0040_sameTabOrNewTab="_self"
                string_x0040_subHeading="برنامج Prime Business"
                string_x0040_subLink="#"/>
        </indexedData>
        <metadata
            jcr:mixinTypes="[cq:Taggable]"
            jcr:primaryType="nt:unstructured">
            <dam:cfVariations jcr:primaryType="nt:unstructured">
                <ar
                    jcr:mixinTypes="[cq:Taggable]"
                    jcr:primaryType="nt:unstructured"/>
            </dam:cfVariations>
        </metadata>
        <model jcr:primaryType="nt:unstructured">
            <variations jcr:primaryType="nt:unstructured">
                <ar
                    jcr:description="\0"
                    jcr:mixinTypes="[cq:Taggable]"
                    jcr:primaryType="nt:unstructured"
                    jcr:title="Ar"
                    name="ar">
                    <properties
                        jcr:primaryType="nt:unstructured"
                        synchronizeWithVersion="[subHeading:34391258-fd20-432a-a0ce-e178b9f21360,subDescription:34391258-fd20-432a-a0ce-e178b9f21360,linkType:34391258-fd20-432a-a0ce-e178b9f21360,ctaText:34391258-fd20-432a-a0ce-e178b9f21360,subLink:34391258-fd20-432a-a0ce-e178b9f21360,sameTabOrNewTab:34391258-fd20-432a-a0ce-e178b9f21360,actionImage:34391258-fd20-432a-a0ce-e178b9f21360]"/>
                </ar>
            </variations>
        </model>
        <related jcr:primaryType="nt:unstructured"/>
    </jcr:content>
</jcr:root>
