<?xml version="1.0" encoding="UTF-8"?>
<jcr:root xmlns:jcr="http://www.jcp.org/jcr/1.0" xmlns:dam="http://www.day.com/dam/1.0" xmlns:nt="http://www.jcp.org/jcr/nt/1.0" xmlns:mix="http://www.jcp.org/jcr/mix/1.0" xmlns:cq="http://www.day.com/jcr/cq/1.0"
    jcr:isCheckedOut="{Boolean}true"
    jcr:mixinTypes="[cq:contentFragment,mix:referenceable,mix:versionable]"
    jcr:primaryType="dam:Asset"
    jcr:uuid="414822a8-f19e-4921-bd67-0d13a0f61bfc">
    <jcr:content
        cq:isDelivered="{Boolean}false"
        cq:lastModified="{Date}2025-11-28T12:13:33.688Z"
        cq:lastModifiedBy="maripaul@eand.com"
        cq:lastReplicated="{Date}2025-12-12T11:08:37.533Z"
        cq:lastReplicated_publish="{Date}2025-12-12T11:08:37.533Z"
        cq:lastReplicatedBy="workflow-process-service"
        cq:lastReplicatedBy_publish="workflow-process-service"
        cq:lastReplicationAction="Activate"
        cq:lastReplicationAction_publish="Activate"
        cq:name="product-sub-sec-5"
        cq:parentPath="/content/dam/daas/cfm/header/top-navigation"
        jcr:lastModified="{Date}2025-03-11T21:35:54.298Z"
        jcr:lastModifiedBy="suvenkatachalam@eand.com"
        jcr:mixinTypes="[cq:ReplicationStatus,cq:ReplicationStatus2]"
        jcr:primaryType="dam:AssetContent"
        jcr:title="Product Sub Sec 5"
        contentFragment="{Boolean}true"
        lastFragmentSave="{Date}2025-03-11T21:35:54.298Z">
        <data
            cq:model="/conf/daas/settings/dam/cfm/models/business-mega-menu-sub-section"
            jcr:primaryType="nt:unstructured"
            _strucVersion="{Long}1">
            <master
                jcr:mixinTypes="[cq:Taggable,dam:cfVariationNode]"
                jcr:primaryType="nt:unstructured"
                menuHeading="AI Solutions"
                menuHeading_x0040_LastModified="{Date}2025-03-11T08:38:10.475Z"
                menuHeading_x0040_LastModifiedBy="suvenkatachalam@eand.com"
                menuSubSection="[/content/dam/daas/cfm/header/mega-menu/ai-solutions/legal,/content/dam/daas/cfm/header/mega-menu/ai-solutions/human-resources,/content/dam/daas/cfm/header/mega-menu/ai-solutions/marketing-sales,/content/dam/daas/cfm/header/mega-menu/ai-solutions/finance,/content/dam/daas/cfm/header/mega-menu/ai-solutions/procurement-supply]"
                menuSubSection_x0040_LastModified="{Date}2025-03-11T08:38:10.477Z"
                menuSubSection_x0040_LastModifiedBy="suvenkatachalam@eand.com"/>
            <ar
                jcr:mixinTypes="[cq:Taggable,dam:cfVariationNode]"
                jcr:primaryType="nt:unstructured"
                _x0040_variationCreationDate="{Date}2023-10-21T18:33:10.338Z"
                menuHeading="حلول الذكاء الاصطناعي"
                menuHeading_x0040_LastModified="{Date}2025-03-11T08:43:22.530Z"
                menuHeading_x0040_LastModifiedBy="suvenkatachalam@eand.com"
                menuSubSection="[/content/dam/daas/cfm/header/mega-menu/ai-solutions/legal,/content/dam/daas/cfm/header/mega-menu/ai-solutions/human-resources,/content/dam/daas/cfm/header/mega-menu/ai-solutions/marketing-sales,/content/dam/daas/cfm/header/mega-menu/ai-solutions/finance,/content/dam/daas/cfm/header/mega-menu/ai-solutions/procurement-supply]"
                menuSubSection_x0040_LastModified="{Date}2025-03-11T08:43:22.531Z"
                menuSubSection_x0040_LastModifiedBy="suvenkatachalam@eand.com"/>
        </data>
        <indexedData jcr:primaryType="nt:unstructured">
            <master
                jcr:mixinTypes="[dam:IndexedFragmentData]"
                jcr:primaryType="nt:unstructured"
                jcr:uuid="75196409-5cdf-4bd4-a03e-1e5e7acdd3c3"
                _x0040_string_x0040_model="/conf/daas/settings/dam/cfm/models/business-mega-menu-sub-section"
                _x0040_stringArray_x0040_variations="[ar]"
                string_x0040_menuHeading="AI Solutions"/>
            <ar
                jcr:mixinTypes="[dam:IndexedFragmentData]"
                jcr:primaryType="nt:unstructured"
                jcr:uuid="26293431-e9fc-46a7-af61-e2cd1c5de0fc"
                _x0040_string_x0040_model="/conf/daas/settings/dam/cfm/models/business-mega-menu-sub-section"
                string_x0040_menuHeading="حلول الذكاء الاصطناعي"/>
        </indexedData>
        <metadata
            jcr:mixinTypes="[cq:Taggable]"
            jcr:primaryType="nt:unstructured">
            <dam:cfVariations jcr:primaryType="nt:unstructured">
                <ar
                    jcr:mixinTypes="[cq:Taggable]"
                    jcr:primaryType="nt:unstructured"/>
            </dam:cfVariations>
        </metadata>
        <model jcr:primaryType="nt:unstructured">
            <variations jcr:primaryType="nt:unstructured">
                <ar
                    jcr:description="\0"
                    jcr:mixinTypes="[cq:Taggable]"
                    jcr:primaryType="nt:unstructured"
                    jcr:title="Ar"
                    name="ar">
                    <properties
                        jcr:primaryType="nt:unstructured"
                        synchronizeWithVersion="[menuHeading:ea879809-d8b3-439c-8fb2-ef703608566f,menuSubSection:ea879809-d8b3-439c-8fb2-ef703608566f]"/>
                </ar>
            </variations>
        </model>
        <related jcr:primaryType="nt:unstructured"/>
    </jcr:content>
</jcr:root>
