<?xml version="1.0" encoding="UTF-8"?>
<jcr:root xmlns:jcr="http://www.jcp.org/jcr/1.0" xmlns:dam="http://www.day.com/dam/1.0" xmlns:nt="http://www.jcp.org/jcr/nt/1.0" xmlns:mix="http://www.jcp.org/jcr/mix/1.0" xmlns:cq="http://www.day.com/jcr/cq/1.0"
    jcr:isCheckedOut="{Boolean}true"
    jcr:mixinTypes="[cq:contentFragment,mix:referenceable,mix:versionable]"
    jcr:primaryType="dam:Asset"
    jcr:uuid="8044661c-1e7c-48c3-ad8b-4e275dd3246e">
    <jcr:content
        cq:isDelivered="{Boolean}false"
        cq:lastModified="{Date}2025-11-28T12:13:45.080Z"
        cq:lastModifiedBy="maripaul@eand.com"
        cq:lastReplicated="{Date}2025-12-12T11:08:27.477Z"
        cq:lastReplicated_publish="{Date}2025-12-12T11:08:27.477Z"
        cq:lastReplicatedBy="workflow-process-service"
        cq:lastReplicatedBy_publish="workflow-process-service"
        cq:lastReplicationAction="Activate"
        cq:lastReplicationAction_publish="Activate"
        cq:name="cctv"
        cq:parentPath="/content/dam/daas/cfm/header/mega-menu"
        jcr:lastModified="{Date}2025-03-11T09:52:08.037Z"
        jcr:lastModifiedBy="suvenkatachalam@eand.com"
        jcr:mixinTypes="[cq:ReplicationStatus,cq:ReplicationStatus2]"
        jcr:primaryType="dam:AssetContent"
        jcr:title="CCTV"
        contentFragment="{Boolean}true"
        lastFragmentSave="{Date}2025-03-11T09:52:08.037Z">
        <data
            cq:model="/conf/daas/settings/dam/cfm/models/business-menu-generic-link"
            jcr:primaryType="nt:unstructured"
            _strucVersion="{Long}1">
            <master
                jcr:mixinTypes="[cq:Taggable,dam:cfVariationNode]"
                jcr:primaryType="nt:unstructured"
                actionImage_x0040_LastModified="{Date}2023-10-21T17:53:26.942Z"
                ctaText_x0040_LastModified="{Date}2023-10-21T17:53:26.942Z"
                linkType_x0040_LastModified="{Date}2023-10-21T17:53:26.942Z"
                sameTabOrNewTab="_self"
                sameTabOrNewTab_x0040_LastModified="{Date}2023-10-21T17:53:54.754Z"
                subDescription_x0040_LastModified="{Date}2023-10-21T17:53:26.942Z"
                subHeading="CCTV"
                subHeading_x0040_LastModified="{Date}2023-10-21T17:53:54.752Z"
                subLink="#"
                subLink_x0040_LastModified="{Date}2023-10-21T17:53:54.753Z"/>
            <ar
                jcr:mixinTypes="[cq:Taggable,dam:cfVariationNode]"
                jcr:primaryType="nt:unstructured"
                _x0040_variationCreationDate="{Date}2023-10-21T17:54:01.286Z"
                actionImage_x0040_LastModified="{Date}2023-10-21T17:54:01.289Z"
                ctaText_x0040_LastModified="{Date}2023-10-21T17:54:01.288Z"
                linkType_x0040_LastModified="{Date}2023-10-21T17:54:01.288Z"
                sameTabOrNewTab="_self"
                sameTabOrNewTab_x0040_LastModified="{Date}2023-10-21T17:54:01.289Z"
                subDescription_x0040_LastModified="{Date}2023-10-21T17:54:01.288Z"
                subHeading="كاميرات المراقبة"
                subHeading_x0040_LastModified="{Date}2023-10-21T17:54:18.733Z"
                subLink="#"
                subLink_x0040_LastModified="{Date}2023-10-21T17:54:18.733Z"/>
        </data>
        <indexedData jcr:primaryType="nt:unstructured">
            <master
                jcr:mixinTypes="[dam:IndexedFragmentData]"
                jcr:primaryType="nt:unstructured"
                jcr:uuid="05ee4d6e-ff07-476d-9ffa-ce981c74af2c"
                _x0040_string_x0040_model="/conf/daas/settings/dam/cfm/models/business-menu-generic-link"
                _x0040_stringArray_x0040_variations="[ar]"
                string_x0040_sameTabOrNewTab="_self"
                string_x0040_subHeading="CCTV"
                string_x0040_subLink="#"/>
            <ar
                jcr:mixinTypes="[dam:IndexedFragmentData]"
                jcr:primaryType="nt:unstructured"
                jcr:uuid="f58f5075-432f-477d-b68d-32909c62aa3e"
                _x0040_string_x0040_model="/conf/daas/settings/dam/cfm/models/business-menu-generic-link"
                string_x0040_sameTabOrNewTab="_self"
                string_x0040_subHeading="كاميرات المراقبة"
                string_x0040_subLink="#"/>
        </indexedData>
        <metadata
            jcr:mixinTypes="[cq:Taggable]"
            jcr:primaryType="nt:unstructured">
            <dam:cfVariations jcr:primaryType="nt:unstructured">
                <ar
                    jcr:mixinTypes="[cq:Taggable]"
                    jcr:primaryType="nt:unstructured"/>
            </dam:cfVariations>
        </metadata>
        <model jcr:primaryType="nt:unstructured">
            <variations jcr:primaryType="nt:unstructured">
                <ar
                    jcr:description="\0"
                    jcr:mixinTypes="[cq:Taggable]"
                    jcr:primaryType="nt:unstructured"
                    jcr:title="Ar"
                    name="ar">
                    <properties
                        jcr:primaryType="nt:unstructured"
                        synchronizeWithVersion="[subHeading:a15c7c1e-9030-4150-b87f-6d4b0cea0dd8,subDescription:a15c7c1e-9030-4150-b87f-6d4b0cea0dd8,linkType:a15c7c1e-9030-4150-b87f-6d4b0cea0dd8,ctaText:a15c7c1e-9030-4150-b87f-6d4b0cea0dd8,subLink:a15c7c1e-9030-4150-b87f-6d4b0cea0dd8,sameTabOrNewTab:a15c7c1e-9030-4150-b87f-6d4b0cea0dd8,actionImage:a15c7c1e-9030-4150-b87f-6d4b0cea0dd8]"/>
                </ar>
            </variations>
        </model>
        <related jcr:primaryType="nt:unstructured"/>
    </jcr:content>
</jcr:root>
