<?xml version="1.0" encoding="UTF-8"?>
<jcr:root xmlns:jcr="http://www.jcp.org/jcr/1.0" xmlns:dam="http://www.day.com/dam/1.0" xmlns:nt="http://www.jcp.org/jcr/nt/1.0" xmlns:mix="http://www.jcp.org/jcr/mix/1.0" xmlns:cq="http://www.day.com/jcr/cq/1.0"
    jcr:isCheckedOut="{Boolean}true"
    jcr:mixinTypes="[cq:contentFragment,mix:referenceable,mix:versionable]"
    jcr:primaryType="dam:Asset"
    jcr:uuid="1169c1d0-249e-495b-8b8f-3bb0cb6e6169">
    <jcr:content
        cq:isDelivered="{Boolean}false"
        cq:lastModified="{Date}2025-11-28T12:13:50.419Z"
        cq:lastModifiedBy="maripaul@eand.com"
        cq:lastReplicated="{Date}2025-12-12T11:08:27.477Z"
        cq:lastReplicated_publish="{Date}2025-12-12T11:08:27.477Z"
        cq:lastReplicatedBy="workflow-process-service"
        cq:lastReplicatedBy_publish="workflow-process-service"
        cq:lastReplicationAction="Activate"
        cq:lastReplicationAction_publish="Activate"
        cq:name="time-tracking"
        cq:parentPath="/content/dam/daas/cfm/header/mega-menu/hr"
        jcr:lastModified="{Date}2025-03-11T22:46:09.820Z"
        jcr:lastModifiedBy="suvenkatachalam@eand.com"
        jcr:mixinTypes="[cq:ReplicationStatus,cq:ReplicationStatus2]"
        jcr:primaryType="dam:AssetContent"
        jcr:title="Time Tracking"
        contentFragment="{Boolean}true"
        lastFragmentSave="{Date}2025-03-11T22:46:09.820Z">
        <data
            cq:model="/conf/daas/settings/dam/cfm/models/business-menu-generic-link"
            jcr:primaryType="nt:unstructured"
            _strucVersion="{Long}1">
            <master
                jcr:mixinTypes="[cq:Taggable,dam:cfVariationNode]"
                jcr:primaryType="nt:unstructured"
                actionImage_x0040_LastModified="{Date}2023-10-21T19:30:42.781Z"
                ctaText_x0040_LastModified="{Date}2023-10-21T19:30:42.781Z"
                linkType_x0040_LastModified="{Date}2023-10-21T19:30:42.781Z"
                sameTabOrNewTab="_self"
                sameTabOrNewTab_x0040_LastModified="{Date}2023-10-21T19:31:06.234Z"
                subDescription_x0040_LastModified="{Date}2023-10-21T19:30:42.781Z"
                subHeading="Time Tracking"
                subHeading_x0040_LastModified="{Date}2023-10-21T19:31:06.234Z"
                subLink="#?##1"
                subLink_x0040_LastModified="{Date}2025-03-11T22:45:44.390Z"
                subLink_x0040_LastModifiedBy="suvenkatachalam@eand.com"/>
            <ar
                jcr:mixinTypes="[cq:Taggable,dam:cfVariationNode]"
                jcr:primaryType="nt:unstructured"
                _x0040_variationCreationDate="{Date}2023-10-21T19:31:10.985Z"
                actionImage_x0040_LastModified="{Date}2023-10-21T19:31:10.987Z"
                ctaText_x0040_LastModified="{Date}2023-10-21T19:31:10.987Z"
                linkType_x0040_LastModified="{Date}2023-10-21T19:31:10.986Z"
                sameTabOrNewTab="_self"
                sameTabOrNewTab_x0040_LastModified="{Date}2023-10-21T19:31:10.987Z"
                subDescription_x0040_LastModified="{Date}2023-10-21T19:31:10.986Z"
                subHeading="تتبع الوقت"
                subHeading_x0040_LastModified="{Date}2023-10-21T19:31:26.097Z"
                subLink="#?##1"
                subLink_x0040_LastModified="{Date}2025-03-11T22:46:09.623Z"
                subLink_x0040_LastModifiedBy="suvenkatachalam@eand.com"/>
        </data>
        <indexedData jcr:primaryType="nt:unstructured">
            <master
                jcr:mixinTypes="[dam:IndexedFragmentData]"
                jcr:primaryType="nt:unstructured"
                jcr:uuid="3d232a9e-0e4f-442f-b8f9-e83ba8d0ff04"
                _x0040_string_x0040_model="/conf/daas/settings/dam/cfm/models/business-menu-generic-link"
                _x0040_stringArray_x0040_variations="[ar]"
                string_x0040_sameTabOrNewTab="_self"
                string_x0040_subHeading="Time Tracking"
                string_x0040_subLink="#?##1"/>
            <ar
                jcr:mixinTypes="[dam:IndexedFragmentData]"
                jcr:primaryType="nt:unstructured"
                jcr:uuid="6a2a46f6-3373-458a-ba2e-69361d8544d5"
                _x0040_string_x0040_model="/conf/daas/settings/dam/cfm/models/business-menu-generic-link"
                string_x0040_sameTabOrNewTab="_self"
                string_x0040_subHeading="تتبع الوقت"
                string_x0040_subLink="#?##1"/>
        </indexedData>
        <metadata
            jcr:mixinTypes="[cq:Taggable]"
            jcr:primaryType="nt:unstructured">
            <dam:cfVariations jcr:primaryType="nt:unstructured">
                <ar
                    jcr:mixinTypes="[cq:Taggable]"
                    jcr:primaryType="nt:unstructured"/>
            </dam:cfVariations>
        </metadata>
        <model jcr:primaryType="nt:unstructured">
            <variations jcr:primaryType="nt:unstructured">
                <ar
                    jcr:description="\0"
                    jcr:mixinTypes="[cq:Taggable]"
                    jcr:primaryType="nt:unstructured"
                    jcr:title="Ar"
                    name="ar">
                    <properties
                        jcr:primaryType="nt:unstructured"
                        synchronizeWithVersion="[subHeading:3cfbfabf-1fa8-4acd-b51e-11b19ba5e0fd,subDescription:3cfbfabf-1fa8-4acd-b51e-11b19ba5e0fd,linkType:3cfbfabf-1fa8-4acd-b51e-11b19ba5e0fd,ctaText:3cfbfabf-1fa8-4acd-b51e-11b19ba5e0fd,subLink:3cfbfabf-1fa8-4acd-b51e-11b19ba5e0fd,sameTabOrNewTab:3cfbfabf-1fa8-4acd-b51e-11b19ba5e0fd,actionImage:3cfbfabf-1fa8-4acd-b51e-11b19ba5e0fd]"/>
                </ar>
            </variations>
        </model>
        <related jcr:primaryType="nt:unstructured"/>
    </jcr:content>
</jcr:root>
