<?xml version="1.0" encoding="UTF-8"?>
<jcr:root xmlns:jcr="http://www.jcp.org/jcr/1.0" xmlns:sling="http://sling.apache.org/jcr/sling/1.0" xmlns:cq="http://www.day.com/jcr/cq/1.0"
    jcr:description="\0"
    jcr:primaryType="cq:Tag"
    jcr:title="BG Color"
    sling:resourceType="cq/tagging/components/tag">
    <white/>
    <black/>
    <grey/>
    <beige/>
    <red/>
    <purple/>
    <brown/>
    <green/>
    <light-green/>
    <teal/>
    <yellow/>
    <light-yellow/>
    <transparent/>
    <sand-white/>
    <light-gray/>
    <eand-background-01/>
    <eand-background-02/>
    <eand-background-03/>
    <black-and-grey/>
    <grey-and-white/>
</jcr:root>
