<?xml version="1.0" encoding="UTF-8"?>
<jcr:root xmlns:jcr="http://www.jcp.org/jcr/1.0" xmlns:dam="http://www.day.com/dam/1.0" xmlns:nt="http://www.jcp.org/jcr/nt/1.0" xmlns:mix="http://www.jcp.org/jcr/mix/1.0" xmlns:cq="http://www.day.com/jcr/cq/1.0"
    jcr:isCheckedOut="{Boolean}true"
    jcr:mixinTypes="[cq:contentFragment,mix:referenceable,mix:versionable]"
    jcr:primaryType="dam:Asset"
    jcr:uuid="6d796a14-9cdd-4500-b18f-4b4b510caaa6">
    <jcr:content
        cq:isDelivered="{Boolean}false"
        cq:lastModified="{Date}2025-11-28T12:13:49.760Z"
        cq:lastModifiedBy="maripaul@eand.com"
        cq:lastReplicated="{Date}2025-12-12T11:08:27.477Z"
        cq:lastReplicated_publish="{Date}2025-12-12T11:08:27.477Z"
        cq:lastReplicatedBy="workflow-process-service"
        cq:lastReplicatedBy_publish="workflow-process-service"
        cq:lastReplicationAction="Activate"
        cq:lastReplicationAction_publish="Activate"
        cq:name="toll-free"
        cq:parentPath="/content/dam/daas/cfm/header/mega-menu"
        jcr:lastModified="{Date}2025-03-11T09:42:06.828Z"
        jcr:lastModifiedBy="suvenkatachalam@eand.com"
        jcr:mixinTypes="[cq:ReplicationStatus,cq:ReplicationStatus2]"
        jcr:primaryType="dam:AssetContent"
        jcr:title="Toll Free"
        contentFragment="{Boolean}true"
        lastFragmentSave="{Date}2025-03-11T09:42:06.828Z">
        <data
            cq:model="/conf/daas/settings/dam/cfm/models/business-menu-generic-link"
            jcr:primaryType="nt:unstructured"
            _strucVersion="{Long}1">
            <master
                jcr:mixinTypes="[cq:Taggable,dam:cfVariationNode]"
                jcr:primaryType="nt:unstructured"
                actionImage_x0040_LastModified="{Date}2023-10-21T17:24:04.091Z"
                ctaText_x0040_LastModified="{Date}2023-10-21T17:24:04.091Z"
                linkType_x0040_LastModified="{Date}2023-10-21T17:24:04.091Z"
                sameTabOrNewTab="_self"
                sameTabOrNewTab_x0040_LastModified="{Date}2023-10-21T17:24:32.995Z"
                subDescription_x0040_LastModified="{Date}2023-10-21T17:24:04.091Z"
                subHeading="Toll Free"
                subHeading_x0040_LastModified="{Date}2023-10-21T17:24:32.994Z"
                subLink="#"
                subLink_x0040_LastModified="{Date}2023-10-21T17:24:32.994Z"/>
            <ar
                jcr:mixinTypes="[cq:Taggable,dam:cfVariationNode]"
                jcr:primaryType="nt:unstructured"
                _x0040_variationCreationDate="{Date}2023-10-21T17:24:38.794Z"
                actionImage_x0040_LastModified="{Date}2023-10-21T17:24:38.796Z"
                ctaText_x0040_LastModified="{Date}2023-10-21T17:24:38.795Z"
                linkType_x0040_LastModified="{Date}2023-10-21T17:24:38.795Z"
                sameTabOrNewTab="_self"
                sameTabOrNewTab_x0040_LastModified="{Date}2023-10-21T17:24:38.796Z"
                subDescription_x0040_LastModified="{Date}2023-10-21T17:24:38.795Z"
                subHeading="الرقم المجاني"
                subHeading_x0040_LastModified="{Date}2023-10-21T17:24:59.435Z"
                subLink="#"
                subLink_x0040_LastModified="{Date}2023-10-21T17:24:59.436Z"/>
        </data>
        <indexedData jcr:primaryType="nt:unstructured">
            <master
                jcr:mixinTypes="[dam:IndexedFragmentData]"
                jcr:primaryType="nt:unstructured"
                jcr:uuid="f5ebd047-26dc-4153-8754-32a182492e41"
                _x0040_string_x0040_model="/conf/daas/settings/dam/cfm/models/business-menu-generic-link"
                _x0040_stringArray_x0040_variations="[ar]"
                string_x0040_sameTabOrNewTab="_self"
                string_x0040_subHeading="Toll Free"
                string_x0040_subLink="#"/>
            <ar
                jcr:mixinTypes="[dam:IndexedFragmentData]"
                jcr:primaryType="nt:unstructured"
                jcr:uuid="8cbea271-c9df-4ed8-87ca-6d58f6e0ccd8"
                _x0040_string_x0040_model="/conf/daas/settings/dam/cfm/models/business-menu-generic-link"
                string_x0040_sameTabOrNewTab="_self"
                string_x0040_subHeading="الرقم المجاني"
                string_x0040_subLink="#"/>
        </indexedData>
        <metadata
            jcr:mixinTypes="[cq:Taggable]"
            jcr:primaryType="nt:unstructured">
            <dam:cfVariations jcr:primaryType="nt:unstructured">
                <ar
                    jcr:mixinTypes="[cq:Taggable]"
                    jcr:primaryType="nt:unstructured"/>
            </dam:cfVariations>
        </metadata>
        <model jcr:primaryType="nt:unstructured">
            <variations jcr:primaryType="nt:unstructured">
                <ar
                    jcr:description="\0"
                    jcr:mixinTypes="[cq:Taggable]"
                    jcr:primaryType="nt:unstructured"
                    jcr:title="Ar"
                    name="ar">
                    <properties
                        jcr:primaryType="nt:unstructured"
                        synchronizeWithVersion="[subHeading:ae7e310d-e2d5-43e4-8473-2d482a2076c6,subDescription:ae7e310d-e2d5-43e4-8473-2d482a2076c6,linkType:ae7e310d-e2d5-43e4-8473-2d482a2076c6,ctaText:ae7e310d-e2d5-43e4-8473-2d482a2076c6,subLink:ae7e310d-e2d5-43e4-8473-2d482a2076c6,sameTabOrNewTab:ae7e310d-e2d5-43e4-8473-2d482a2076c6,actionImage:ae7e310d-e2d5-43e4-8473-2d482a2076c6]"/>
                </ar>
            </variations>
        </model>
        <related jcr:primaryType="nt:unstructured"/>
    </jcr:content>
</jcr:root>
