<?xml version="1.0" encoding="UTF-8"?>
<jcr:root xmlns:jcr="http://www.jcp.org/jcr/1.0" xmlns:dam="http://www.day.com/dam/1.0" xmlns:nt="http://www.jcp.org/jcr/nt/1.0" xmlns:mix="http://www.jcp.org/jcr/mix/1.0" xmlns:cq="http://www.day.com/jcr/cq/1.0"
    jcr:isCheckedOut="{Boolean}true"
    jcr:mixinTypes="[mix:referenceable,mix:versionable]"
    jcr:primaryType="dam:Asset"
    jcr:uuid="2a670232-19cf-4f80-a48f-f73f86d21018">
    <jcr:content
        cq:isDelivered="{Boolean}false"
        cq:lastModified="{Date}2025-11-28T15:48:23.838+05:30"
        cq:lastModifiedBy="admin"
        cq:lastReplicationAction_publish="Activate"
        cq:name="business-app-store"
        cq:parentPath="/content/dam/daas/cfm/footer-quicklinks/quick-links"
        jcr:lastModified="{Date}2023-10-22T09:18:27.453Z"
        jcr:lastModifiedBy="azaraheem@etisalat.ae"
        jcr:mixinTypes="[cq:ReplicationStatus,cq:ReplicationStatus2]"
        jcr:primaryType="dam:AssetContent"
        jcr:title="Business App Store"
        contentFragment="{Boolean}true"
        lastFragmentSave="{Date}2023-10-22T09:18:27.453Z">
        <data
            cq:model="/conf/daas/settings/dam/cfm/models/business-menu-generic-link"
            jcr:primaryType="nt:unstructured"
            _strucVersion="{Long}1">
            <master
                jcr:mixinTypes="[cq:Taggable,dam:cfVariationNode]"
                jcr:primaryType="nt:unstructured"
                actionImage_x0040_LastModified="{Date}2023-10-22T09:16:39.179Z"
                ctaText_x0040_LastModified="{Date}2023-10-22T09:16:39.179Z"
                linkType_x0040_LastModified="{Date}2023-10-22T09:16:39.179Z"
                sameTabOrNewTab="_self"
                sameTabOrNewTab_x0040_LastModified="{Date}2023-10-22T09:16:58.017Z"
                subDescription_x0040_LastModified="{Date}2023-10-22T09:16:39.179Z"
                subHeading="Business App Store"
                subHeading_x0040_LastModified="{Date}2023-10-22T09:16:58.016Z"
                subLink="/en/smb/marketplace.html"
                subLink_x0040_LastModified="{Date}2023-10-22T09:16:58.016Z"/>
            <ar
                jcr:mixinTypes="[cq:Taggable,dam:cfVariationNode]"
                jcr:primaryType="nt:unstructured"
                _x0040_variationCreationDate="{Date}2023-10-22T09:17:03.202Z"
                actionImage_x0040_LastModified="{Date}2023-10-22T09:17:03.205Z"
                ctaText_x0040_LastModified="{Date}2023-10-22T09:17:03.204Z"
                linkType_x0040_LastModified="{Date}2023-10-22T09:17:03.204Z"
                sameTabOrNewTab="_self"
                sameTabOrNewTab_x0040_LastModified="{Date}2023-10-22T09:17:03.204Z"
                subDescription_x0040_LastModified="{Date}2023-10-22T09:17:03.204Z"
                subHeading="متجر تطبيقات الأعمال"
                subHeading_x0040_LastModified="{Date}2023-10-22T09:18:27.234Z"
                subLink="/ar/smb/business-mobile-app.html"
                subLink_x0040_LastModified="{Date}2023-10-22T09:18:27.234Z"/>
        </data>
        <indexedData jcr:primaryType="nt:unstructured">
            <master
                jcr:mixinTypes="[dam:IndexedFragmentData]"
                jcr:primaryType="nt:unstructured"
                jcr:uuid="9763eb61-ba37-466f-a8ae-fab2308e674b"
                _x0040_string_x0040_model="/conf/daas/settings/dam/cfm/models/business-menu-generic-link"
                _x0040_stringArray_x0040_variations="[ar]"
                string_x0040_sameTabOrNewTab="_self"
                string_x0040_subHeading="Business App Store"
                string_x0040_subLink="/en/smb/marketplace.html"/>
            <ar
                jcr:mixinTypes="[dam:IndexedFragmentData]"
                jcr:primaryType="nt:unstructured"
                jcr:uuid="8c62f9dc-9c04-4334-aa01-6d56c8ad5886"
                _x0040_string_x0040_model="/conf/daas/settings/dam/cfm/models/business-menu-generic-link"
                string_x0040_sameTabOrNewTab="_self"
                string_x0040_subHeading="متجر تطبيقات الأعمال"
                string_x0040_subLink="/ar/smb/business-mobile-app.html"/>
        </indexedData>
        <metadata
            jcr:mixinTypes="[cq:Taggable]"
            jcr:primaryType="nt:unstructured"/>
        <model jcr:primaryType="nt:unstructured">
            <variations jcr:primaryType="nt:unstructured">
                <ar
                    jcr:description="\0"
                    jcr:mixinTypes="[cq:Taggable]"
                    jcr:primaryType="nt:unstructured"
                    jcr:title="Ar"
                    name="ar">
                    <properties
                        jcr:primaryType="nt:unstructured"
                        synchronizeWithVersion="[subHeading:1101775b-4a70-412c-9783-2f48918a4dd4,subDescription:1101775b-4a70-412c-9783-2f48918a4dd4,linkType:1101775b-4a70-412c-9783-2f48918a4dd4,ctaText:1101775b-4a70-412c-9783-2f48918a4dd4,subLink:1101775b-4a70-412c-9783-2f48918a4dd4,sameTabOrNewTab:1101775b-4a70-412c-9783-2f48918a4dd4,actionImage:1101775b-4a70-412c-9783-2f48918a4dd4]"/>
                </ar>
            </variations>
        </model>
        <related jcr:primaryType="nt:unstructured"/>
    </jcr:content>
</jcr:root>
