<?xml version="1.0" encoding="UTF-8"?>
<jcr:root xmlns:jcr="http://www.jcp.org/jcr/1.0" xmlns:dam="http://www.day.com/dam/1.0" xmlns:nt="http://www.jcp.org/jcr/nt/1.0" xmlns:mix="http://www.jcp.org/jcr/mix/1.0" xmlns:cq="http://www.day.com/jcr/cq/1.0"
    jcr:isCheckedOut="{Boolean}true"
    jcr:mixinTypes="[cq:contentFragment,mix:referenceable,mix:versionable]"
    jcr:primaryType="dam:Asset"
    jcr:uuid="10e9b5bd-cf98-4355-a8e5-94511031720b">
    <jcr:content
        cq:isDelivered="{Boolean}false"
        cq:lastModified="{Date}2025-11-28T15:48:24.061+05:30"
        cq:lastModifiedBy="admin"
        cq:lastReplicated="{Date}2025-12-12T11:19:38.624Z"
        cq:lastReplicated_publish="{Date}2025-12-12T11:19:38.624Z"
        cq:lastReplicatedBy="amaidheen@eand.com"
        cq:lastReplicatedBy_publish="amaidheen@eand.com"
        cq:lastReplicationAction="Activate"
        cq:lastReplicationAction_publish="Activate"
        cq:name="eand-tenders"
        cq:parentPath="/content/dam/daas/cfm/footer-quicklinks/bottom"
        jcr:lastModified="{Date}2025-12-12T11:19:28.014Z"
        jcr:lastModifiedBy="amaidheen@eand.com"
        jcr:mixinTypes="[cq:ReplicationStatus,cq:ReplicationStatus2]"
        jcr:primaryType="dam:AssetContent"
        jcr:title="e&amp;-Tenders"
        contentFragment="{Boolean}true"
        lastFragmentSave="{Date}2024-09-24T10:47:56.245Z">
        <data
            cq:model="/conf/daas/settings/dam/cfm/models/business-menu-generic-link"
            jcr:primaryType="nt:unstructured"
            _strucVersion="{Long}1">
            <master
                jcr:mixinTypes="[cq:Taggable,dam:cfVariationNode]"
                jcr:primaryType="nt:unstructured"
                actionImage_x0040_LastModified="{Date}2023-10-22T10:36:34.682Z"
                ctaText_x0040_LastModified="{Date}2023-10-22T10:36:34.682Z"
                linkType_x0040_LastModified="{Date}2023-10-22T10:36:34.682Z"
                sameTabOrNewTab="_self"
                sameTabOrNewTab_x0040_LastModified="{Date}2023-10-22T10:37:10.516Z"
                subDescription_x0040_LastModified="{Date}2023-10-22T10:36:34.682Z"
                subHeading="e&amp; Tenders"
                subHeading_x0040_LastModified="{Date}2024-09-24T10:46:57.482Z"
                subHeading_x0040_LastModifiedBy="azaraheem@eand.com"
                subLink="https://www.etisalat.ae/en/smb/footer/doing-business-with-us.html"
                subLink_x0040_LastModified="{Date}2025-12-12T11:19:20.423Z"
                subLink_x0040_LastModifiedBy="amaidheen@eand.com">
                <card
                    jcr:primaryType="nt:unstructured"
                    assets="[]"
                    texts="[المناقصات ,https://www.etisalat.ae/ar/smb/footer/doing-business-with-us.html]"/>
            </master>
            <ar
                jcr:mixinTypes="[cq:Taggable,dam:cfVariationNode]"
                jcr:primaryType="nt:unstructured"
                _x0040_variationCreationDate="{Date}2023-10-22T10:37:15.707Z"
                actionImage_x0040_LastModified="{Date}2023-10-22T10:37:15.709Z"
                ctaText_x0040_LastModified="{Date}2023-10-22T10:37:15.709Z"
                linkType_x0040_LastModified="{Date}2023-10-22T10:37:15.708Z"
                sameTabOrNewTab="_self"
                sameTabOrNewTab_x0040_LastModified="{Date}2023-10-22T10:37:15.709Z"
                subDescription_x0040_LastModified="{Date}2023-10-22T10:37:15.708Z"
                subHeading="المناقصات "
                subHeading_x0040_LastModified="{Date}2024-09-24T10:47:40.643Z"
                subHeading_x0040_LastModifiedBy="azaraheem@eand.com"
                subLink="https://www.etisalat.ae/ar/smb/footer/doing-business-with-us.html"
                subLink_x0040_LastModified="{Date}2025-12-12T11:19:28.014Z"
                subLink_x0040_LastModifiedBy="amaidheen@eand.com"/>
        </data>
        <indexedData jcr:primaryType="nt:unstructured">
            <master
                jcr:mixinTypes="[dam:IndexedFragmentData]"
                jcr:primaryType="nt:unstructured"
                jcr:uuid="e2759df0-dde4-413a-8f83-0d2911403f90"
                _x0040_string_x0040_model="/conf/daas/settings/dam/cfm/models/business-menu-generic-link"
                _x0040_stringArray_x0040_variations="[ar]"
                string_x0040_sameTabOrNewTab="_self"
                string_x0040_subHeading="e&amp; Tenders"
                string_x0040_subLink="https://www.etisalat.ae/en/smb/footer/doing-business-with-us.html"/>
            <ar
                jcr:mixinTypes="[dam:IndexedFragmentData]"
                jcr:primaryType="nt:unstructured"
                jcr:uuid="e526f9b9-3df3-4208-acb9-52d641b5dbaf"
                _x0040_string_x0040_model="/conf/daas/settings/dam/cfm/models/business-menu-generic-link"
                string_x0040_sameTabOrNewTab="_self"
                string_x0040_subHeading="المناقصات "
                string_x0040_subLink="https://www.etisalat.ae/ar/smb/footer/doing-business-with-us.html"/>
        </indexedData>
        <metadata
            jcr:mixinTypes="[cq:Taggable]"
            jcr:primaryType="nt:unstructured">
            <dam:cfVariations jcr:primaryType="nt:unstructured">
                <ar
                    jcr:mixinTypes="[cq:Taggable]"
                    jcr:primaryType="nt:unstructured"/>
            </dam:cfVariations>
        </metadata>
        <model jcr:primaryType="nt:unstructured">
            <variations jcr:primaryType="nt:unstructured">
                <ar
                    jcr:description="\0"
                    jcr:mixinTypes="[cq:Taggable]"
                    jcr:primaryType="nt:unstructured"
                    jcr:title="Ar"
                    name="ar">
                    <properties
                        jcr:primaryType="nt:unstructured"
                        synchronizeWithVersion="[subHeading:5ee1f563-bc57-4236-b5c6-2aec7378ae65,subDescription:5ee1f563-bc57-4236-b5c6-2aec7378ae65,linkType:5ee1f563-bc57-4236-b5c6-2aec7378ae65,ctaText:5ee1f563-bc57-4236-b5c6-2aec7378ae65,subLink:5ee1f563-bc57-4236-b5c6-2aec7378ae65,sameTabOrNewTab:5ee1f563-bc57-4236-b5c6-2aec7378ae65,actionImage:5ee1f563-bc57-4236-b5c6-2aec7378ae65]"/>
                </ar>
            </variations>
        </model>
        <related jcr:primaryType="nt:unstructured"/>
    </jcr:content>
</jcr:root>
