<?xml version="1.0" encoding="UTF-8"?>
<jcr:root xmlns:jcr="http://www.jcp.org/jcr/1.0" xmlns:dam="http://www.day.com/dam/1.0" xmlns:nt="http://www.jcp.org/jcr/nt/1.0" xmlns:mix="http://www.jcp.org/jcr/mix/1.0" xmlns:cq="http://www.day.com/jcr/cq/1.0"
    jcr:isCheckedOut="{Boolean}true"
    jcr:mixinTypes="[cq:contentFragment,mix:referenceable,mix:versionable]"
    jcr:primaryType="dam:Asset"
    jcr:uuid="49c87efb-3dfa-4edd-b2c1-671bdf8a5983">
    <jcr:content
        cq:isDelivered="{Boolean}false"
        cq:lastModified="{Date}2025-11-28T12:13:39.982Z"
        cq:lastModifiedBy="maripaul@eand.com"
        cq:lastReplicated="{Date}2025-12-12T11:08:27.477Z"
        cq:lastReplicated_publish="{Date}2025-12-12T11:08:27.477Z"
        cq:lastReplicatedBy="workflow-process-service"
        cq:lastReplicatedBy_publish="workflow-process-service"
        cq:lastReplicationAction="Activate"
        cq:lastReplicationAction_publish="Activate"
        cq:name="healthcare"
        cq:parentPath="/content/dam/daas/cfm/header/mega-menu"
        jcr:lastModified="{Date}2023-10-21T18:58:24.184Z"
        jcr:lastModifiedBy="azaraheem@etisalat.ae"
        jcr:mixinTypes="[cq:ReplicationStatus,cq:ReplicationStatus2]"
        jcr:primaryType="dam:AssetContent"
        jcr:title="Healthcare"
        contentFragment="{Boolean}true"
        lastFragmentSave="{Date}2023-10-21T18:58:24.184Z">
        <data
            cq:model="/conf/daas/settings/dam/cfm/models/business-menu-generic-link"
            jcr:primaryType="nt:unstructured"
            _strucVersion="{Long}1">
            <master
                jcr:mixinTypes="[cq:Taggable,dam:cfVariationNode]"
                jcr:primaryType="nt:unstructured"
                actionImage_x0040_LastModified="{Date}2023-10-21T18:57:38.617Z"
                ctaText_x0040_LastModified="{Date}2023-10-21T18:57:38.617Z"
                linkType_x0040_LastModified="{Date}2023-10-21T18:57:38.617Z"
                sameTabOrNewTab="_self"
                sameTabOrNewTab_x0040_LastModified="{Date}2023-10-21T18:58:02.478Z"
                subDescription_x0040_LastModified="{Date}2023-10-21T18:57:38.617Z"
                subHeading="Healthcare"
                subHeading_x0040_LastModified="{Date}2023-10-21T18:58:02.477Z"
                subLink="#"
                subLink_x0040_LastModified="{Date}2023-10-21T18:58:02.477Z"/>
            <ar
                jcr:mixinTypes="[cq:Taggable,dam:cfVariationNode]"
                jcr:primaryType="nt:unstructured"
                _x0040_variationCreationDate="{Date}2023-10-21T18:58:10.658Z"
                actionImage_x0040_LastModified="{Date}2023-10-21T18:58:10.661Z"
                ctaText_x0040_LastModified="{Date}2023-10-21T18:58:10.660Z"
                linkType_x0040_LastModified="{Date}2023-10-21T18:58:10.660Z"
                sameTabOrNewTab="_self"
                sameTabOrNewTab_x0040_LastModified="{Date}2023-10-21T18:58:10.661Z"
                subDescription_x0040_LastModified="{Date}2023-10-21T18:58:10.660Z"
                subHeading="الرعاية الصحية"
                subHeading_x0040_LastModified="{Date}2023-10-21T18:58:23.949Z"
                subLink="#"
                subLink_x0040_LastModified="{Date}2023-10-21T18:58:23.949Z"/>
        </data>
        <indexedData jcr:primaryType="nt:unstructured">
            <master
                jcr:mixinTypes="[dam:IndexedFragmentData]"
                jcr:primaryType="nt:unstructured"
                jcr:uuid="54c7df38-bf7c-418c-888e-b75737c1c0b8"
                _x0040_string_x0040_model="/conf/daas/settings/dam/cfm/models/business-menu-generic-link"
                _x0040_stringArray_x0040_variations="[ar]"
                string_x0040_sameTabOrNewTab="_self"
                string_x0040_subHeading="Healthcare"
                string_x0040_subLink="#"/>
            <ar
                jcr:mixinTypes="[dam:IndexedFragmentData]"
                jcr:primaryType="nt:unstructured"
                jcr:uuid="eaa4696a-46fa-4df5-a490-41cf223e1014"
                _x0040_string_x0040_model="/conf/daas/settings/dam/cfm/models/business-menu-generic-link"
                string_x0040_sameTabOrNewTab="_self"
                string_x0040_subHeading="الرعاية الصحية"
                string_x0040_subLink="#"/>
        </indexedData>
        <metadata
            jcr:mixinTypes="[cq:Taggable]"
            jcr:primaryType="nt:unstructured"/>
        <model jcr:primaryType="nt:unstructured">
            <variations jcr:primaryType="nt:unstructured">
                <ar
                    jcr:description="\0"
                    jcr:mixinTypes="[cq:Taggable]"
                    jcr:primaryType="nt:unstructured"
                    jcr:title="Ar"
                    name="ar">
                    <properties
                        jcr:primaryType="nt:unstructured"
                        synchronizeWithVersion="[subHeading:d53ab5d8-b504-4c6f-a91c-d40c8fe09800,subDescription:d53ab5d8-b504-4c6f-a91c-d40c8fe09800,linkType:d53ab5d8-b504-4c6f-a91c-d40c8fe09800,ctaText:d53ab5d8-b504-4c6f-a91c-d40c8fe09800,subLink:d53ab5d8-b504-4c6f-a91c-d40c8fe09800,sameTabOrNewTab:d53ab5d8-b504-4c6f-a91c-d40c8fe09800,actionImage:d53ab5d8-b504-4c6f-a91c-d40c8fe09800]"/>
                </ar>
            </variations>
        </model>
        <related jcr:primaryType="nt:unstructured"/>
    </jcr:content>
</jcr:root>
