<?xml version="1.0" encoding="UTF-8"?>
<jcr:root xmlns:jcr="http://www.jcp.org/jcr/1.0" xmlns:dam="http://www.day.com/dam/1.0" xmlns:nt="http://www.jcp.org/jcr/nt/1.0" xmlns:mix="http://www.jcp.org/jcr/mix/1.0" xmlns:cq="http://www.day.com/jcr/cq/1.0"
    jcr:isCheckedOut="{Boolean}true"
    jcr:mixinTypes="[cq:contentFragment,mix:referenceable,mix:versionable]"
    jcr:primaryType="dam:Asset"
    jcr:uuid="4930aaa9-29a4-4b9c-9b89-c2abf4417bc5">
    <jcr:content
        cq:isDelivered="{Boolean}false"
        cq:lastModified="{Date}2025-11-28T12:13:45.249Z"
        cq:lastModifiedBy="maripaul@eand.com"
        cq:lastReplicated="{Date}2025-12-12T11:08:27.477Z"
        cq:lastReplicated_publish="{Date}2025-12-12T11:08:27.477Z"
        cq:lastReplicatedBy="workflow-process-service"
        cq:lastReplicatedBy_publish="workflow-process-service"
        cq:lastReplicationAction="Activate"
        cq:lastReplicationAction_publish="Activate"
        cq:name="collaboration"
        cq:parentPath="/content/dam/daas/cfm/header/mega-menu"
        jcr:lastModified="{Date}2025-03-11T11:05:02.165Z"
        jcr:lastModifiedBy="suvenkatachalam@eand.com"
        jcr:mixinTypes="[cq:ReplicationStatus,cq:ReplicationStatus2]"
        jcr:primaryType="dam:AssetContent"
        jcr:title="Collaboration"
        contentFragment="{Boolean}true"
        lastFragmentSave="{Date}2025-03-11T11:05:02.165Z">
        <data
            cq:model="/conf/daas/settings/dam/cfm/models/business-menu-generic-link"
            jcr:primaryType="nt:unstructured"
            _strucVersion="{Long}1">
            <master
                jcr:mixinTypes="[cq:Taggable,dam:cfVariationNode]"
                jcr:primaryType="nt:unstructured"
                actionImage_x0040_LastModified="{Date}2023-10-21T18:04:33.917Z"
                ctaText_x0040_LastModified="{Date}2023-10-21T18:04:33.917Z"
                linkType_x0040_LastModified="{Date}2023-10-21T18:04:33.917Z"
                sameTabOrNewTab="_self"
                sameTabOrNewTab_x0040_LastModified="{Date}2023-10-21T18:04:51.706Z"
                subDescription_x0040_LastModified="{Date}2023-10-21T18:04:33.917Z"
                subHeading="Collaboration"
                subHeading_x0040_LastModified="{Date}2023-10-21T18:04:51.706Z"
                subLink="#"
                subLink_x0040_LastModified="{Date}2023-10-21T18:04:51.706Z"/>
            <ar
                jcr:mixinTypes="[cq:Taggable,dam:cfVariationNode]"
                jcr:primaryType="nt:unstructured"
                _x0040_variationCreationDate="{Date}2023-10-21T18:04:57.822Z"
                actionImage_x0040_LastModified="{Date}2023-10-21T18:04:57.824Z"
                ctaText_x0040_LastModified="{Date}2023-10-21T18:04:57.824Z"
                linkType_x0040_LastModified="{Date}2023-10-21T18:04:57.823Z"
                sameTabOrNewTab="_self"
                sameTabOrNewTab_x0040_LastModified="{Date}2023-10-21T18:04:57.824Z"
                subDescription_x0040_LastModified="{Date}2023-10-21T18:04:57.823Z"
                subHeading="حلول التعاون"
                subHeading_x0040_LastModified="{Date}2023-10-21T18:05:12.503Z"
                subLink="#"
                subLink_x0040_LastModified="{Date}2023-10-21T18:05:12.504Z"/>
        </data>
        <indexedData jcr:primaryType="nt:unstructured">
            <master
                jcr:mixinTypes="[dam:IndexedFragmentData]"
                jcr:primaryType="nt:unstructured"
                jcr:uuid="a0a4788b-8f79-400a-be73-9aa42c90f328"
                _x0040_string_x0040_model="/conf/daas/settings/dam/cfm/models/business-menu-generic-link"
                _x0040_stringArray_x0040_variations="[ar]"
                string_x0040_sameTabOrNewTab="_self"
                string_x0040_subHeading="Collaboration"
                string_x0040_subLink="#"/>
            <ar
                jcr:mixinTypes="[dam:IndexedFragmentData]"
                jcr:primaryType="nt:unstructured"
                jcr:uuid="b7ea385c-ba69-4538-894f-ca22d266817c"
                _x0040_string_x0040_model="/conf/daas/settings/dam/cfm/models/business-menu-generic-link"
                string_x0040_sameTabOrNewTab="_self"
                string_x0040_subHeading="حلول التعاون"
                string_x0040_subLink="#"/>
        </indexedData>
        <metadata
            jcr:mixinTypes="[cq:Taggable]"
            jcr:primaryType="nt:unstructured">
            <dam:cfVariations jcr:primaryType="nt:unstructured">
                <ar
                    jcr:mixinTypes="[cq:Taggable]"
                    jcr:primaryType="nt:unstructured"/>
            </dam:cfVariations>
        </metadata>
        <model jcr:primaryType="nt:unstructured">
            <variations jcr:primaryType="nt:unstructured">
                <ar
                    jcr:description="\0"
                    jcr:mixinTypes="[cq:Taggable]"
                    jcr:primaryType="nt:unstructured"
                    jcr:title="Ar"
                    name="ar">
                    <properties
                        jcr:primaryType="nt:unstructured"
                        synchronizeWithVersion="[subHeading:d283d472-6b8b-46a3-b924-52161af6ffd4,subDescription:d283d472-6b8b-46a3-b924-52161af6ffd4,linkType:d283d472-6b8b-46a3-b924-52161af6ffd4,ctaText:d283d472-6b8b-46a3-b924-52161af6ffd4,subLink:d283d472-6b8b-46a3-b924-52161af6ffd4,sameTabOrNewTab:d283d472-6b8b-46a3-b924-52161af6ffd4,actionImage:d283d472-6b8b-46a3-b924-52161af6ffd4]"/>
                </ar>
            </variations>
        </model>
        <related jcr:primaryType="nt:unstructured"/>
    </jcr:content>
</jcr:root>
