<?xml version="1.0" encoding="UTF-8"?>
<jcr:root xmlns:jcr="http://www.jcp.org/jcr/1.0" xmlns:dam="http://www.day.com/dam/1.0" xmlns:nt="http://www.jcp.org/jcr/nt/1.0" xmlns:mix="http://www.jcp.org/jcr/mix/1.0" xmlns:cq="http://www.day.com/jcr/cq/1.0"
    jcr:isCheckedOut="{Boolean}true"
    jcr:mixinTypes="[cq:contentFragment,mix:referenceable,mix:versionable]"
    jcr:primaryType="dam:Asset"
    jcr:uuid="b5db7856-de27-4f5e-9411-f1330323cd84">
    <jcr:content
        cq:isDelivered="{Boolean}false"
        cq:lastModified="{Date}2025-11-28T12:13:44.842Z"
        cq:lastModifiedBy="maripaul@eand.com"
        cq:lastReplicated="{Date}2025-12-12T11:08:27.477Z"
        cq:lastReplicated_publish="{Date}2025-12-12T11:08:27.477Z"
        cq:lastReplicatedBy="workflow-process-service"
        cq:lastReplicatedBy_publish="workflow-process-service"
        cq:lastReplicationAction="Activate"
        cq:lastReplicationAction_publish="Activate"
        cq:name="azure-cloud"
        cq:parentPath="/content/dam/daas/cfm/header/mega-menu"
        jcr:lastModified="{Date}2025-03-11T11:03:37.521Z"
        jcr:lastModifiedBy="suvenkatachalam@eand.com"
        jcr:mixinTypes="[cq:ReplicationStatus,cq:ReplicationStatus2]"
        jcr:primaryType="dam:AssetContent"
        jcr:title="Cloud Solution"
        contentFragment="{Boolean}true"
        lastFragmentSave="{Date}2025-03-11T11:03:37.521Z">
        <data
            cq:model="/conf/daas/settings/dam/cfm/models/business-menu-generic-link"
            jcr:primaryType="nt:unstructured"
            _strucVersion="{Long}1">
            <master
                jcr:mixinTypes="[cq:Taggable,dam:cfVariationNode]"
                jcr:primaryType="nt:unstructured"
                actionImage_x0040_LastModified="{Date}2023-10-21T18:01:17.545Z"
                ctaText_x0040_LastModified="{Date}2023-10-21T18:01:17.545Z"
                linkType_x0040_LastModified="{Date}2023-10-21T18:01:17.545Z"
                sameTabOrNewTab="_self"
                sameTabOrNewTab_x0040_LastModified="{Date}2023-10-21T18:01:35.435Z"
                subDescription_x0040_LastModified="{Date}2023-10-21T18:01:17.545Z"
                subHeading="Cloud Solution"
                subHeading_x0040_LastModified="{Date}2023-10-21T18:01:35.434Z"
                subLink="#"
                subLink_x0040_LastModified="{Date}2023-10-21T18:01:35.435Z"/>
            <ar
                jcr:mixinTypes="[cq:Taggable,dam:cfVariationNode]"
                jcr:primaryType="nt:unstructured"
                _x0040_variationCreationDate="{Date}2023-10-21T18:01:40.519Z"
                actionImage_x0040_LastModified="{Date}2023-10-21T18:01:40.521Z"
                ctaText_x0040_LastModified="{Date}2023-10-21T18:01:40.520Z"
                linkType_x0040_LastModified="{Date}2023-10-21T18:01:40.520Z"
                sameTabOrNewTab="_self"
                sameTabOrNewTab_x0040_LastModified="{Date}2023-10-21T18:01:40.520Z"
                subDescription_x0040_LastModified="{Date}2023-10-21T18:01:40.520Z"
                subHeading="حلول السحابية"
                subHeading_x0040_LastModified="{Date}2023-10-21T18:01:54.903Z"
                subLink="#"
                subLink_x0040_LastModified="{Date}2023-10-21T18:01:54.903Z"/>
        </data>
        <indexedData jcr:primaryType="nt:unstructured">
            <master
                jcr:mixinTypes="[dam:IndexedFragmentData]"
                jcr:primaryType="nt:unstructured"
                jcr:uuid="c3bace49-fc02-46ae-a6ce-b1e76599c3ec"
                _x0040_string_x0040_model="/conf/daas/settings/dam/cfm/models/business-menu-generic-link"
                _x0040_stringArray_x0040_variations="[ar]"
                string_x0040_sameTabOrNewTab="_self"
                string_x0040_subHeading="Cloud Solution"
                string_x0040_subLink="#"/>
            <ar
                jcr:mixinTypes="[dam:IndexedFragmentData]"
                jcr:primaryType="nt:unstructured"
                jcr:uuid="690075a3-4b35-4371-8efd-d71654521ca7"
                _x0040_string_x0040_model="/conf/daas/settings/dam/cfm/models/business-menu-generic-link"
                string_x0040_sameTabOrNewTab="_self"
                string_x0040_subHeading="حلول السحابية"
                string_x0040_subLink="#"/>
        </indexedData>
        <metadata
            jcr:mixinTypes="[cq:Taggable]"
            jcr:primaryType="nt:unstructured">
            <dam:cfVariations jcr:primaryType="nt:unstructured">
                <ar
                    jcr:mixinTypes="[cq:Taggable]"
                    jcr:primaryType="nt:unstructured"/>
            </dam:cfVariations>
        </metadata>
        <model jcr:primaryType="nt:unstructured">
            <variations jcr:primaryType="nt:unstructured">
                <ar
                    jcr:description="\0"
                    jcr:mixinTypes="[cq:Taggable]"
                    jcr:primaryType="nt:unstructured"
                    jcr:title="Ar"
                    name="ar">
                    <properties
                        jcr:primaryType="nt:unstructured"
                        synchronizeWithVersion="[subHeading:ad06da1b-8272-4e7e-90fb-96bfe3ed4480,subDescription:ad06da1b-8272-4e7e-90fb-96bfe3ed4480,linkType:ad06da1b-8272-4e7e-90fb-96bfe3ed4480,ctaText:ad06da1b-8272-4e7e-90fb-96bfe3ed4480,subLink:ad06da1b-8272-4e7e-90fb-96bfe3ed4480,sameTabOrNewTab:ad06da1b-8272-4e7e-90fb-96bfe3ed4480,actionImage:ad06da1b-8272-4e7e-90fb-96bfe3ed4480]"/>
                </ar>
            </variations>
        </model>
        <related jcr:primaryType="nt:unstructured"/>
    </jcr:content>
</jcr:root>
