<?xml version="1.0" encoding="UTF-8"?>
<jcr:root xmlns:jcr="http://www.jcp.org/jcr/1.0" xmlns:dam="http://www.day.com/dam/1.0" xmlns:nt="http://www.jcp.org/jcr/nt/1.0" xmlns:mix="http://www.jcp.org/jcr/mix/1.0" xmlns:cq="http://www.day.com/jcr/cq/1.0"
    jcr:isCheckedOut="{Boolean}true"
    jcr:mixinTypes="[cq:contentFragment,mix:referenceable,mix:versionable]"
    jcr:primaryType="dam:Asset"
    jcr:uuid="e0b3ba4a-2e14-4887-9423-ff2f3628e270">
    <jcr:content
        cq:isDelivered="{Boolean}false"
        cq:lastModified="{Date}2025-11-28T12:13:33.010Z"
        cq:lastModifiedBy="maripaul@eand.com"
        cq:lastReplicated="{Date}2025-12-12T11:08:37.533Z"
        cq:lastReplicated_publish="{Date}2025-12-12T11:08:37.533Z"
        cq:lastReplicatedBy="workflow-process-service"
        cq:lastReplicatedBy_publish="workflow-process-service"
        cq:lastReplicationAction="Activate"
        cq:lastReplicationAction_publish="Activate"
        cq:name="product-sub-sec-1"
        cq:parentPath="/content/dam/daas/cfm/header/top-navigation"
        jcr:lastModified="{Date}2025-03-11T09:30:27.441Z"
        jcr:lastModifiedBy="suvenkatachalam@eand.com"
        jcr:mixinTypes="[cq:ReplicationStatus,cq:ReplicationStatus2]"
        jcr:primaryType="dam:AssetContent"
        jcr:title="Product Sub Sec 1"
        contentFragment="{Boolean}true"
        lastFragmentSave="{Date}2025-03-11T09:30:27.441Z">
        <data
            cq:model="/conf/daas/settings/dam/cfm/models/business-mega-menu-sub-section"
            jcr:primaryType="nt:unstructured"
            _strucVersion="{Long}1">
            <master
                jcr:mixinTypes="[cq:Taggable,dam:cfVariationNode]"
                jcr:primaryType="nt:unstructured"
                menuHeading="Mobile"
                menuHeading_x0040_LastModified="{Date}2023-10-21T17:12:59.973Z"
                menuSubSection="[/content/dam/daas/cfm/header/mega-menu/mobile/value-plans,/content/dam/daas/cfm/header/mega-menu/mobile/premium-plans,/content/dam/daas/cfm/header/mega-menu/mobile/uae-ksa-plans,/content/dam/daas/cfm/header/mega-menu/mobile/add-ons,/content/dam/daas/cfm/header/mega-menu/mobile/data-only-plans,/content/dam/daas/cfm/header/mega-menu/mobile/roaming]"
                menuSubSection_x0040_LastModified="{Date}2025-03-11T09:08:48.593Z"
                menuSubSection_x0040_LastModifiedBy="suvenkatachalam@eand.com"/>
            <ar
                jcr:mixinTypes="[cq:Taggable,dam:cfVariationNode]"
                jcr:primaryType="nt:unstructured"
                _x0040_variationCreationDate="{Date}2023-10-21T17:13:05.253Z"
                menuHeading="الموبايل"
                menuHeading_x0040_LastModified="{Date}2023-10-21T17:13:20.072Z"
                menuSubSection="[/content/dam/daas/cfm/header/mega-menu/mobile/value-plans,/content/dam/daas/cfm/header/mega-menu/mobile/premium-plans,/content/dam/daas/cfm/header/mega-menu/mobile/uae-ksa-plans,/content/dam/daas/cfm/header/mega-menu/mobile/add-ons,/content/dam/daas/cfm/header/mega-menu/mobile/data-only-plans,/content/dam/daas/cfm/header/mega-menu/mobile/roaming]"
                menuSubSection_x0040_LastModified="{Date}2025-03-11T09:09:55.261Z"
                menuSubSection_x0040_LastModifiedBy="suvenkatachalam@eand.com"/>
        </data>
        <indexedData jcr:primaryType="nt:unstructured">
            <master
                jcr:mixinTypes="[dam:IndexedFragmentData]"
                jcr:primaryType="nt:unstructured"
                jcr:uuid="73599eec-8af3-4a76-b8b1-65b1d182caa2"
                _x0040_string_x0040_model="/conf/daas/settings/dam/cfm/models/business-mega-menu-sub-section"
                _x0040_stringArray_x0040_variations="[ar]"
                string_x0040_menuHeading="Mobile"/>
            <ar
                jcr:mixinTypes="[dam:IndexedFragmentData]"
                jcr:primaryType="nt:unstructured"
                jcr:uuid="acec57c3-a623-4fcf-8525-a91b619889fa"
                _x0040_string_x0040_model="/conf/daas/settings/dam/cfm/models/business-mega-menu-sub-section"
                string_x0040_menuHeading="الموبايل"/>
        </indexedData>
        <metadata
            jcr:mixinTypes="[cq:Taggable]"
            jcr:primaryType="nt:unstructured">
            <dam:cfVariations jcr:primaryType="nt:unstructured">
                <ar
                    jcr:mixinTypes="[cq:Taggable]"
                    jcr:primaryType="nt:unstructured"/>
            </dam:cfVariations>
        </metadata>
        <model jcr:primaryType="nt:unstructured">
            <variations jcr:primaryType="nt:unstructured">
                <ar
                    jcr:description="\0"
                    jcr:mixinTypes="[cq:Taggable]"
                    jcr:primaryType="nt:unstructured"
                    jcr:title="Ar"
                    name="ar">
                    <properties
                        jcr:primaryType="nt:unstructured"
                        synchronizeWithVersion="[menuHeading:a64a53ee-0e7e-4e55-b4a0-1cadc96f5481,menuSubSection:a64a53ee-0e7e-4e55-b4a0-1cadc96f5481]"/>
                </ar>
            </variations>
        </model>
        <related jcr:primaryType="nt:unstructured"/>
    </jcr:content>
</jcr:root>
