<?xml version="1.0" encoding="UTF-8"?>
<jcr:root xmlns:jcr="http://www.jcp.org/jcr/1.0" xmlns:dam="http://www.day.com/dam/1.0" xmlns:nt="http://www.jcp.org/jcr/nt/1.0" xmlns:mix="http://www.jcp.org/jcr/mix/1.0" xmlns:cq="http://www.day.com/jcr/cq/1.0"
    jcr:isCheckedOut="{Boolean}true"
    jcr:mixinTypes="[cq:contentFragment,mix:referenceable,mix:versionable]"
    jcr:primaryType="dam:Asset"
    jcr:uuid="178ff14d-14c4-4bc4-98d3-7a4e3edc6bd5">
    <jcr:content
        cq:isDelivered="{Boolean}false"
        cq:lastModified="{Date}2025-11-28T12:13:36.731Z"
        cq:lastModifiedBy="maripaul@eand.com"
        cq:lastReplicated="{Date}2025-12-12T11:08:37.533Z"
        cq:lastReplicated_publish="{Date}2025-12-12T11:08:37.533Z"
        cq:lastReplicatedBy="workflow-process-service"
        cq:lastReplicatedBy_publish="workflow-process-service"
        cq:lastReplicationAction="Activate"
        cq:lastReplicationAction_publish="Activate"
        cq:name="enterprise-and-government"
        cq:parentPath="/content/dam/daas/cfm/header/top-navigation"
        jcr:lastModified="{Date}2025-03-11T23:42:28.871Z"
        jcr:lastModifiedBy="suvenkatachalam@eand.com"
        jcr:mixinTypes="[cq:ReplicationStatus,cq:ReplicationStatus2]"
        jcr:primaryType="dam:AssetContent"
        jcr:title="Enterprise And Government"
        contentFragment="{Boolean}true"
        lastFragmentSave="{Date}2025-03-11T23:42:28.871Z">
        <data
            cq:model="/conf/daas/settings/dam/cfm/models/business-menu-generic-link"
            jcr:primaryType="nt:unstructured"
            _strucVersion="{Long}1">
            <master
                jcr:mixinTypes="[cq:Taggable,dam:cfVariationNode]"
                jcr:primaryType="nt:unstructured"
                actionImage_x0040_LastModified="{Date}2023-10-23T13:22:12.398Z"
                ctaText_x0040_LastModified="{Date}2023-10-23T13:22:12.398Z"
                linkType_x0040_LastModified="{Date}2023-10-23T13:22:12.398Z"
                sameTabOrNewTab="_self"
                sameTabOrNewTab_x0040_LastModified="{Date}2023-10-23T13:23:00.932Z"
                subDescription_x0040_LastModified="{Date}2023-10-23T13:22:12.398Z"
                subHeading="Enterprise &amp; Government"
                subHeading_x0040_LastModified="{Date}2023-10-23T13:23:00.932Z"
                subLink="#"
                subLink_x0040_LastModified="{Date}2024-09-24T09:44:12.436Z"
                subLink_x0040_LastModifiedBy="azaraheem@eand.com"/>
            <ar
                jcr:mixinTypes="[cq:Taggable,dam:cfVariationNode]"
                jcr:primaryType="nt:unstructured"
                _x0040_variationCreationDate="{Date}2023-10-23T13:23:06.915Z"
                actionImage_x0040_LastModified="{Date}2023-10-23T13:23:06.917Z"
                ctaText_x0040_LastModified="{Date}2023-10-23T13:23:06.917Z"
                linkType_x0040_LastModified="{Date}2023-10-23T13:23:06.917Z"
                sameTabOrNewTab="_self"
                sameTabOrNewTab_x0040_LastModified="{Date}2023-10-23T13:23:06.917Z"
                subDescription_x0040_LastModified="{Date}2023-10-23T13:23:06.916Z"
                subHeading="الشركات الصغيرة والمتوسطة"
                subHeading_x0040_LastModified="{Date}2023-10-23T13:23:33.215Z"
                subLink="#"
                subLink_x0040_LastModified="{Date}2024-09-24T09:44:28.674Z"
                subLink_x0040_LastModifiedBy="azaraheem@eand.com"/>
        </data>
        <indexedData jcr:primaryType="nt:unstructured">
            <master
                jcr:mixinTypes="[dam:IndexedFragmentData]"
                jcr:primaryType="nt:unstructured"
                jcr:uuid="e518c7d1-15dc-414d-8c49-7fc71dbe07f1"
                _x0040_string_x0040_model="/conf/daas/settings/dam/cfm/models/business-menu-generic-link"
                _x0040_stringArray_x0040_variations="[ar]"
                string_x0040_sameTabOrNewTab="_self"
                string_x0040_subHeading="Enterprise &amp; Government"
                string_x0040_subLink="#"/>
            <ar
                jcr:mixinTypes="[dam:IndexedFragmentData]"
                jcr:primaryType="nt:unstructured"
                jcr:uuid="799e616c-3de2-416c-a620-5de3a094c998"
                _x0040_string_x0040_model="/conf/daas/settings/dam/cfm/models/business-menu-generic-link"
                string_x0040_sameTabOrNewTab="_self"
                string_x0040_subHeading="الشركات الصغيرة والمتوسطة"
                string_x0040_subLink="#"/>
        </indexedData>
        <metadata
            jcr:mixinTypes="[cq:Taggable]"
            jcr:primaryType="nt:unstructured">
            <dam:cfVariations jcr:primaryType="nt:unstructured">
                <ar
                    jcr:mixinTypes="[cq:Taggable]"
                    jcr:primaryType="nt:unstructured"/>
            </dam:cfVariations>
        </metadata>
        <model jcr:primaryType="nt:unstructured">
            <variations jcr:primaryType="nt:unstructured">
                <ar
                    jcr:description="\0"
                    jcr:mixinTypes="[cq:Taggable]"
                    jcr:primaryType="nt:unstructured"
                    jcr:title="Ar"
                    name="ar">
                    <properties
                        jcr:primaryType="nt:unstructured"
                        synchronizeWithVersion="[subHeading:2dfbff87-9f25-462b-95e3-4b1ae10fc88c,subDescription:2dfbff87-9f25-462b-95e3-4b1ae10fc88c,linkType:2dfbff87-9f25-462b-95e3-4b1ae10fc88c,ctaText:2dfbff87-9f25-462b-95e3-4b1ae10fc88c,subLink:2dfbff87-9f25-462b-95e3-4b1ae10fc88c,sameTabOrNewTab:2dfbff87-9f25-462b-95e3-4b1ae10fc88c,actionImage:2dfbff87-9f25-462b-95e3-4b1ae10fc88c]"/>
                </ar>
            </variations>
        </model>
        <related jcr:primaryType="nt:unstructured"/>
    </jcr:content>
</jcr:root>
