<?xml version="1.0" encoding="UTF-8"?>
<jcr:root xmlns:jcr="http://www.jcp.org/jcr/1.0" xmlns:sling="http://sling.apache.org/jcr/sling/1.0"
    jcr:primaryType="sling:OrderedFolder">
    <jcr:content/>
    <header/>
    <footer/>
    <footer-quicklinks/>
    <tab-with-quicklinks/>
    <hero-banner/>
    <category-cards/>
    <cross-promo/>
    <context-nav/>
    <main-text/>
    <promo-banner/>
    <newsletter/>
    <media-cta/>
    <icon-cards/>
    <qr-code/>
    <product-details-tab/>
    <special-offer-feature-banner/>
    <terms-and-conditions/>
    <terms-and-conditions-popup/>
    <home/>
    <brand-page/>
    <images/>
    <product-listing-page/>
    <pdp-with-tab-variation/>
    <smb-existing-modules/>
</jcr:root>
